article_id	sport	label	ms	title
5329	FOOTBALL	other	569	Confirmed lineups: Eintracht Frankfurt vs. Hamburger SV
84414	FOOTBALL	other	304	What can Barcelona learn from Spain’s struggles against Cape Verde?
36492	NFL	other	334	With James Cook not at Bills' OTAs, Frank Gore Jr. gets more work
103060	NFL	other	310	49ers have unique advantage in contending for Super Bowl in 2026
1970	FOOTBALL	other	308	Player Ratings: Ollie Watkins scores twice as Aston Villa beat Sunderland
20074	NBA	other	333	Charles Barkley Absolutely Destroys Jalen Duren After Lousy Performance
43659	FOOTBALL	other	318	Liverpool Face a Defining Final Day at Anfield
83110	NFL	other	383	1 huge order of business left for the Steelers before training camp | See link below ⬇️ 📸 Justin K. Aller, Getty Images
18829	NBA	other	308	50 Cent & Eminem Reunite Courtside at Pistons-Cavs Playoff Game
25593	NFL	other	323	Shirtless fans boost Cardinals to extra-innings win: ‘That was a fun environment’
35837	FOOTBALL	transfer	330	Manchester United Issued Alarming News as PSG Could Make $55M Move
4612	NBA	other	317	Spurs vs. Trail Blazers: Game 3 keys to victory
30390	NFL	other	337	Ramon Foster Set to Succeed Coach Dave McGinnis on Titans Radio
6095	FOOTBALL	other	351	Bayern Munich’s Leon Goretzka, Jonas Urbig fired up for second leg against Paris Saint-Germain
33363	NBA	other	330	Dallas Mavericks coaching opening shakes up Orlando Magic’s search
50738	NBA	other	367	Karl-Anthony Towns Trolls Cavs with IG Video Caption After Knicks Sweep to Clinch NBA Finals Berth
68111	FOOTBALL	other	341	SERIE A 2026/27 STARTS WITH TORINO v AC MILAN
11610	FOOTBALL	other	321	Doue seals vital late win as Paris Saint-Germain tighten title grip
34761	FOOTBALL	other	359	El Shaarawy announces emotional Roma farewell: “I leave with my heart full. I felt like one of you for ten years.”
94197	NFL	other	351	Cowboys Could Be Forced Into Drastic Dak Prescott Decision Amid $85M Headache
16774	NFL	other	335	Chargers rookie Jake Slaughter embracing transition to guard
89428	NFL	other	330	Jaguars roster: Where does DeeJay Dallas fit in backfield?
41852	FOOTBALL	other	317	Lazio-Pisa, le probabili formazioni di Sarri e Hiljemark
38411	NFL	other	319	Steelers' new QB embracing Aaron Rodgers return
80448	NFL	other	320	How Will Each Philadelphia Eagles Rookie Fit In With the Team?
101071	NFL	other	310	ESPN shares Detroit Lions' offseason report card, grade
96197	NFL	other	18121	South American parasite found infecting Florida panthers, study finds
75365	FOOTBALL	other	350	New VCARB 03 livery for Lawson and Lindblad for Barcelona-Catalunya GP
67565	NFL	transfer	312	Dolphins Rumors: Thomas Jr. Trade, Epenesa Signing Heat Up
82970	NBA	other	324	OKC Thunder Draft Prospect Profile: Brayden Burries
63584	NBA	other	357	Jazz Bring in BYU Standout for Draft Workout–– And It's Not AJ Dybantsa
21461	NBA	other	387	NBA tries justifying egregious, game-changing no-call in Pistons-Cavs in final seconds
48678	NFL	other	375	Capaccio: 2026 State of the Bills: Edge Rusher/Outside Linebacker | WGR Sports Radio Buffalo
80971	NBA	other	300	Is Aaron Gordon the most attractive trade piece that the Nuggets have?
28462	FOOTBALL	other	313	Locatelli reveals ‘reality’ behind ‘ugly’ Juventus defeat
50409	FOOTBALL	other	343	Next season. The new Serie B is taking shape. Cremonese returns, Sud Tirol is safe.
80696	FOOTBALL	transfer	293	Roma not giving up on Fiorentina’s Dodo
52181	NFL	other	381	Commanders OTAs Preview: Jayden Daniels' new challenge, a scary front seven, and more storylines to watch over the next few weeks
86057	FOOTBALL	other	332	Manchester United vs. Bournemouth: live game updates, stats, play-by-play
17684	NBA	other	297	Poll: Who Wins Game 5 Between Cavaliers and Pistons?
72696	FOOTBALL	transfer	310	Ewen Jaouen latest as Newcastle United consider goalkeeping options
20435	NFL	other	335	Buffalo Bills to play Chiefs on Thanksgiving, Broncos on Christmas rumored
63799	NFL	other	302	Packers rookie kicker Trey Smack struggles at Tuesday's OTA practice
49988	NFL	transfer	351	Los Angeles Rams tipped to sign 4x Pro Bowl wide receiver amid growing Puka Nacua concerns
39833	NBA	other	338	Where will the Hornets pick in the 2026 NBA Draft? Charlotte learns lottery fate
83476	FOOTBALL	other	292	Fresh Craig Bellamy links emerge as Burnley continue manager search
99959	NFL	other	301	Miami Dolphins Player Airlifted to Hospital After Training Camp Injury
32353	NBA	other	385	The Spurs say they're always learning. The Thunder have to do some learning before Game 2 as well
80909	NBA	transfer	293	Celtics & Pelicans Linked In Jaylen Brown Trade
70894	NBA	other	340	Thunder GM Sam Presti reiterates belief in Chet Holmgren after playoff disaster
18363	FOOTBALL	other	318	Unai Emery denies Villa’s clash with Nottingham Forest will define their season
68638	NFL	transfer	298	Myles Garrett To The Buffalo Bills? Here's What It Could Take
11205	FOOTBALL	other	355	FIFA World Cup 2026 Will Not Be The Last For Sunderland Veteran: Does It Serve The Club Well?
81788	FOOTBALL	transfer	386	Issa Soumaré: Feyenoord eye move for Le Havre’s Senegal-Mauritania winger
91627	FOOTBALL	transfer	291	Manchester United and Arsenal both target £60m midfielder
90555	NFL	other	331	Saints coach said the quiet part out loud about Jordyn Tyson
75958	NFL	other	323	It’s much different, McCarthy is changing Steelers routine
77843	FOOTBALL	other	297	World Cup winner criticises Jurgen Klopp for call to bench Harry Kane teammate
43290	NBA	other	301	The East is set to get crowded – and the Raptors are right in the line of fire
66507	NFL	other	344	George Pickens isn't with Cowboys for voluntary work as Schottenheimer says communication is good
75179	FOOTBALL	other	292	Manchester United star handed boost after suffering World Cup injury scare
54037	NBA	transfer	322	Clippers reportedly could consider Kawhi Leonard trade this offseason
75684	NBA	other	385	Milwaukee Bucks (CROCODILE) @ Cleveland Cavaliers (AZURE) Odds
17793	NBA	other	298	Ajay Mitchell gave the Thunder a real answer to the Jalen Williams problem
75849	NBA	other	292	Expert offers insight on Phoenix Suns' possible targets in NBA draft
33879	FOOTBALL	transfer	324	Klose ‘could return’ to Lazio if Sarri departs
12880	FOOTBALL	other	313	Real Oviedo vs Real Madrid | May 14, 2026 | La Liga Matchup
62571	NFL	other	389	Chicgao Bears' stadium proposal not voted on - what comes next? | Pro Football Talk | NFL on NBC
30979	FOOTBALL	other	325	Napoli owner demands football games to be 50 minutes and to scrap yellow and red cards
59911	FOOTBALL	transfer	291	Report: Newcastle United pushing to sign forward with £52m release clause
89270	NBA	transfer	313	Emanuel Sharp Chosen #45 in 2026 NBA Draft by Sacramento Kings
64467	FOOTBALL	transfer	386	West Ham 'dubious' Man United will pay £80m for Mateus Fernandes — BBC
61941	FOOTBALL	other	305	How Napoli could line up under Allegri, including McTominay’s new role
100688	NBA	other	315	Heat's Jahmir Young: Won't play Monday
33271	NBA	other	372	Lakers Fans Enraged As Clippers Are Deemed Favorites To Potentially Land LeBron James
363	NBA	transfer	305	A Kings' California rival may be expressing interest in DeMar DeRozan
99201	NFL	transfer	292	Vikings Could Make WR Addition? - NFL Rumors
79046	FOOTBALL	other	340	Ruben Amorim: How Jorge Mendes is engineering manager’s Milan move
51459	FOOTBALL	other	357	Napoli turns to Italiano: behind-the-scenes details of the meeting with De Laurentiis
102591	NBA	transfer	338	Former Buckeye Bruce Thornton signs rookie deal witih Rockets
96912	NBA	transfer	382	Rockets, Trail Blazers, Clippers, Jazz named sneaky landing spots for $101 million Lakers superstar
80612	FOOTBALL	transfer	299	Liverpool can complete free transfer for player Jurgen Klopp admitted would be great signing
8878	NBA	transfer	316	Chicago Bulls add 2 major pieces in Bleacher Report’s latest NBA mock draft
97749	NBA	transfer	325	Estonian center signs four-year deal with Atlanta Hawks
8006	NFL	transfer	299	Panthers feared this team would draft OT Monroe Freeling ahead of them
12223	NBA	other	384	Lottery balls left Heat at sobering loss, but here are five who could intrigue at No. 13
50173	FOOTBALL	other	331	Leeds United News: Whites men named in Wales squad as Bellamy makes tickets plea
33364	NBA	other	302	Spurs, Thunder to rule West for 'next 5-7 years,' says Magic Johnson
12558	NFL	other	310	Spotlight will shine on Packers' recent first-round picks in 2026
80412	NFL	other	333	Projecting Broncos' 53-Man Roster Before Mandatory Minicamp
26084	FOOTBALL	other	310	Stats-review: So lief Eintracht Frankfurt 2-2 VFB Stuttgart
61365	NBA	other	393	"I want to kick their ass" - Knicks Coach Mike Brown Reveals True Feelings On Facing De'Aaron Fox Following Their Controversial Kings Split
26801	NFL	other	340	CBS Sports mocks Saints to land superstar Notre Dame CB in 2027 draft
90045	NBA	transfer	302	Charlotte Hornets send LaMelo Ball to Timberwolves in blockbuster trade
11980	NFL	other	315	Jets’ Cade Klubnik’s similarities to fellow Round 4 QB Dak Prescott
21820	NBA	other	325	How Kings will approach NBA draft after Doug Christie pleads for point guard
62767	FOOTBALL	transfer	301	Unhappy Celtic star Engels targeted by Milan and Roma
47166	FOOTBALL	other	314	Real Madrid end troubled Liga season with win
47547	NBA	transfer	14975	NBA rumors: Insider hints at Wizards trying to make Giannis Antetokounmpo trade play
86632	NFL	transfer	297	Steelers insider believes Pittsburgh may have interest in Brendan Sorsby
23907	NBA	other	324	Cooper Flagg confirms relationship amid strong rookie season with Mavericks
61902	FOOTBALL	other	304	Nice begin rebuild after survival, Moncada talks planned as Cohen prepares fresh start
87895	FOOTBALL	transfer	327	England star Trevoh Chalobah 'eyed by Chelsea legend for shock transfer abroad'
52208	NFL	other	309	Bears Worked Out DE A.J. Epenesa
60907	FOOTBALL	other	363	🔙 Juve-Icardi, Pavlovic rocks Milan, Napoli🤝Alisson Santos 🔥
56443	NFL	other	331	Eagles Deadzone Debate: Will the team be better off without A.J. Brown?
26556	NFL	other	349	2026 NFL schedule release live updates: Seahawks to kick off season vs. Patriots
32639	NFL	other	316	Former Vikings QB Turned UFL Stud Lost for Season
26995	FOOTBALL	other	310	Athletic Club vs Celta de Vigo Timeline: H2H Records & Stats
57674	NFL	other	344	Vikings' Kyler Murray vs. J.J. McCarthy QB battle already looks decided
22665	NBA	other	314	Wild fight breaks out in Knicks-Hawks playoff game with referee and coach knocked to floor
12557	NFL	other	333	Spotlight will shine on Packers' recent first-round picks in 2026
26690	NFL	transfer	324	Broncos explored early tight ends, but they didn't fall to pick 62
60246	NBA	other	301	Mavericks legend seen as perfect teacher for Victor Wembanyama
41906	FOOTBALL	other	320	Serie A official line-ups: Genoa vs. Milan
11860	FOOTBALL	other	397	FC AS Monaco Monte Carlo 2-0 Angers Sporting Club de l´Ouest :: Highlights :: Videos
23982	NBA	other	379	Photos: Best images from Thunder's 125-107 Game 2 win over Lakers
28429	FOOTBALL	other	348	Cagliari Calcio vs Torino FC | December 27, 2025 | Serie A Matchup
82461	NFL	other	346	Seahawks Mailbag: Super Bowl Rings, Year 2 Nick Emmanwori & More
28056	FOOTBALL	other	311	Everton vs Sunderland LIVE! Premier League match updates, news and score
33785	FOOTBALL	other	333	Jurgen Klopp has told Liverpool what to do about signing Mohamed Salah replacement
97325	FOOTBALL	other	349	West Bromwich Albion vs. Queens Park Rangers - Boxscore - Live Score - September 12, 2026
21691	NBA	other	392	Kid Clipper Reporting Live From Gameday! | LA Clippers Hired presented by Peacock | Episode 2
59058	FOOTBALL	other	330	Paris Saint-Germain's Possible Lineup to Face Arsenal in the UEFA Champions League Final
7024	FOOTBALL	other	341	Chelsea Squad & Players 2021/2022 season, numbers
81224	NFL	other	328	Super Bowl Window Closed For 2026 Baltimore Ravens Says NFL Legend
168	NBA	other	318	Where to watch Atlanta Hawks vs Miami Heat: TV channel, start time, streaming for April 12
44962	NBA	other	346	Raptors' Scottie Barnes Has NSFW Reaction to All-Defensive Teams
2081	FOOTBALL	transfer	348	14 players who could leave Newcastle United this summer as part of big shake-up
69933	NFL	other	328	Cincinnati Bengals practice: Mic'd up behind-the-scenes moments
21063	FOOTBALL	other	349	Confirmed Women’s DFB-Pokal Final Lineups: FC Bayern Frauen vs. VfL Wolfsburg Frauen
78726	FOOTBALL	transfer	334	Forget Nick Pope: Leeds United tipped to make blockbuster goalkeeper transfer – “Bigger targets”
25131	NBA	other	312	Kenny Smith rejects claims that Lakers took LeBron James for granted: "They drafted your son"
14896	NBA	other	385	"That's my fault" - John Salley reveals how one wild party with Michael Jordan may have cost Bulls 73 wins
100993	NFL	other	311	Trio of Chargers make CBS Sports’
54772	FOOTBALL	transfer	306	Rayo Vallecano President confirms Inigo Perez exit
57394	NBA	other	331	Bob Myers Hires Cavs Exec Mike Gansey As New 76ers President
11327	FOOTBALL	other	343	Parma vs Roma Box Score - May 10, 2026 - The Athletic
32141	FOOTBALL	other	303	Xabi Alonso choose first three signings at Chelsea
13013	FOOTBALL	other	348	Osasuna vs Atletico Madrid prediction, H2H and probable lineups — May 12, 2026
67447	NBA	other	319	Sean Sweeney: Built for the Magic moment?
32996	FOOTBALL	other	306	Japan call up Kubo for World Cup after his toughest year at Real Sociedad
33186	NBA	other	381	How the Hornets SHOULD use their picks | Jayden Quaintance CLIMBS | Dylan Jackson JOINS the Show
98983	NBA	other	291	Report: Wizards add NBA legend Patrick Ewing to coaching staff
21510	FOOTBALL	other	332	Preview: Strasbourg vs Monaco - prediction, team news, lineups
6449	NBA	other	379	NBA World reacts as Cunningham, Pistons win Game 7 after Magic blow 3-1 lead
89565	NFL	transfer	383	Falcons GIVE KYLE PITTS A $54M Deal | The Big 3 in 30 NFL
91274	NFL	other	323	Dolphins Potential 2026 Offense Hit With Brutal Grade
44477	NBA	other	307	Lakers’ Luka Doncic named NBA’s second-most influential European star
64097	FOOTBALL	transfer	381	Leeds United’s €8m Defender Eyed By Bundesliga Club Again: What’s The Best Decision For Farke?
3373	FOOTBALL	other	332	Preview: Manchester United vs Brentford - prediction, team news, lineups
8017	NFL	other	13871	Daniel Jeremiah ranks 49ers draft value last among NFL teams
101752	NBA	other	298	Kings Likely Sticking With LaVine Through Offseason
17412	NFL	other	328	How Jerry Jones missed opportunity to bring Troy Aikman into Cowboys front office
89273	NBA	transfer	333	Sacramento Kings Select Houston Guard Emanuel Sharp in NBA Draft
1994	FOOTBALL	other	324	Aston Villa vs Sunderland predictions: Chris Sutton on Premier League game
24805	FOOTBALL	other	299	Preview: Pisa vs. Napoli - prediction, team news, lineups
89903	FOOTBALL	other	349	De Laurentiis: ‘Napoli cannot talk about Allegri, must improve in Europe’
86798	NFL	other	333	Gargantuan Trade Pitch Brings Bears Back into Maxx Crosby Mix
24001	NBA	transfer	384	Giannis Antetokounmpo Next Team Odds: Celtics, Heat, Warriors Viewed as Top Trade Destinations
44592	FOOTBALL	other	301	Why Is Casemiro Not Playing Tonight for Manchester United vs Brighton?
60599	NFL	transfer	348	Eagles trade up for USC’s Makai Lemon as A.J. Brown faces possible move
103000	NFL	other	302	Chicago Bears youth camp returns to Meskwaki Settlement
71551	FOOTBALL	other	333	Parma vs. Udinese - Live Score - October 27, 2026
31158	NFL	other	293	Detroit Lions rookie contract details: CB Keith Abney II
43697	FOOTBALL	other	336	Pep Guardiola is waving goodbye to the Premier League against Aston Villa, on Sunday
85484	NBA	other	295	LeBron preaches patience after Cavaliers fall to 3-3
54283	NFL	other	334	PODCAST: Houston Texans Roundup as Offseason Continues to Unfold
82014	NBA	other	293	Best Draft Picks in Memphis Grizzlies History
96390	FOOTBALL	transfer	335	Five free transfers Leeds United could complete today after snapping up Harry Wilson for free
98288	NFL	transfer	319	Atlanta Falcons Urged to Trade 29-Year-Old DB Before Roster Cuts
72297	NFL	other	333	Why James Cook's Absence From Bills OTAs Doesn't Concern Joe Brady
95725	NBA	other	325	Houston Rockets jersey history No. 20 - Jon Barry (2004-06)
8547	FOOTBALL	other	396	Villarreal CF - Sevilla FC ai prediction 13.05.2026 La Liga
64773	NBA	transfer	361	3 trades the Bucks could make with the No. 10 pick to keep Giannis in Milwaukee
84769	NBA	other	333	Orlando Magic believe they are in high demand, but one domino must fall first
5242	FOOTBALL	other	308	Sassuolo vs AC Milan Prediction and Betting Tips | May 3rd 2026
22227	FOOTBALL	other	333	Manchester City Beat Manchester United To Lift FA Youth Cup With Dramatic 2-1 Win
83639	FOOTBALL	transfer	362	Karl Etta Eyong: Ipswich linked with €15m move for Levante’s Cameroon striker
21886	NFL	other	382	T'Vondre Sweat Reacts to Jets-Titans Matchup in 2026 NFL Schedule Release After Offseason Trade
23084	NFL	other	299	Chiefs’ Preseason Schedule Reveals 2 Former Starters Returning to KC
95166	NFL	other	347	Commanders Roster Ranking No. 18: Tress Way Still Gives Washington Rare Stability
38243	FOOTBALL	other	299	Lens vs Nice: Coupe de France stats & head-to-head
6918	FOOTBALL	other	379	Strasbourg v Rayo Vallecano LIVE 07/05/2026 | Football
18251	FOOTBALL	other	356	Manchester City unveil their £10m women’s headquarters. What’s next for the new WSL champions?
41876	FOOTBALL	other	316	Watch Toulouse vs Olympique Lyonnais
16039	FOOTBALL	transfer	328	Abubacarr Kinteh: FC Köln emerge as top contenders to sign youngster
93248	NFL	other	375	Is ex-NFL player Wes Saunders on 'Outlast: The Jungle'? Former Colts, Steelers TE on Netflix show
55332	NFL	other	292	Patriots' Marcellas Dial: Present during OTAs
2184	FOOTBALL	other	342	AFC Bournemouth’s owner Bill Foley behind US takeover of Exeter Chiefs
66719	FOOTBALL	other	318	The Moments That Won Arsenal The Premier League Title Thermos (XAIp1id3T4)
53974	NBA	other	376	Novig Promo Code WTOP: Play $5, Get $50 Bonus for Cavaliers-Knicks, MLB Predictions
99281	NFL	other	349	Fred Warner has 3-word reaction to Seahawks’ Super Bowl win on 49ers’ home turf
18160	NFL	other	333	Panthers listed among biggest winners of 2026 NFL offseason
54024	NBA	transfer	324	Rockets viewed as third-best landing spot for star Cavaliers guard
89888	FOOTBALL	other	322	James Rodríguez glad he decided on Bayern Munich
43661	FOOTBALL	other	297	First look as 'vital' part of Liverpool reopens after huge transformation
83268	NFL	transfer	329	Packers re-sign RB Chris Brooks to two-year deal
27459	NBA	other	318	Hawks lottery letdown forces obvious offseason decision
36836	FOOTBALL	other	13611	Manchester Evening News. . We’re live at The Stones & Silva, the new Manchester City FC celebrating the football legends
33462	NFL	transfer	298	Prediction: New Orleans Saints Trade Alvin Kamara To The Buffalo Bills
90573	NFL	other	358	Buccaneers’ Mayfield, Wirfs Named Top 100 Players of 2026
47003	FOOTBALL	other	334	Inter Miami CF - Philadelphia Union 1 - 2 | TOR - Milan Iloski
95215	NFL	other	298	2026 Saints Player Preview: Martin Emerson Jr.
610	NBA	other	391	Malik Monk discusses frustrations, failures of Kings' 2025-26 NBA season
43947	FOOTBALL	other	381	Allegri on the Brink: Can Milan Secure Champions League Glory Against Resilient Cagliari?
85698	NBA	other	349	Polarizing Darryn Peterson could be Wizards’ pick at No. 1 as NBA draft buzz builds
31640	NFL	transfer	342	Do Eagles already have an AJ Brown trade ready to go? NFL insider says yes
59218	FOOTBALL	other	334	Where Do Barcelona Go Now After Atletico Madrid’s Brutal Julian Alvarez Response?
92618	FOOTBALL	other	334	How Alex Grimaldo impacts Roma’s move for Matteo Ruggeri
94451	FOOTBALL	other	329	Norwich City St Gallen Trip Gives Philippe Clement A Key Pre-Season Test
57024	FOOTBALL	transfer	323	BREAKING: Chelsea join Bayern and Real Madrid in chase for experienced Premier League free agent
52127	NFL	other	300	Supreme Court says Brian Flores' lawsuit against NFL (and Broncos) can proceed to trial
84746	NBA	other	318	Knicks NBA champ Landry Shamet goes incognito on the subway
14821	FOOTBALL	other	332	Liverpool players are growing tired of Arne Slot’s ‘awful’ style of football – Opinion
69073	FOOTBALL	transfer	333	Sevilla star Akor Adams attracts Olympique Marseille interest
4497	NBA	other	339	“Special kind of torture”: Knicks fans vent online after Game 4 collapse to Pacers
95206	NFL	other	303	Minicamp sheds light on Detroit Lions' plan for fixes on offense
70969	NBA	other	317	Miami Heat (KARMA) @ Toronto Raptors (SAINT JR) Odds
71435	FOOTBALL	other	332	Leicester City ‘to seriously consider’ Rene Hake as Russell Martin alternative
53297	NFL	other	277	Chargers Football
14916	NBA	other	346	Assessing the Dallas Mavericks' Needs at the 2026 NBA Draft
64935	NFL	other	330	Watch: Young Dolphins WR mic'd up during recent OTA session
14157	NFL	other	292	Seahawks the second most complete roster for 2026
82609	FOOTBALL	other	309	“I am absolutely sure…” – Ex-Leeds United ace makes bold prediction ahead of next season
52312	FOOTBALL	other	385	West Ham United will continue to accompany coach Nunu Espiritu Santo (52, Portugal).West Ham did not..
66703	FOOTBALL	transfer	300	Aston Villa join race for Serhou Guirassy amid Borussia Dortmund stance
54416	NFL	other	330	Bears are building a new model in NFC North no one saw coming
12221	NBA	transfer	326	NBA Insider Breaks Down A Miami Heat Trade For Giannis Antetokounmpo
60193	NBA	transfer	312	Celtics Predicted to Cut Ties With Fan Favorite Rising Star After 1 Season
34244	NBA	other	312	New Orleans Pelicans to play two games against Spurs in Europe at start of 2027
14368	FOOTBALL	other	316	Fofana has no intention of leaving Chelsea despite Barcelona links
12196	NBA	other	302	Meet former LA Clippers star Chris Paul's two children with glamorous fashion designer wife
59283	NBA	other	340	How the NBA's new draft lottery system would've affected the Hornets core
88805	FOOTBALL	other	332	FIFA proposes dramatic World Cup penalty shoot-out rule change after Arsenal incident
25431	NFL	other	316	Los Angeles Chargers vs. Kansas City Chiefs: live game updates, stats, play-by-play
92565	FOOTBALL	transfer	307	Fulham sign teenager Kusi-Asare on permanent deal from Bayern
20863	FOOTBALL	other	343	Schedule chaos: Roma ‘working tirelessly’ to ensure derby is played on Sunday, date still unconfirmed
33598	NFL	other	378	“THERE IS NO COACH DIRTIER THAN JIM HARBAUGH”: Craig Carton rips Chargers HC over Michigan scandal cloud
78635	FOOTBALL	other	320	Fulham hold talks with ex-Real Madrid boss Álvaro Arbeloa -- sources
89410	NFL	other	331	Titans make Jeffery Simmons highest-paid DT in NFL history
68649	NFL	other	313	Former Raiders QB Says His Success With Jets Would Be 'Like A Story In a Movie'
38684	NBA	transfer	328	76ers free agent Kelly Oubre has 8 teams in pursuit of $40.5 million contract
81116	NBA	other	335	Bob Myers just strongly hinted the 76ers are ready to open the vault
71372	FOOTBALL	other	318	Aston Villa (EXECUTIONER) v Spurs (RESISTANCE) Odds
44961	NBA	other	379	Showtime Wildcard Showdown Begins As Lagos Knights, Raptors And Rebels Fight For Final Playoff Spots
94540	FOOTBALL	other	316	Nico Paz explains decision to reject Real Madrid for Como stay
55443	NFL	other	308	Jacksonville Jaguars vs. New Orleans Saints: live game updates, stats, play-by-play
17758	NBA	other	396	Miami Heat 2026 NBA Mock Draft: Miami Lands High-Upside Wing at No. 13
47262	NFL	other	320	Analysts split on Dak Prescott as Cowboys face tough season
73881	NFL	other	344	Trio of Buccaneers Among Top 60 in Madden 27 Ratings
91086	NBA	other	387	Did the Memphis Grizzlies Get It Right With Richie Saunders at No. 32?
44473	NBA	other	307	Masai Ujiri says Luka Doncic trade played no part in dismissal of Jason Kidd
96964	NBA	transfer	358	PANIC: Wizards Running OUT of Big Man Options; A Trade FINALLY Coming? | Washington Wizards Podcast
53622	FOOTBALL	other	333	Thursday’s briefing: Glasner leaves on a high and Barcelona agree Gordon deal
50235	FOOTBALL	transfer	309	Como defender confirms he won’t return to Real Madrid after Champions League qualification
89254	NBA	transfer	328	Trail Blazers skip 2026 NBA draft after trading away both picks
32746	FOOTBALL	other	327	West Ham United and Intuit QuickBooks win silver at Football Business Awards
76055	NFL	other	350	Meet 'The Nandolorian' – Raiders Quarterback Files Trademark Application for 'Star Wars'-Inspired Nickname
16032	FOOTBALL	other	320	VfB Stuttgart vs. Borussia Dortmund preview: Feisty foes reunite once more
1164	NBA	other	335	Kris Murray Discusses Season, Play‑In Versus Phoenix
21469	NBA	other	303	3 things to watch in Pistons-Cavaliers Game 6
56013	FOOTBALL	transfer	332	Ibrahima Konate set to leave Liverpool as no agreement reached on new contract
21388	FOOTBALL	transfer	323	FC Köln still cashing in on sale of Jonas Urbig to Bayern Munich
73981	FOOTBALL	other	313	Next Fulham Manager Odds: Alvaro Arbeloa odds-on favourite
47209	FOOTBALL	other	314	VAR, substitutions and key fouls: how the Como vs Cremonese match unfolded
42192	FOOTBALL	other	400	Gerard Moreno hits 10 in LaLiga and 130 for Villarreal but left out of Spain’s 55-man provisional list
84536	FOOTBALL	transfer	377	Justin Diehl: Hannover 96 eye Stuttgart’s Germany-Ghana winger in €1.20m move
65196	NFL	other	15896	Seahawks' Sam Darnold sees little 'transition' with Brian Fleury's offense
21929	NFL	other	337	Analyzing the Browns' Easiest 2026 Schedule Stream of National Football League
83064	NFL	other	374	Rob Gronkowski Offers Eye-Catching Response As Mike Vrabel Controversy Continues To Shadow New England Patriots
67903	FOOTBALL	transfer	299	PSG, Arsenal, Manchester United Competing for $100M-Rated Player
53638	FOOTBALL	other	362	PREVIEW | Fiorentina vs Atalanta: team news, lineups, predictions (Serie A 22/05)
381	NBA	other	316	Why Luka Doncic was slapped with $50,000 fine after Knicks game
50141	FOOTBALL	transfer	350	Lazio transfer news: Isaksen refuses to play as Bologna and Feyenoord target Noslin
93022	NBA	other	337	Hornets fans are about to find out why Timberwolves fans love Naz Reid so much
46692	NFL	other	343	Projected win totals for all NFL teams (including Bears) in 2026
81009	NBA	transfer	329	Pacers' Potential Trey Murphy III Trade Framework Suggested
100860	NFL	other	297	Demario Davis' return brings the Jets something they've missed
30717	FOOTBALL	other	335	‘I want to play against the best’ - Lewis Hall sends Newcastle United message
100175	NFL	other	325	Atlanta Falcons News: NFL Disregards Tua, Falcons
95634	NBA	transfer	334	Jaylen Brown for Paul George?! Trying to make sense of Celtics’ stunning trade
15399	NFL	other	342	Falcons rookie minicamp report and summer wish list: Tuesday Takes with Tre’Shon
21774	NBA	other	365	Victor Wembanyama's all-time NBA starting 5: Spurs star leaves out Kobe Bryant, Magic Johnson
69555	NBA	other	325	NBA Notes: Spurs, Victor Wembanyama, Thunder, Isaiah Hartenstein, Jazz
30935	FOOTBALL	other	348	Paris SG (VIRUS) v FC Bayern Munchen (AMBASSADOR) Odds
93050	NBA	other	311	Los Angeles Lakers (PRESTIGE) @ Oklahoma City Thunder (WAVE) Odds
34032	FOOTBALL	other	300	Freiburg vs. Aston Villa: Europa League Final Preview, Predictions and Lineups
71257	NFL	other	292	Analyst Lays out What Buccaneers Might Pay Mayfield
26622	NFL	other	325	Browns make painful decision on star defender to start minicamp
85659	NBA	other	338	Kings' Ja Morant Trade Rumors Should Quiet Down After NBA Draft
58203	FOOTBALL	other	335	Domenico Tedesco set to become Bologna manager, deal done
78512	NFL	other	299	Brian Urlacher blames Illionis Democrats as to why Bears are moving
46378	NBA	other	343	Wembanyama answers the call again, Spurs top Thunder to tie West finals at 2-2
95124	NFL	other	341	The Chargers' Biggest Remaining Weakness Entering the 2026 Season
57067	FOOTBALL	other	328	Tedesco: Bologna to replace Italiano with ex-Belgium and Fenerbahce coach
50583	NBA	other	383	LaMelo Ball All-NBA REACTION | Hornets SNUBBED again | NBA Draft RUMORS
102257	FOOTBALL	transfer	340	Done Deal: Lazio Agree to Sell Mario Gila to AC Milan – Figures Revealed
48028	FOOTBALL	other	317	Senegal star Ismaila Sarr voted Crystal Palace Player of the Season after stellar campaign
85312	FOOTBALL	transfer	281	Milan Linked to Real Madrid and Barcelona Defenders
88326	NBA	other	351	Is Morez Johnson Jr. Related to Magic Johnson? A Look at the NBA Draft Prospect’s Family Ties to the Lakers Legend
92417	NFL	other	307	Packers’ Matthew Golden gearing up for Year 2, gives back with Titletown youth camp
89948	FOOTBALL	other	360	SSV Jeddeloh II vs. Heidenheim - Playbyplay - Live Score - August 23, 2026
19295	NFL	other	332	49ers defense may have gotten major gift from Indianapolis Colts
64986	NFL	transfer	330	Texans bolster trenches, trade up for Ohio State DL Kayden McDonald
58271	NBA	transfer	334	Recent NBA mock draft pairs Hornets with another 3-point shooter
5430	FOOTBALL	other	310	Lyon v Rennes LIVE 03/05/2026 | Football
32273	NBA	transfer	341	Trade Ideas for the Pacers to Land a Win-Now Defensive Player
12563	NFL	other	338	Minnesota Vikings to induct ex-RB Adrian Peterson into Ring of Honor
63265	NBA	other	336	Kevin Garnett blasts Victor Wembanyama for crying after beating OKC in Game 7
55398	NFL	other	386	Cincinnati Bengals facing explosive $25 million decision that could reshape franchise before 2026 season
28793	NBA	transfer	382	Lakers, Knicks could leapfrog Warriors in Giannis Antetokounmpo trade sweepstakes based on recent rumor
58901	FOOTBALL	other	300	Next Leicester City Manager Odds - Russell Martin Heads The Betting Market
95767	NBA	other	300	What Ja Morant assured Blazers after Grizzlies trade
91799	FOOTBALL	other	307	News Comments No Real Madrid, no Inter, but Como – Nico Paz stays by the lake
20521	NFL	other	292	2026 Colts Schedule Tracker: Live Updates
16321	FOOTBALL	other	314	Pundit calls for Bayern Munich’s Harry Kane to win individual award
40044	NBA	other	386	Van Gundy, Splitter, Nori emerge as finalists in Trail Blazers coaching search: Reports
5959	FOOTBALL	transfer	347	Chelsea 'poised to submit offer' for defender with Badiashile 'moving other way'
61933	FOOTBALL	other	332	Macron congratulates Paris Saint-Germain after their second Champions League title victory
86464	NBA	other	348	Ja Morant and the New Orleans Pelicans: a high-risk bet that could change the future of both franchises
43181	NBA	other	327	Miami Heat Trade Asset Rankings: Who Holds the Most Value?
58552	NFL	other	320	CJ Stroud's offseason trajectory is encouraging for Texans
50368	FOOTBALL	transfer	345	Real Madrid reach 'agreement' and 'want' Chelsea duo after Alonso decides to get rid
61519	NFL	other	339	Chiefs coach issues warning to Rashee Rice after NFL star was jailed: 'Life lessons are important'
40363	NFL	other	328	Tampa Bay Buccaneers: Good & Bad News for 2026 Season
70070	NFL	other	289	New Kyler Murray Prediction Could Change Vikings’ Future
81225	NFL	other	292	Ravens invest $1 million in Baltimore gun violence prevention efforts
37182	FOOTBALL	other	292	Aston Villa swat Freiburg aside to clinch Europa League title
236	NBA	other	304	Shaq credits DeAndre Ayton for his impact in Lakers' Game 1 win
7845	NFL	other	284	Jaguars Rookie Camp Football
62943	FOOTBALL	other	319	CD Castellon v Almeria Odds
45210	NFL	transfer	404	Lions Could Extend RB Jahmyr Gibbs Soon; Team Still Interested In New Deal For TE Sam LaPorta - NFL Rumors
63261	FOOTBALL	other	403	Chelsea star Alejandro Garnacho shows off massive new movie-inspired tattoo that covers his entire back
74371	NBA	other	349	'Dumbest Team In History Of Civilization': Charles Barkley Blasts Spurs After De'Aaron Fox's Game 4 Mistake
18213	FOOTBALL	other	448	WEST HAM UNITED 0-1 ARSENAL ( @kelechitube - FAN REACTION) - Premier League 25/26 Person Of Interest (pdZ7KktTRO)
79462	NFL	other	353	No more star treatment! Steelers ready to cut ties with 42-year-old Aaron Rodgers
27120	FOOTBALL	other	380	Real Sociedad vs Valencia Prediction, 5/17/2026 Soccer Pick, Tips and Odds
45964	NFL	other	329	Where does Cowboys' offense rank even without Dak Prescott? Higher than you think
13405	FOOTBALL	other	351	Shot J Palhinha (36) Tottenham Hotspur 0 - 0 Leeds
85586	NBA	transfer	298	Timberwolves shop Randle, DiVincenzo, and pick for co-star
4527	NBA	other	290	Why Heat should target this under-the-radar free agent wing
39745	FOOTBALL	other	291	Valencia vs. Barcelona: Preview, Predictions and Lineups
34513	NFL	other	286	Commanders fans just got the offseason sign they desperately needed
35797	FOOTBALL	transfer	315	Manchester United Are Facing Stiff Competition For This West Ham United Winger: Is He Worth The Fight?
7716	NBA	other	316	NBA players offer conflicting reviews of Jazz coach Will Hardy
86267	FOOTBALL	other	312	Lecce vs Como
98756	NBA	other	337	Caleb Wilson, Derrick Rose viral Bulls picture will catch fans’ attention
76777	NBA	other	308	A Celtics title under his belt, Jayson Tatum is enjoying the 2026 NBA Finals
36895	FOOTBALL	other	336	Declan Rice's FaceTime hours after Arsenal win title as he makes Man City claim
54250	NFL	other	382	T.J. Watt Becomes Richest Defender in NFL History, Pittsburgh Steelers Shatters Defensive Salary Records
80507	NFL	other	378	Bears Landing Spot for 11-Time All-Pro Defender Amid Injury Concerns
47837	NFL	other	305	49ers owner Jed York addresses potential Brandon Aiyuk return
48384	NBA	transfer	333	Hawks, Rockets, Trail Blazers Interested In Jaylen Brown?
69497	FOOTBALL	other	305	AFC Bournemouth | All the info, news and scores
101897	NFL	other	307	Titans' Jeffery Simmons is disrespected on NFL’s top 100 list
348	NBA	other	291	Stephen Curry’s NBA play-in tournament record despite another Warriors disaster
19469	NFL	other	311	REPORT: Bears-Panthers Will Kick Things Off in Week 1
27269	FOOTBALL	other	369	Levante vs Mallorca Prediction, 5/17/2026 Soccer Pick, Tips and Odds
54862	FOOTBALL	other	377	Monza vs Catanzaro Live Stream & Predictions – Monza to Finish the Job in Serie B Playoffs
833	NBA	other	334	Isaac Okoro on Bulls’ season, trade uncertainty and defensive identity
37455	NBA	other	333	NBA players predict where Giannis Antetokounmpo will play as Celtics rumors grow
79140	FOOTBALL	other	307	The top 10 biggest rejected bids in football history after Real Madrid’s Julian Alvarez move
88836	FOOTBALL	transfer	333	Arsenal in talks with Leicester City for Jeremy Monga transfer
61055	FOOTBALL	transfer	328	Report Udinese open to Inter loan proposal for Solet
36295	NBA	other	332	2 Early Names Reported as Candidates for Dallas Mavericks Head Coach Opening
66424	NFL	other	312	2026 NFL draft: Tennessee Titans undrafted rookie free agent tracker
55580	NFL	other	374	Can Falcons' Tua Tagovailoa survive 'career crossroads' in 2026?
18516	FOOTBALL	other	349	Ezzalzouli and Amrabat inspire Real Betis to historic Champions League return after 21-year wait
138	NBA	other	298	Dallas Mavericks - Golden State Warriors 131:137
72037	NBA	other	310	Bulls news: Mike Brown sends condolences to Stacey King's family after passing
54170	NBA	other	284	Which Raptors received votes for the NBA Awards?
102552	NBA	other	311	$6 billion rich Mark Cuban makes huge allegations against Dallas Mavericks governor Patrick Dumont
82356	NFL	other	331	Jayden Daniels embraces leadership role as Commanders enter 2026
25659	FOOTBALL	other	335	Manchester United offer Michael Carrick two-year deal to become the permanent boss at Old Trafford
40918	FOOTBALL	other	333	Freiburg vs. Aston Villa Europa League prediction, start time, how to watch
33041	FOOTBALL	transfer	290	Hoffenheim officially win race for highly-rated German youth international
3509	FOOTBALL	other	380	Wolves vs Tottenham Hotspur Prediction and Betting Tips | April 25th 2026
38486	NBA	other	333	Sixers in awe of Joel Embiid after dominant Game 5 vs. Celtics
95759	NBA	other	331	New Lakers big man makes first reaction after free agency signing
26948	FOOTBALL	other	340	Prince William attends the FA Cup Final before supporting Aston Villa as a soccer fan
102606	NBA	transfer	333	Clippers Want to Hold on to Young Wing in Peyton Watson Pursuit
74597	NBA	transfer	306	Cleveland Cavaliers Target Kawhi Leonard in Potential Offseason Blockbuster
93387	NFL	other	291	A Deeper Look At The Saints Offense From 2025
14107	NFL	other	291	Martin Emerson Jr. shares injury update before Saints training camp
73725	NFL	transfer	311	Rapoport on Jonathan Taylor entering contract year with Colts: 'He deserves a new deal' 'The Insiders'
75136	FOOTBALL	other	304	Arsenal vs Chelsea LIVE: Latest Women's Super League updates
37503	NBA	transfer	330	Nuggets Two-Round Mock Draft: Denver Lands Two Versatile Prospects
80422	NFL	other	385	NFL analyst makes himself look silly in more ways than one when talking about the offseason the Raiders had with Maxx Crosby
74459	NBA	other	409	Highlights: Julian Champagnie's Top Plays | 2022-23 San Antonio Spurs Season Benjamin Nygren (3oFcWhDegn)
88971	FOOTBALL	other	355	Panama v Croatia: Confirmed line-ups as Luka Modric makes 200th international appearance
81961	NBA	transfer	329	Spurs named landing spot for $60 million Warriors NBA champion veteran
81155	NBA	other	335	The Best Player Available Myth is Tanking the Toronto Raptors Draft Strategy
62951	FOOTBALL	other	328	Juventus 2025-26 Season Ratings: The Defenders
45329	FOOTBALL	other	354	Liverpool v Brentford: Confirmed line-ups and team news as Salah and Robertson start
75181	FOOTBALL	transfer	333	Bayern Munich eyeing Liverpool striker, Borussia Dortmund and Manchester United also interested
58781	NFL	transfer	362	NFL trade rumor: Kansas City Chiefs and Buffalo Bills emerge as potential landing spots for Arizona Cardinals’ $76M defensive star
38194	FOOTBALL	other	308	Match Stats | Fiorentina vs Atalanta | 22.05.2026
20515	NFL	other	365	"When it comes to the script NFL really is WWE with helmets": Fans react as Robert Saleh's Titans set to face Jets in Week 1
84071	NFL	other	301	Why new Jaguars coach wanted to work with Anthony Campanile again
89494	NFL	other	321	Giants' Jaxson Dart: Adjusting well to new offense
41284	NBA	other	331	Rudy Gobert urges Timberwolves to fix habits after another playoff exit
31851	FOOTBALL	other	337	Could Pep Guardiola Shock the World by Joining Manchester United after leaving Man City?
63854	NFL	other	331	Drake London signs $141M deal with Falcons, becoming third highest-paid receiver in NFL: reports
57590	NFL	other	316	Chiefs QB Patrick Mahomes discusses OC Eric Bieniemy's standards
100852	NFL	other	333	Bills DC Jim Leonhard must tackle late-down struggles for Buffalo defense
10361	FOOTBALL	other	327	Ederson sparkles against Milan for Atalanta as Manchester United prowl again
83500	FOOTBALL	transfer	326	Nottingham Forest enters race to sign Arsenal man
59669	NFL	other	330	Chargers TE Charlie Kolar Could Be TE1 - NFL Rumors
82067	NBA	other	321	Max Kellerman believes Jalen Brunson could have led the Thunder past the Spurs
91119	NBA	transfer	299	Celtics’ Jaylen Brown offer to Timberwolves revealed after LaMelo Ball trade
30234	NBA	other	374	Paolo Banchero gives blunt assessment of Magic after another early playoff exit hours before team fires coach: 'I can't say we're good enough'
46557	NFL	other	348	AFC Notes: Nico Collins, Woody Marks, Colts, Jaguars, Texans
53652	FOOTBALL	other	291	Cesc Fabregas speaks out on his future after leading Como to Champions League
95729	NBA	other	315	How Lakers Should Replace Marcus Smart After Rockets Signing
100360	FOOTBALL	other	319	Nottingham Forest officially release former Manchester United manager
65090	NFL	other	334	'Surreal' is now reality in second act for Odell Beckham Jr., Giants
77841	FOOTBALL	other	331	England recover World Cup gear after Harry Kane's boots and training kit stolen
33721	NFL	other	315	Where Things Stand With The Carolina Panthers Offense Following the 2026 NFL Draft
4029	FOOTBALL	other	335	Chelsea's Mudryk takes drugs ban appeal to CAS
55795	FOOTBALL	other	385	Burgos vs Granada Prediction, Betting Tips & Odds | 29 May 2026
22278	FOOTBALL	other	337	Arsenal FC - Burnley FC prediction & tips 18.05.2026
36440	NBA	other	323	The Trail Blazers have laid off employees as part of a restructuring effort
39400	FOOTBALL	other	392	‘You Just Don’t Want To Listen’ – Leylah Fernandez’s Father’s Concerning Insults at Her in Strasbourg Emerge
10457	NFL	other	291	Roundtable: Lions 2026 Schedule Preview
71805	NBA	transfer	284	Lakers among potential Kyrie Irving suitors
45014	NFL	transfer	350	NFL Trade Rumors: Los Angeles Chargers and Miami Dolphins emerge as surprise landing spot for $4M Pittsbu
17867	NBA	other	302	Winners and losers from the Cavaliers game 3 loss to the Toronto Raptors
7943	NFL	other	320	What’s the latest with the Vikings search for a new general manager?
12962	FOOTBALL	transfer	382	Meet Francis Onyeka: Super Eagles’ future No 10 wanted by RB Leipzig, Schalke
82806	NBA	other	318	Hornets' Batum will play vs. Wizards
40685	FOOTBALL	other	318	Lens Beat Nice 3-1 to Win French Cup Final
26831	NFL	other	345	Carolina Panthers 2026 schedule: CBS Sports reveals one good, bad thing for upcoming season
7374	NFL	other	348	Ranking the Lions’ Toughest Non-Divisional Opponents in 2026
61179	NBA	other	328	Cavaliers Already Have Obvious General Manager Replacement for Mike Gansey
60230	NBA	other	15302	Cavaliers' explanation of James Harden trade just exposed Donovan Mitchell
18883	FOOTBALL	other	295	Yan Diomande fuelled by Liverpool and elite club interest
10543	NBA	other	307	Cooper Flagg Vacations in Turks and Caicos with Rumored Girlfriend Arianna Roberson
97096	NFL	other	306	Top 100 Players AFC West: Kansas City Chiefs Stream of National Football League
39729	FOOTBALL	other	306	Chelsea
19284	NFL	other	312	WR expert explains what makes Carnell Tate a perfect Titans fit to turn Cam Ward's statistical weakness into a strength
67058	FOOTBALL	transfer	327	Tottenham submit formal offer to sign Jan Paul van Hecke
66536	NFL	other	321	Christian Watson contract analysis: Packers lock down most valuable WR
87717	NFL	other	322	Video - There’s Just One Key for Green Bay Packers’ Brandon Cisse as a Rookie CB
45552	FOOTBALL	other	291	Luton Town – Fortunes Can Change So Quickly In This Game
103072	NFL	transfer	315	Cardinals, Seahawks Get Big Trade Idea Involving James Conner
36420	NBA	other	344	Derek Fisher, Magic Johnson and the 10 worst head-coaching hires in NBA history
25576	NFL	other	290	Seahawks news 5/14: Happy schedule release day!
37532	NBA	other	325	The Rockets May See A Better Version of Kevin Durant
48105	FOOTBALL	transfer	315	Ipswich Town stay unlikely as loan man prepares for talks with Scottish Premiership club
69655	NBA	other	375	Who was Stacey King? Three-time NBA champion and Bulls legend dead at 59 - Check cause of death
27624	NBA	other	298	KAT’s Playmaking Revolution Sparks Knicks’ Historic Playoff Surge
91534	NFL	other	311	Secret Starter Gives Seahawks Edge Over Rams
2822	FOOTBALL	other	332	Real Madrid boss continues to gripe about Champions League loss to Bayern Munich
28997	NFL	other	294	Patriots might have a Kayshon Boutte problem
34912	FOOTBALL	other	334	Mallorca v Oviedo Half Odds
14927	NBA	other	334	Josh Kroenke already told the Nuggets this offseason will not be cosmetic
21577	NBA	transfer	372	All Future Atlanta Hawks Draft Picks, Swaps & Protections in 2026, 2027 & Beyond
86887	NFL	other	275	Cardinals Love Football
92102	NBA	transfer	293	Pelicans decline team option on three-time NBA champion Kevon Looney
33373	NBA	other	337	Report: Mercury GM Nick U’Ren to interview for lead 76ers exec job
55497	NFL	other	312	Eagles rookie already made a strong first impression on Jordan Davis
66172	NBA	other	389	Luka Doncic, Lakers Top Fit for $60 Million Big Man Starring in NBA Finals
100579	NBA	other	384	Tiago Splitter just hinted at his Bulls game plan for the 2026-27 NBA season
67196	FOOTBALL	transfer	321	Zadok Yohanna sparks Chelsea, Man City transfer battle
70832	NBA	other	307	What No. 3 draft pick means for Memphis Grizzlies, Ja Morant's future
78387	NFL	other	310	Return for Colts’ Alec Pierce likely to be mid-to-late training camp
101613	NBA	transfer	338	NBA insider reveals contract for Rockets rookie Bruce Thornton Jr.
49287	FOOTBALL	other	317	FC Bayern Munchen (DART) v Paris SG (TUSK) Odds
43610	NFL	other	335	There is an unusual quirk about the Seahawks' 2026 regular season schedule
85745	NFL	other	346	Mike Preston: Marvin Lewis knows hurdles facing Ravens’ Anthony Weaver | Commentary
32310	NBA	other	304	Bucks expected to add draft picks
90915	FOOTBALL	transfer	300	Lens close to agree deal with Hertha BSC for Michaël Cuisance
89463	NFL	transfer	298	Matthew Stafford Reveals Contact With Raiders’ Tom Brady After Trade Interest
16312	NBA	other	384	Cade Cunningham scores 23, Tobias Harris has 20 to help Pistons beat Cavs 111-101 in Game 1
59608	NFL	other	286	Titans Football
899	NBA	other	322	Celtics' Neemias Queta: Not listed on injury report
84666	NBA	other	328	Rockets Legend With Some Hilarious Words After Knicks Won NBA Finals
83645	FOOTBALL	other	334	Cucurella faces the cameras: “I had no doubts about going to Real Madrid”
1195	NBA	other	290	Rockets' Amen Thompson: Finishes with 17 points
68629	NFL	other	350	Khalil Jacobs, New England Patriots Player Props | Get the Latest NFL Odds and Insights.
2213	FOOTBALL	other	324	Werder Bremen - Bayern Munich
50729	NBA	other	338	Pelicans new coach Jamahl Mosley expects to handle success better in New Orleans than in Orlando
2045	FOOTBALL	other	326	Fulham boss Silva: Brentford draw not a good point
62529	NFL	transfer	321	Giants sign this veteran WR instead of Odell Beckham
33407	NBA	other	328	3 Priority Kings Trade Targets Nobody Is Talking About
10094	FOOTBALL	other	303	Germany: Still no European Cup ticket for Europa League finalists Freiburg | blue News
30362	NFL	other	350	Which Browns Storylines Are Worth Paying Attention to at OTAs (And Which Aren't)
35380	NBA	other	335	Photos: Spurs vs. Oklahoma City Thunder | 05/20/26
49132	FOOTBALL	other	323	Como celebrate Champions League triumph with open top bus parade
1283	NBA	other	311	Brandin Podziemski acknowledges viral 30-point post after career night
25426	NFL	other	333	Raiders Need To ‘Play Their Way Into Primetime,” According to NFL Broadcast Planner
10960	NFL	other	339	4,300-Yard Pro Bowler Sends Clear Message After Texans Trade Speculation
10330	FOOTBALL	other	409	🔴 LIVE NOW! 🔥 Paris Saint-Germain Vs Bayern Munich | INSANE MATCH YOU CAN’T MISS! 😱⚽ (VqOHGI8I55)
23166	NFL	other	303	Vikings' Justin Jefferson wakes up with 'GMFB' breaking down QB room
100046	NFL	other	337	Todd McShay boosts Chiefs’ defense, receiving corps in mock draft 3.0
26170	FOOTBALL	transfer	340	Real Madrid captain Dani Carvajal set to leave club this summer - The Athletic
78171	NBA	transfer	385	Timberwolves Trade For Giannis 'Very Unlikely': 5 Other Stars They'll Target, Including Kyrie Irving
22005	NFL	other	336	Raiders targeted by Chargers, other teams in NFL schedule release videos
72210	NBA	other	316	Mike Gansey reveals draft, roster building philosophy as 76ers move on
96597	FOOTBALL	other	324	FC Andorra vs. Las Palmas - Live Score - May 02, 2027
6551	FOOTBALL	other	349	Which player can Bayern Munich least afford to be ‘off’ against Paris Saint-Germain in the Champions League?
53258	NFL	other	346	Who is Jaguars' true 'best-kept secret' heading into 2026 NFL season?
13968	NFL	other	326	Colts' Charvarius Ward ruled out vs. Cardinals after pregame collision with teammate
2113	FOOTBALL	other	345	Goal M Gibbs-White (69) Nottm Forest 2 - 1 Burnley
45207	NFL	other	324	Lions vs. Bills Week 2 matchup listed as highest-priced NFL ticket
34661	FOOTBALL	other	334	Chelsea vs Tottenham Hotspur costs gamer Ksh229,000
78001	FOOTBALL	other	310	Carlo Ancelotti regretting not picking Chelsea’s Joao Pedro after Brazil’s World Cup opener
17425	NBA	other	357	Pistons Facing Major Playoff Problem as Jalen Durens Sudden Collapse Threatens Detroits NBA Future
29350	FOOTBALL	other	331	“I’m grateful” – Liverpool star sends heartfelt message to teammates
32789	FOOTBALL	other	316	Enzo Maresca's chances of succeeding Pep Guardiola at Manchester City receive major update
44756	NBA	transfer	387	Rockets’ Future Draft Picks Could Gut The Suns and Nets To Build A Powerful Houston Dynasty By 2027
46981	FOOTBALL	other	325	Will Barcelona’s latest Champions League triumph mark the end of an era?
17637	NBA	other	315	Trade up, stay put, or trade down? What is the most likely outcome for the Hornets?
16715	NFL	other	291	Colts release free agent defender just weeks after signing him
60472	NFL	other	301	Lamar Jackson praises new Ravens 'At Your Best' practice drill
86307	NBA	other	334	Charlotte Hornets and Miles Bridges May Finally Be Headed for a Divorce
103175	FOOTBALL	transfer	312	Guimaraes asks to leave Newcastle United amid Arsenal interest
21927	NFL	other	386	Cincinnati Bengals vs. Cleveland Browns - Live Score - December 06, 2026
39006	NFL	other	15104	Brock Purdy just twisted the knife on Buccaneers fans after losing Mike Evans
433	NBA	other	301	NBA World Reacts To Kevin Durant Announcement Before Rockets-Lakers Game
69879	NFL	other	325	Jets 2026 Preseason Schedule Announced, Giants Matchup Closes Summer Slate
68773	NFL	other	429	New York Jets Vs. Los Angeles Chargers Odds, Betting Lines, Score & Stats (November 22, 2026) | FanDuel Research
3125	NFL	other	305	NFL draft: Brad Holmes’ best picks as Detroit Lions GM
2491	FOOTBALL	other	342	Benevento 0-1 Sassuolo (12 Apr, 2021) Final Score
67152	FOOTBALL	transfer	359	Arsenal transfer news: Mikel Arteta handed boost in race for Eli Junior Kroupi as PSG drop out of race - Paper Talk
41488	NFL	other	295	Paul Kuharsky slams Titans for Ramon Foster radio hire
12362	NFL	other	402	NFL Analyst Suspects New England Patriots Want NDA For Mike Vrabel, Dianna Russini Amid Alleged Affair
77422	FOOTBALL	other	334	Watford legend and ex Wolves manager Kenny Jackett dies at 64- tributes paid
98622	FOOTBALL	transfer	322	Report Gaetano done deal for Atalanta at €11m plus bonus
93198	NFL	transfer	313	Steelers Star Defender Gets Latest Critical Extension News
101026	NFL	transfer	310	CB Rasul Douglas, Commanders Signs One-Year, $3.8M Deal
98690	FOOTBALL	other	354	Karlsruher SC vs. Holstein Kiel - Live Score - December 05, 2026
31501	NFL	other	342	Jeffery Simmons' anger over T'Vondre Sweat trade shows Jets made the right move
83368	NFL	other	312	SEC in the NFL: Andrew Whitworth talks Rams' plan for Ty Simpson and Keagen Trost
74442	NBA	other	339	Devin Vassell And Spurs Square Off Against Knicks In Game 4
48061	FOOTBALL	transfer	326	Leeds United have four-cap international goalkeeper on their 'radar'
101846	NFL	other	307	Cleveland Browns at Baltimore Ravens - NFL Game Summary - Dec 27, 2026
77134	NFL	other	308	Full 2026 Schedule Breakdown: Tennessee Titans Stream of National Football League
25630	FOOTBALL	other	351	Why Salah’s final message to Arne Slot is a warning for Liverpool’s future
80512	NFL	other	302	Former Lions Great Calvin Johnson Identifies Potential Record-Breaker
101175	FOOTBALL	transfer	332	Report: Tottenham Hotspur ready to launch £85m bid for Premier League forward
96909	NBA	transfer	335	NBA Free Agency: Rockets, Tari Eason, Thunder, Kenrich Williams, Suns
92445	NFL	other	299	Lions cornerback Terrion Arnold arrested in Florida after kidnapping, robbery: police
58917	FOOTBALL	other	339	Des Walker Nottingham Forest Career: The Defender Behind Forest's Last Great Team
66858	FOOTBALL	other	432	Wirtz & Co. Extend Their Streak! | Bayer 04 Leverkusen - VfL Wolfsburg 2-0 | Highlights | Bundesliga Aston Villa (ULtTLwDawK)
47742	NFL	other	389	Commanders Spend $100M On Oweh After ‘Panic’ Offseason Guts Roster
72652	FOOTBALL	other	315	Why Manchester United Will Compete on All Fronts Under Michael Carrick
81541	FOOTBALL	transfer	338	Tuesday's Everton News: Branthwaite to replace Stones, Heath departs, multiple links
7609	NBA	other	301	San Antonio Spurs at Minnesota Timberwolves odds, picks and predictions
94560	FOOTBALL	other	329	Palace win first European trophy with Conference League triumph over Rayo Vallecano
49254	FOOTBALL	other	371	Freiburg 0-3 Aston Villa: Latest updates as Unai Emery's side lift Europa League - as it happened
4745	NFL	other	322	One Titans player who just dodged a major draft-day bullet
25404	NFL	other	331	Xavier Worthy breakout season could be crucial for Chiefs
60365	NBA	other	350	Spurs-Thunder will be record-tying 5th Game 7 in the NBA so far in these playoffs
69876	NFL	other	304	Highlights from Buffalo Bills 2026 OTAs as Week 3 begins
62564	NFL	transfer	339	Bears land playmaking running back in 2023 NFL re-draft
13762	NBA	other	307	Chris Canty accuses Joel Embiid of using his son as a shield after Knicks sweep
12771	FOOTBALL	other	323	Newcastle United star suffers serious injury in training
32974	FOOTBALL	other	342	Max Eberl hopeful Manuel Neuer will play for Bayern Munich in DFB-Pokal final
86799	NFL	other	272	How the Bears botched their stadium process
17273	FOOTBALL	other	370	Villarreal CF - Sevilla FC betting tip & best odds | 13.05.2026
90975	NBA	other	332	LaMelo Ball is gone. NBA personalities, Charlotte Hornets fans love it and hate it
18970	NBA	other	305	Nuggets' first draft interview gives them more to consider at NBA draft combine
83056	NBA	transfer	386	CBS Sports Reveals Updated 2026 NBA Mock Draft, Wizards Pivot to Darryn Peterson
101749	NBA	other	326	Should the Trail Blazers Re-Sign Matisse Thybulle?
32194	NBA	other	307	Former Celtics two-way wing signs with LSU, hoping for NCAA return
49673	NBA	transfer	331	Wizards viewed as possible wildcard in LeBron James sweepstakes
79747	FOOTBALL	other	333	Liverpool star Virgil van Dijk fires back after Dutch pundits make World Cup accusation
85688	NBA	other	335	This proposed Lauri Markkanen trade makes sense, but Jazz wouldn't do it
100728	NBA	other	322	The New York Knicks Are Champions | All‑Access
83564	FOOTBALL	transfer	299	James Sands returns to New York City FC from FC St. Pauli
65465	FOOTBALL	other	289	Sevilla vs. Mallorca - Game Highlights
36004	FOOTBALL	other	322	Why Wolfsburg win is worth more than three points for Bayern
64873	NBA	other	382	Brunson scores 30 and Knicks finish on 11-0 run, steal Game 1 from Spurs with 105-95 win
47752	NFL	other	321	Twenty Players to Watch When Packers OTAs Start This Week
78930	FOOTBALL	other	378	Scouser will never forget what happened after Zach Bryan's Anfield show as he shares incredible gesture ❤ #Liverpool #news #celebrities
84946	NFL	other	350	Cam Ward Tape vs. Analytics: Why the Titans rookie season points to cautious optimism for his future despite dismal numbers
98063	NFL	other	327	Why Dolphins' most underrated contributors may be their most important
12514	NFL	other	320	Predicting the Philadelphia Eagles' prime-time games in 2026
27398	FOOTBALL	transfer	323	SC Freiburg are pushing to sign Leeds United attacker Wilfried Gnonto
12766	FOOTBALL	other	337	Victor Wembanyama fires a shot at Arsenal; predicts UEFA Champions League winner
15701	FOOTBALL	other	348	Getafe CF vs RCD Mallorca Odds - Wednesday May 13 2026
44102	FOOTBALL	other	358	Lecce Fight for Serie A Survival While Genoa Bid Farewell to Malinovskyi
66782	FOOTBALL	other	354	Brighton & Hove Albion News, Schedule, Stats and Roster - USA TODAY Sports
31317	NBA	other	327	NBA exec: Lakers figure to be 'shut out' on big free agent targets
73292	FOOTBALL	other	392	Chris Sutton Makes Winnable Point Before Predicting Another Nottingham Forest Twist Vs Fulham Peq (SOwJ2fDVNR)
88513	NFL	other	13224	'A Future Pro Bowler' -- Colts Have Big Plans for Surprising 2nd-Year Player After 'Outstanding Spring'
78269	NBA	transfer	300	The Raptors are practically begging the Pistons to come calling for these two players
8279	FOOTBALL	other	317	Fiorentina v Genoa LIVE 10/05/2026 | Soccer
54321	NFL	other	323	Retired All-Pro offered a Chiefs coach advice to draft Emmett Johnson
87527	NFL	other	319	Pratt promoted to national scout for Bills
62368	NFL	other	327	Jets' Kicker Competition Takes Another Turn to Start June
71340	FOOTBALL	other	310	Arne Slot got sacked by Liverpool after sharing Rio Ngumoha opinion
30287	NBA	transfer	310	Wizards receiving inquiries on their No. 1 draft pick from multiple teams
53779	FOOTBALL	other	341	Bayer Leverkusen set to keep Jarell Quansah for another season
91066	NBA	other	294	Clippers could create cap space this offseason
87231	NBA	other	340	Would it make sense for the Boston Celtics to take Baba Miller in the 2026 NBA Draft?
1457	NBA	other	313	Pelle Larsson News: Plays 22 minutes in loss
47667	NFL	other	290	3 things to watch for on Jaguars' offense during OTAs
5397	FOOTBALL	other	327	Espanyol v Real Madrid Shots Odds
39077	FOOTBALL	other	289	Sunderland target prize-money lift in Chelsea finale
96003	NFL	transfer	324	Texans Cut Ajani Carter and Xavier Thomas Ahead of Training Camp
25995	FOOTBALL	other	325	Sergio Ramos's two options for Sevilla's bench
14940	NBA	other	299	Donovan Mitchell ties NBA playoff record as Cavs even series vs Pistons
54354	NFL	other	302	A Look at the Eagles best move of the offseason
6762	NFL	other	332	Dak Prescott & Others Steal the Spotlight at Cowboys Star’s Wedding
39078	FOOTBALL	transfer	328	Sunderland transfer news: Black Cats 'eyeing move' for ex-Atletico Madrid star
1700	NFL	other	395	"Probably Not": Steelers Owner All But Confirms Stance on Drafting First-Round QB Despite Aaron Rodgers' Uncertainty
70915	NBA	other	293	76ers' New President of Basketball Operations Addresses Current Core
49665	NBA	transfer	304	Where Raptors Fit with Spurs in De'Aaron Fox Trade Rumors
38878	NFL	other	325	Denver Broncos struck with tough Patrick Mahomes update amid Bo Nix concerns
73671	NFL	other	316	Pittsburgh Steelers' Will Howard reveals he's doing something about the harsh criticism thrown his way at the QB position
31888	FOOTBALL	other	342	Newcastle United bust-ups that rocked Tyneside - eight more fights that got fans talking
77437	FOOTBALL	other	306	Official: Roma appoint D’Amico as new sporting director
89244	NBA	transfer	302	Former Nebraska guard Sam Hoiberg signs NBA deal with Phoenix Suns
87872	FOOTBALL	transfer	329	Everton ‘to continue’ talks for Hayden Hackney in £25m battle
1329	NBA	other	293	Tristan da Silva impresses with up-and-under bucket
36598	NFL	other	332	What is ‘blowing’ Travis Kelce’s mind about Chiefs’ schedule for new NFL season
92010	NBA	other	325	Every Michigan player drafted by the Golden State Warriors
95604	FOOTBALL	transfer	301	Barcelona and Monaco agree transfer deal for former teen prodigy Ansu Fati
60363	NBA	other	368	Gilgeous-Alexander tips his cap after Thunder fall to Spurs in Game 7 to end their title reign
26446	NBA	other	334	Ayo Dosunmu is excited for free agency after stint with Timberwolves
2226	FOOTBALL	other	405	Bayer Leverkusen vs Augsburg Prediction, Betting Tips, Lineups & Odds | 18 Apr 2026
89313	NBA	other	344	Wizards’ AJ Dybantsa makes Trae Young promise after going No. 1
34222	NBA	transfer	317	NBA rumors: Bucks, Giannis Antetokounmpo, Nets, draft, Kings
84517	FOOTBALL	transfer	326	Union Berlin eye Al Ahly’s Egyptian midfielder Emam Ashour in potential Bundesliga move
76190	NFL	other	323	How unfavorable is the 49ers schedule?
22311	FOOTBALL	other	311	Crystal Palace bonus claim debunked ahead of Arsenal’s final day title decider
28994	NBA	other	402	NBA Playoff semifinal update, Wizards lottery win & Darryn Peterson’s creatine story explained with Andrew Sharp & Dr. Brian Sutterer
88659	NFL	other	303	HC Kellen Moore hopes Cameron Jordan re-signs with Saints
71014	NFL	other	296	Aaron Glenn reacts to Jets getting shut out of primetime next season
50716	NBA	other	333	I don't think that the Timberwolves want to trade …
550	NBA	other	305	Lakers continue to win Brandon Ingram trade as forward disappears in playoffs
91319	NFL	other	335	Brewers fans get surprise tour of NFL stadium from Bengals head coach
66904	FOOTBALL	transfer	316	Denzel Dumfries set for Real Madrid after Inter release clause activated
23147	NFL	transfer	297	Commanders Trade Pitch Dumps $31 Million NFL All-Pro
68695	NFL	other	318	Bengals’ Steve Radicevic says team not done making roster moves
42578	NBA	other	323	Victor Wembanyama needs to evolve for Spurs to survive. Can they meet the moment?
82990	NBA	other	385	What can 76ers expect at No. 22? A look at the 5 previous No. 22 picks
88299	NBA	transfer	331	NBA Trade Rumors: Lakers Have Reached Out To Pelicans About Yves Missi
60613	NFL	other	317	NY Giants’ Brian Burns excited about potential OBJ arrival, but decision is out of his control
14756	FOOTBALL	other	342	Official Juventus team to face Lecce – Yildiz and Vlahovic lead the attack
24313	NFL	other	327	Dallas Cowboys 2026 Schedule and How to Watch with Sling TV
26665	NFL	other	346	Trevor Lawrence's wife Marissa shares honest reaction to Jaguars QB's jarring haircut
32751	FOOTBALL	other	352	“Tough to explain”: West Ham midfielder struggles to find answers for Newcastle United defeat
33508	NFL	transfer	309	Cleveland Browns Agree to Two-Year Deal with OL Elgton Jenkins
14784	FOOTBALL	other	329	Lorient finish with late flourish to stay ninth
93629	FOOTBALL	transfer	318	Guido ‘to stay’ at Mestalla after Valencia convince him
97978	NBA	other	341	Asking a Portland beat writer about the three former Trail Blazers signed by the Sixers
67347	NBA	transfer	18365	How are Houston Rockets analysts seeing a trade for Boston Celtics star Jaylen Brown?
89130	NBA	transfer	300	Braden Smith Drafted No. 38 by Bulls, Traded to Pacers
31754	NFL	other	290	Panthers fans waiting on international news? Here’s what the NFL announced
31167	NBA	other	310	Detroit Pistons 2026 Offseason To-Do List - Last Word On Basketball
77136	NFL	other	349	Colts Sauce Gardner Reveals Major Goals for 2026 Season
75753	NBA	transfer	331	LeBron James Seeks Max Lakers Extension as Golden State Warriors Emerge in Contract Drama
2419	FOOTBALL	other	327	Torino Fc and the quiet pressure of Cremona
88352	NBA	other	345	After drama-filled season, Portland Trail Blazers deliver quiet start to NBA draft
1559	NBA	other	307	Hornets' Sion James: Minimal output in end of season
92902	NBA	other	291	Former Cavaliers champion says he was snubbed from team reunion
44632	NBA	other	298	1967-1968 St. Louis Hawks Playoff Stats
12489	NFL	other	329	Broncos HC Sean Payton Praises Drew Sanders' Return to OLB
67341	NBA	other	318	Brent Barry Features in Houston Rockets Jersey Number History
19667	FOOTBALL	transfer	291	Leeds United may have entertained selling Pascal Struijk last June
25478	NFL	other	325	Commanders draft bust takes veiled swipe as emotional revenge date looms
72053	NBA	other	303	Cavaliers to retain head coach Kenny Atkinson
77624	FOOTBALL	transfer	376	Tzolis to perform Man Utd U-turn as Arsenal 'explore' £34.5m transfer
48825	NFL	other	284	What if the Steagles Were World Champions?
59647	NFL	other	299	What the Broncos Got Wrong In the John Franklin-Myers Saga
79101	FOOTBALL	other	334	Official: Comolli leaves Juventus and is replaced by Carnevali
82619	FOOTBALL	transfer	380	Barcelona Hold Talks With German Wonderkid Lotta Wrede as Catalan Giants Eye Young Talent Ahead of Rebuild
87715	NFL	other	312	Micah Parsons Starting on PUP Could Expose Packers' Biggest Defensive Risk
15417	NFL	transfer	321	Former Panthers OL to sign with division rival
98460	FOOTBALL	transfer	304	Roma’s interest in Garnacho confirmed
2951	NBA	other	309	Luke Kennard Gets Real On Playing For The Lakers: "The Biggest Stage Of Basketball"
19368	NFL	other	349	‘This Is Dumb’ — Ex-Cowboys QB Calls Out NFL’s Apparent Disrespect of Denver Broncos
96012	NFL	other	309	Titans news: Chris Johnson brings back Ice Bucket Challenge to raise money for ALS
88904	FOOTBALL	transfer	340	Chelsea looking at Como centre-back Jacobo Ramon – Romano
24385	NFL	other	297	Look: New Orleans Saints release their full 2026 season schedule
24431	NFL	other	335	Seahawks Challenged to Change Nick Emmanwori
84764	NBA	other	383	Magic Johnson’s Teammate Believes Austin Reaves Signing Max Contract Means He’s Not About Winning
29717	FOOTBALL	other	340	Paris FC 2-1 Paris Saint-Germain: Gory's late double stuns champions
1024	NBA	other	283	Brandon Williams Injury: Ruled out Sunday
75523	FOOTBALL	other	303	Luka Modric set for 5th World Cup as part of Croatia squad
44378	FOOTBALL	other	319	Arsenal’s Trophy Lift Plans Revealed Ahead Of Selhurst Celebration
81626	FOOTBALL	other	341	What does the future of AFC Bournemouth's academy setup look like?
57257	NBA	other	292	Detroit Pistons Point Guard Grades: Breakthrough Seasons Assessed
27095	FOOTBALL	other	346	Elche v Getafe LIVE 17/05/2026 | Football
7779	NFL	other	331	Steelers Coach Mike McCarthy Pleased With First Rookie Minicamp
90562	NFL	other	326	ESPN insider: Falcons' next big contract extension could come 'soon'
40973	FOOTBALL	other	299	Andrey Santos gives honest verdict on Xabi Alonso as Chelsea summer pledge made
60693	NFL	other	291	Buccaneers Receive Obvious Message on Best Offseason Move
93403	NFL	other	334	3 Undrafted Buccaneers Who Turned Heads This Offseason
60822	FOOTBALL	other	335	Next Newcastle United Manager Odds: Glasner Fancied to Replace Howe
69175	FOOTBALL	transfer	301	Official: Daniel Peretz moves from Bayern Munich to Southampton
83221	NFL	other	337	Dan Sileo Says Eagles CAN’T Keep Maxx Crosby And Jalen Carter
81175	NBA	transfer	326	Wizards bold plans for No. 1 pick in NBA Draft finally revealed
82794	NBA	transfer	303	Every Purdue player drafted by the Brooklyn Nets
6627	FOOTBALL	other	301	Bayern Munich vs PSG: Champions League – preview, team news, start, lineups
85454	NBA	other	296	Should the Nets Pursue Trae Young in Free Agency?
25225	NBA	other	394	Green scores 36 points, Suns lock down Warriors, Curry in 111-96 win in NBA's play-in tourney
38012	NFL	other	342	Fantasy Football Outlook After Matthew Stafford Signs Extension With the Los Angeles Rams
23378	FOOTBALL	other	406	Dutch icon and ex-Newcastle United manager jumps to the defence of Eddie Howe and blames PSR rules for the club’s problems this season
94823	NBA	transfer	309	Tim Hardaway Jr. signs with Miami Heat
24594	FOOTBALL	other	343	Preview: Nantes vs Toulouse - prediction, team news, lineups
8582	FOOTBALL	other	349	Cremonese v Pisa LIVE 10/05/2026 | Soccer
26594	NFL	transfer	310	Ravens reach deals with QBs Diego Pavia, Joe Fagnano ahead of rookie camp
77285	NFL	other	332	Saints have overhauled OL, skills positions since 2025 Week 18
54793	FOOTBALL	other	333	Julian Nagelsmann already dealing with health issues on Bayern Munich stars
22944	NBA	transfer	301	Wizards trade-down with Jazz could turn No. 1 pick into massive draft heist
47686	NFL	other	330	This could be the reason Broncos' top draft pick hasn't signed rookie contract yet
10969	NFL	other	321	Titans' Anthony Hill named a 'best fit' for team from NFL draft
6451	NBA	other	377	Cade Cunningham, Pistons Beat Banchero, Magic to Advance in NBA Playoffs as Fans React to Game 7 Win
39164	FOOTBALL	transfer	302	Liverpool set for another transfer war with Newcastle United over €50m midfielder
22191	FOOTBALL	other	302	Man United Starting XI vs Sunderland: Confirmed Team News and Predicted Lineup
100465	FOOTBALL	transfer	327	Fiorentina return for Rugani as Juventus look to cut wage bill
70511	NBA	other	321	Spurs’ surprising Victor Wembanyama strategy is backfiring in NBA Finals
57065	FOOTBALL	transfer	337	Vincenzo Italiano leaves Bologna after two seasons, linked with Naples job
76926	NBA	transfer	333	Pelicans 'Have Not Offered' Trey Murphy In Trade, Two Teams Interested
2262	FOOTBALL	other	334	Barcelona vs. Getafe: live game updates, stats, play-by-play
49365	NBA	other	299	Knicks NBA Finals tickets surging as New York makes first appearance since 1999
2176	FOOTBALL	other	351	FC Lorient - Olympique Marseille ai prediction 18.04.2026 Ligue 1
71637	FOOTBALL	other	350	Genoa vs. Atalanta - Standings - February 13, 2027
83041	NBA	transfer	394	Wizards Jazz Remain Undecided Between Darryn Peterson AJ Dybantsa At Top Of 2026 NBA Draft
44155	NBA	other	322	LeBron James notes Jalen Brunson 'sprinkle' behind Knicks' dominant playoff run
28712	NBA	other	333	Why would the Celtics ever break up Jayson Tatum and Jaylen Brown?
100346	FOOTBALL	transfer	343	Bayern Munich Midfielder Rejects All Other Offers as He Awaits Lazio Move
16270	FOOTBALL	other	315	Thirteen players could miss Liverpool's trip to Aston Villa as major injury update imminent
8473	FOOTBALL	other	289	The official line ups for Inter vs. Cagliari
40418	NFL	other	312	Report: Cardinals, QB Jacoby Brissett 'significantly' far apart in contract negotiations
43940	FOOTBALL	other	317	Espanyol vs. Real Sociedad - Game Highlights
35322	NBA	other	336	Memphis Grizzlies' Cedric Coward named to NBA All-Rookie first team
17100	FOOTBALL	other	340	Deportivo Alaves vs. Barcelona: Preview, Predictions and Lineups
45062	NFL	transfer	337	Texans’ Azeez Al-Shaair sends message to fans after signing extension
59996	FOOTBALL	other	369	Valencia CF and TM Real Estate Group Showcase the Appeal of the Mediterranean Coast in Prague with a New International Event
54699	FOOTBALL	other	290	Direct, intense … selfish? What are Barcelona getting in Anthony Gordon?
67739	NFL	other	292	Vikings named among teams with a strong chance to return to playoffs
25210	NBA	other	389	NBA Playoffs Prediction Apps: Get Offers for Magic-Pistons, Suns-Thunder Game 2s
61196	NBA	other	335	Bill Simmons Rips Nuggets Over Peyton Watson's Contract Situation
81673	FOOTBALL	other	333	Atalanta vs. Fiorentina: live game updates, stats, play-by-play
79448	NFL	other	326	Dolphins' OTA takeaways, outlook to training camp Part II: Secondary
1467	NBA	other	15544	Heat's Pelle Larsson: Upgraded to probable
47680	NFL	other	351	‘Failed To Live up to Expectations’ — Broncos Predicted To Part Ways With 2-Time Pro Bowler After Winning AFC West
96709	NBA	other	337	Charlotte Hornets vs Orlando Magic Jul 9, 2026 Game Summary
10262	NFL	other	299	Dallas Cowboys news. Cowboys rookies top NFL jersey sales
94485	FOOTBALL	transfer	375	Borussia Dortmund set €100m Felix Nmecha asking price before release clause kicks in as Premier League teams eye Germany star
15719	FOOTBALL	other	291	Tare: ‘Milan lacking right attitude, no point denying it’
81312	NFL	other	384	AFC Notes: Fernando Mendoza, Sean Payton, Andy Reid, Broncos, Chiefs, Raiders
57742	NFL	other	303	Bucs labeled as biggest threat for the Panthers in the NFC South
890	NBA	other	300	Sam Merrill News: Cleared from injury report
29147	NFL	other	320	Chargers jab Puka Nacua for livestream in schedule release video
44023	FOOTBALL	other	356	Football: Soccer-Girona relegated after draw with Elche, Mallorca also down in LaLiga drama
73212	FOOTBALL	other	337	Manchester City (GRIMACE) v FC Bayern Munchen (DANTE) Odds
102569	NBA	transfer	347	Pistons news: Detroit not interested in Jalen Duren sign-and-trade, per insider
31108	FOOTBALL	transfer	336	AS Monaco Lead Race to Sign Cercle Brugge Defender Flávio Nazinho
17769	NBA	other	307	Giannis enjoys family day out during NBA offseason as Bucks trade rumors swirl
134	NBA	other	338	Golden State Warriors vs Houston Rockets Mar 5, 2026 Game Summary
71365	FOOTBALL	transfer	315	Manchester United to assess Cristian Orozco at Carrington before development plan is made - reports
57509	NFL	other	332	Lamar Jackson stays mum on deal talks, says 'love' for Ravens has never wavered
88193	NBA	other	327	Get To Know Detroit Pistons No. 17 Overall Draft Pick Ebuka Okorie
44931	NBA	other	379	"Couldn't buy a shot with the Suns, now he is Klay Thompson" - Eddie Johnson reacts to Landry Shamet torching the Cavs in the ECF
100473	FOOTBALL	other	387	Bayer 04 Leverkusen vs. 1. FSV Mainz 05: live game updates, stats, play-by-play
55696	FOOTBALL	transfer	336	Ederson set for Manchester United in €50m deal as Atalanta’s latest sales coup
94756	NBA	other	322	NBA Free Agency: Suns, Luke Kennard, Pistons, Tobias Harris, Bulls
101275	FOOTBALL	transfer	299	From France: Roma make inquiries for Simon Adingra
85996	NFL	other	340	Former Seattle Seahawks QB told fans exactly how he feels about Sam Darnold
61760	FOOTBALL	other	327	Manchester United Champions League details - who they could play, fixture dates and draw details
58227	FOOTBALL	other	322	Arne Slot sacked by Liverpool as a clear favourite emerges to replace him
59375	NBA	other	290	Grizzlies Have a Clear Extension Priority in Jaylen Wells
60686	NFL	other	349	Falcons QB Michael Penix Jr. not yet cleared for 11-on-11 drills
37055	FOOTBALL	other	319	Germany boss Julian Nagelsmann sees improvement with Bayern Munich’s Jamal Musiala
23332	FOOTBALL	other	321	Manchester United close to confirming Michael Carrick as permanent head coach
49492	NBA	transfer	332	Blockbuster trade idea involves Giannis Antetokounmpo, Kevin Durant and the Warriors
49097	FOOTBALL	transfer	305	Leeds United Face La Liga Competition For Midfielder
58484	NFL	other	328	New York Jets' 3 most improved position groups in 2026
63815	NFL	other	323	Minnesota Vikings to host 2028 NFL Draft
245	NBA	other	320	Harrison Barnes Nears NBA Record with Spurs in Season Finale
65406	FOOTBALL	other	291	Watch Bilbao vs. Valencia Live Stream Online | DAZN US
2593	FOOTBALL	other	329	Metz v Paris FC Goal Scorer Odds
68973	FOOTBALL	transfer	317	Revealed: Why Pep Guardiola chose to sign Kalvin Phillips for Manchester City over Arsenal superstar
77628	FOOTBALL	transfer	324	Everton add second Chelsea player to shortlist after Tyrique George
99603	FOOTBALL	other	312	Gasol completes €55m Liga F investment despite Real Madrid dissent
59932	FOOTBALL	transfer	304	Preston North End should move fast for recently released Leicester City star
103291	FOOTBALL	transfer	335	Michy Batshuayi: Eintracht Frankfurt striker linked with surprise move to Amed SK
85373	FOOTBALL	transfer	381	Report: Juventus has (again) made one last contract offer to Dusan Vlahovic
7762	NFL	other	368	Most of the mystery around the Miami Dolphins' biggest rookie contract question has been answered thanks to an AFC East rival
46142	FOOTBALL	other	290	Sunderland secure European spot with win over Chelsea
23296	FOOTBALL	other	336	West Ham boost as Newcastle United reveal injury concern - Tottenham Hotspur watch on
97179	NFL	other	325	Vikings head coach Kevin O'Connell addresses NFL streaming service affordability controversy
54495	NFL	other	317	Should the Rams reunite with Von Miller?
98207	NFL	transfer	316	Cowboys Linked to Future Hall of Famer in Free Agency as Linebacker Concerns Persist
89404	NFL	other	345	Titans wide receiver Carnell Tate hosts meet-and-greet in Brentwood
85325	FOOTBALL	transfer	378	Ruben Amorim reunion on the cards? Sporting CP captain has bid farewell to team-mates as AC Milan hope to fight off Premier League & La Liga interest
61143	NBA	transfer	326	Celtics Could Land Trey Murphy If Pelicans Trade Him, Predicts Bill Simmons
55276	NBA	other	15897	What the NBA Draft Lottery reform rules are and how they could affect the Suns
58293	NBA	other	291	Knicks Cavaliers Basketball
103001	NFL	other	295	Bears 2026 training camp preview: Quarterbacks
101394	FOOTBALL	other	385	Bayern Munich News: Alphonso Davies talks injury; Jürgen Klopp not making announcement…yet; and MORE!
82739	FOOTBALL	other	312	Thuram ‘jealous’ of Martinez and Messi as Inter teammate sends joke on social media
102580	NBA	other	323	Warriors real reason for wanting LeBron James finally revealed
81475	NFL	other	324	Seahawks DT Brandon Pili Primed For Big 2026 Season
17464	NBA	other	299	The 'awkward reality' facing LeBron James and the Los Angeles Lakers
80468	NFL	other	266	Giants Football
86492	NBA	transfer	332	Tyler Bilodeau selected by the Orlando Magic in USA TODAY mock draft
94643	FOOTBALL	transfer	291	Monaco agree deal for Metz defender Sadibou Sane
71311	FOOTBALL	other	323	Michail Antonio feels he could have helped West Ham United survive relegation
82573	FOOTBALL	transfer	406	Juve-Kessie, Allegri-Lobotka, Roma-Pulisic 💣 today's transfer news 🔥
101736	NBA	transfer	300	Former UNC basketball guard signs two-way contract with 76ers
77081	NFL	transfer	303	Ravens’ roster panic could force trade for Giants’ underwhelming starter
25929	FOOTBALL	other	342	Paris SG (BUTCHER) v FC Bayern Munchen (CHAOS) Odds
91864	FOOTBALL	other	275	Juventus vs Atalanta
19108	NBA	other	339	Magic coaching candidates (Dusty May?) after Jamahl Mosley's exit
58761	NFL	other	328	Bud Clark's arrival may have Seahawks' new signing on thin ice
62481	NFL	transfer	316	Breaking Down Talanoa Hufanga’s Broncos Future—Safety Prices Are Soaring
99707	NBA	other	302	Garrett Temple Retires from NBA to Join Dallas Mavericks Coaching Staff
102325	FOOTBALL	other	386	World Cup 2026: Portugal vs Spain lineups – Milan’s Leao on the bench as Ronaldo leads the line
60792	FOOTBALL	other	299	Why Aston Villa striker Gabby Agbonlahor really retired from football
36778	NFL	other	378	Sean McVay’s BWTB interview revealed everything Rams fans could’ve possibly wanted to know. About everything.
35262	NBA	other	374	NBA playoffs roundup: James Harden, Cavs bounce back to trim Pistons’ lead to 2-1
102893	NFL	other	302	Jaguars’ Travis Hunter ‘Unleashed’ After Major Injury Update
85034	NFL	other	305	Giants Coach Sends Warning About Arvell Reese’s Development
17457	NBA	other	354	Cade Cunningham’s brutal Game 4 fourth quarter has Pistons fans worried about a Magic upset
57984	FOOTBALL	other	294	Valencia CF members for over 50 years honoured at Mestalla
34491	NFL	other	391	Dallas Cowboys schedule 2026: Game-by-game win-loss record predictions for all 17 games
17032	FOOTBALL	transfer	384	Sheffield United told to beat Burnley FC, Ipswich Town to 'low-risk' Huddersfield Town transfer
85681	NBA	other	308	Toronto Raptors (STING) @ Miami Heat (SILVER) Odds
64088	FOOTBALL	transfer	325	Borussia Dortmund dismiss Fenerbahce links to Serhou Guirassy amid €40m talk
95437	FOOTBALL	other	337	Leeds United deal helps meet PSR rules as Hull City push to meet deadline with sales
101775	NBA	other	294	Toronto Raptors legend Kyle Lowry officially retires
77967	FOOTBALL	transfer	337	Arsenal could sign Julian Alvarez, Morgan Rogers and two more in huge transfer spree
90048	NBA	other	340	The Bulls were right to trade Coby White and Ayo Dosunmu after all
17116	FOOTBALL	other	350	Football Live Scores: Genoa vs AC Milan, Serie A, 2025/26 | Nine Wide World of Sports
99690	NBA	transfer	308	To lure LeBron James, Cavaliers could try to trade for Bronny
93085	NBA	transfer	341	The Only Player the Portland Trail Blazers Should Consider Trading Deni Avdija For
27478	NBA	transfer	320	Could the Nets pursue Hawks' CJ McCollum in NBA free-agency?
65303	FOOTBALL	transfer	316	Man United make move to sign Newcastle United winger
93543	FOOTBALL	transfer	329	Liverpool And Newcastle United Target Said El Mala In €50 Million Summer Move
22979	NFL	other	307	Jeffery Simmons' anger over T'Vondre Sweat trade shows Jets made the right move
841	NBA	other	321	Precious Achiuwa gets the basket plus the foul
5268	FOOTBALL	other	336	Confirmed team news: Brentford unchanged as Janelt returns to squad for West Ham fixture
48213	FOOTBALL	other	341	Serie A | Lazio 2-1 Pisa: Pedro says goodbye with final winning goal
17044	FOOTBALL	other	333	Celta Vigo score 19 goals in eight straight home La Liga matches
51981	NBA	other	338	The Real Reason the Washington Wizards are thrown in INSANE LeBron and Giannis Rumors
82290	NFL	other	300	Chiefs’ no-trade call on Brown pays off as Eagles WR drama boils over
85673	NBA	other	346	Spurs say Knicks fans won't be booted from Game 5 despite ticket sales restriction
92957	NBA	other	329	New Injury Update on Pacers Franchise Star Tyrese Haliburton
85343	FOOTBALL	other	350	Albert Riera on Eintracht Frankfurt spell: 'We were simply not meant for each other'
3810	FOOTBALL	transfer	334	Sunderland and Bournemouth ‘keeping tabs’ on 10-goal Championship forward
99650	NBA	other	358	Boston Celtics (BLADE) @ New York Knicks (INVINCIBLE) Odds
87427	NBA	other	291	Orlando Magic 2026 NBA Draft Questions and Answers
53738	FOOTBALL	other	385	Sevilla breaks the agreement with Sergio Ramos for the sale of the club: “We feel cheated” | Soccer | Sports
73560	NBA	other	306	Evaluating Suns' Biggest Need This Summer — And How They Can Fix It
2121	FOOTBALL	other	384	How to watch Nottingham Forest vs Burnley: Live stream and TV info for big Premier League relegation battle
39707	NBA	other	335	Why ‘Heat Culture’ may win Chris Quinn the Chicago Bulls head coach role
71796	NBA	other	357	“There’s nothing to discuss”: Stephen A Smith explains why the LeBron James GOAT case still falls short of Michael Jordan
96816	NBA	transfer	358	Report: Memphis Grizzlies' Kentavious Caldwell-Pope on Miami Heat's Radar
84815	NBA	other	338	Josh Hart reveals the Spurs’ fatal flaw Knicks noticed before NBA Finals
52630	FOOTBALL	other	329	📸 He was absolutely furious! Wolfsburg star smashes door after relegation
20550	NFL	other	341	NFL Insider: Broncos QB Bo Nix Will ‘Never Come Back to Health’
85382	FOOTBALL	transfer	330	Atalanta midfielder Ederson issues huge update on his Man United move - Man United News And Transfer News
79424	NFL	other	307	Bills WR sets stage for intense positional battle after returning to action at minicamp
34295	NBA	other	328	NBA draft 2026: Leaguewide asset rankings -- 30 teams, seven tiers
50800	NBA	transfer	333	Duke Basketball: Maliq Brown earns pre-draft workout with Sacramento Kings
56935	FOOTBALL	other	342	Paris Saint-Germain on the brink of greatness in the Champions League
84203	NFL	other	303	Pundit calls Falcons playmaker NFL's most underpaid superstar
69736	NBA	transfer	14492	Giannis Antetokounmpo Trade Buzz Explodes as Heat Eye Stunning Blockbuster With 2x NBA Champion
52126	NFL	other	314	Denver Broncos Strengthen AFC West Position Following Chiefs Offseason Changes
19199	NFL	other	301	How Patriots’ 2026 NFL draft capital compares to the rest of the league
51990	NFL	other	341	Patriots news: Mike Vrabel won't take bait on obvious A.J. Brown trade question
103195	FOOTBALL	other	338	EFL investigates COH Sports over Sheffield United payment claims as ownership dispute deepens
17038	FOOTBALL	other	318	Celta Vigo 2-3 Levante (12 May, 2026) Final Score
4082	NBA	transfer	329	Will Kevin Durant Play for Rockets Again? Star’s Future Put in Doubt
22173	NFL	other	336	Los Angeles Rams @ Kansas City Chiefs: Live game updates, stats, play-by-play
101900	NFL	transfer	292	Jeffery Simmons, Titans agree to 3-year contract extension
77230	NFL	other	266	Commanders Football
48019	FOOTBALL	transfer	386	Gattuso-Lazio, Pedullà: "Accordo con Lotito. Contratto biennale"
40619	FOOTBALL	other	318	Lecce vs Genoa: Italian Serie A stats & head-to-head
7318	FOOTBALL	other	387	Brighton & Hove Albion 3-0 Wolverhampton Wanderers: Fabian Hurzeler post-match interview
44815	NBA	other	327	NBA Warriors facing a massive Jimmy Butler decision is a trade the only answer?
44810	NBA	other	301	Warriors trade targets: Can Golden State preserve dynasty?
82822	NBA	transfer	282	Cavaliers contemplated trade for Jrue Holiday
66673	FOOTBALL	other	293	Manchester City threaten to sue Real Madrid presidential hopeful over Haaland
28494	FOOTBALL	other	347	Atalanta vs Bologna: Italian Serie A stats & head-to-head
103172	FOOTBALL	other	312	Chelsea confirm new contract for Jesse Derry
30794	FOOTBALL	other	398	Borussia Dortmund stock (DE0005493092): Investor focus turns to sporting performance and commercial
14682	FOOTBALL	other	328	Nusa putting in extra work ahead of Stuttgart clash
25280	NFL	other	313	Former Patriots second-round pick announces retirement from NFL
76159	NFL	transfer	282	Falcons trade for Chiefs offensive tackle Wanya Morris
96314	FOOTBALL	transfer	302	Chelsea confirm $62.4 million transfer marking start of Xabi Alonso era
18839	FOOTBALL	other	328	Incoming Liverpool signing says emotional goodbye after leaving perfect parting gift
100896	NFL	other	367	Browns Receive Nearly $89M Insurance Payout From Deshaun Watson’s Fully Guaranteed Contract
84037	NFL	other	383	“You Never Know”: Nick Chubb Leaves the Door Open for Browns Reunion After 1-Year Texans Stint
88296	NBA	transfer	347	LIVE Pelicans NBA Draft Tracker: Every Pick, Trade, and Instant Grade
72713	FOOTBALL	transfer	300	Mason Greenwood agrees personal terms with Roma as Serie A side push for summer deal
43243	NBA	other	299	The 76ers Deserve Endless Shame for Handing OKC Jared McCain
47365	NBA	other	336	Jalen Duren – a $287.1 million question for the Detroit Pistons
43909	FOOTBALL	other	337	Nice face possible behind closed doors play-off and fraught Cup final amid fan fury
48880	NFL	other	309	Looking back: What grade did the Vikings get for the 2023 NFL draft?
35282	NBA	other	389	Houston Rockets jersey history No. 15 - Mitchell Wiggins (1984-90)
15644	FOOTBALL	transfer	322	PSG pass up option to re-sign Borussia Dortmund-bound Joane Gadou
21050	FOOTBALL	transfer	293	Barcelona make contact with Real Betis winger Ez Abde - reports
10636	NBA	other	350	Chicago Bulls Beat the Odds in Potential Franchise-Altering Draft Lottery (UPDATES)
48002	FOOTBALL	other	339	Oladipo and Babajide Make Nigerian History With Roma Cup Win
50996	NFL	transfer	344	Derwin James Jr., Chargers agree to 3-year, $75.6 million extension
33217	NBA	other	320	Matt Riccardi joining Jason Kidd on the list of Mavericks front office departures
81614	FOOTBALL	transfer	328	Napoli Agree to Triple the Salary of Lazio Defender
92151	NBA	other	353	Cleveland Cavaliers (ETHEREAL) @ Phoenix Suns (WAVE) Odds
8587	FOOTBALL	other	350	Mainz vs Union Berlin Prediction, Betting Tips, Lineups & Odds | 10 May 2026
21961	NFL	other	294	Tennessee Titans’ 2026-2027 schedule released
96999	NFL	transfer	322	Miami Dolphins Named Potential Landing Spot for Star Cornerback
54491	NFL	other	320	Drake Maye Opens Up On Playing Seahawks In Week 1
63533	NBA	other	337	Former Suns center Jusuf Nurkic calls out Mike Budenholzer for unprofessional behavior
63377	NBA	transfer	376	NBA rumors: Thunder, Giannis Antetokounmpo, Nuggets, Christian Braun, Timberwolves
39336	FOOTBALL	other	310	FC Bayern to face RB Leipzig on 15 August
50062	FOOTBALL	transfer	283	Manchester United should change their transfer plans because of two players
15549	FOOTBALL	other	324	Chelsea’s iconic FA Cup final shirts reimagined | News | Official Site
63989	FOOTBALL	transfer	390	Sunderland Are Among The Clubs Hoping To Land This Aston Villa Forward: Is He Worth The Fight?
18385	FOOTBALL	transfer	322	Leeds United ‘approached’ for Harvey Elliott as £35m clause shapes Liverpool deal
100364	FOOTBALL	transfer	335	Borussia Dortmund, PSV Eindhoven keen on Mikey Moore
56027	NFL	other	340	Cowboys film analyst lists the perfect checkpoint to turn the defense around in 2026
65350	FOOTBALL	other	309	Take a look at some of Elliot Anderson's best moments for Nottingham Forest in the Premier League.
72756	FOOTBALL	transfer	293	Mercato: FC Barcelona does not let go of an Algerian star
35404	NBA	other	338	Philadelphia 76ers guard VJ Edgecombe named to All-Rookie First Team
2215	FOOTBALL	other	328	Nordderby Preview | Werder Bremen vs Hamburg
27	NBA	other	315	Knicks’ defense locked in to shut down Hawks in performance they can only hope to repeat
100368	FOOTBALL	transfer	344	Leeds United In The Race For €30m Centre-Back: Should Daniel Farke Push For Him?
94306	NFL	other	333	Despite Big Investments, There is Clear Path to Failure for Panthers Defense
23711	FOOTBALL	other	293	Inter The Opus: Classic and Midi Editions Available for Pre-Order
99399	FOOTBALL	transfer	316	Fabrizio Romano confirms Newcastle United’s stance on Bruno Guimaraes amid Arsenal interest
99018	NFL	other	335	Jets $10.4 Million Second-Year Player Destined for Breakout Year
91109	NBA	transfer	374	5 Myles Turner Trade Destinations as Bucks Plan to Part Ways With the 6-Foot-11 Big Man and Kyle Kuzma
53505	FOOTBALL	other	341	Manchester City (EMPEROR) v FC Bayern Munchen (ORACLE) Odds
6749	NFL	transfer	342	Cowboys Dealt Unfortunate News as Starter Cuts Ties With Team for Super Bowl Contender
72900	FOOTBALL	other	317	Atletico mock Real Madrid on social media after rejecting Julian Alvarez's €150 million bid
1707	NFL	other	305	NFL Experts Predict Steelers First Round Selections for 2026 Draft
31641	NFL	other	310	Eagles versatile rookie continues to appear to be the perfect fit for them
69836	NBA	other	389	Exclusive | De’Aaron Fox preaching unwavering belief with Spurs staring down daunting NBA Finals task
103099	NFL	other	314	Cardinals’ Jacoby Brissett Ranked Second-Worst NFL Starting Quarterback
14119	NFL	other	330	NFL draft expert Dane Brugler puts together outstanding Falcons haul
86094	FOOTBALL	transfer	333	Report: Newcastle United eyeing potential moves for three midfielders
99986	NFL	other	309	Mobility A Key Factor In Browns’ QB Competition - NFL Rumors
60398	NBA	other	302	Kings land No. 7 pick in 2026 NBA Draft Lottery
2569	FOOTBALL	other	319	LaLiga: Levante vs. Getafe
63744	NFL	other	335	Raiders QB coach words show why Kirk Cousins is perfect QB at perfect time
28545	FOOTBALL	other	324	'Huge game of ludo' - Hoffenheim await twist in Champions League race
21422	FOOTBALL	other	300	Pundit pushes for Bayern Munich star Michael Olise to return to England
91905	FOOTBALL	other	15856	Atletico De Madrid (HOLLYWOOD) v Napoli (JAEGER) Odds
67813	NFL	other	291	49ers Announce Front Office Updates - NFL Rumors
90570	NFL	other	361	Buccaneers LB YaYa Diaby joins 'The Insiders' to break down defensive additions to team, offseason work ethic
96761	NBA	transfer	345	Total chaos in the NBA as one franchise plots to steal LeBron James from the Warriors and Stephen Curry
22161	NFL	other	301	Seahawks Host Patriots In Week 1 Super Bowl Rematch
90459	NFL	other	325	Los Angeles Chargers: 3 Biggest Offseason Questions
98757	NBA	other	315	Former Northwestern star highlights Chicago Bulls Summer League roster
16221	NBA	other	371	Timberwolves vs. Spurs – NBA Playoffs – Game 5 predictions: Odds, stats, trends and best bets for May 12
68589	NBA	other	343	Cartoonist captures Spurs' last-second heartbreak in NBA Finals Game 2
40965	FOOTBALL	transfer	311	Man City in talks to sign Enzo Fernandez from Chelsea – he wants to play for Maresca
73428	NBA	transfer	339	NBA Rumors: Bucks, Bobby Portis, Bulls, draft, Pistons
56264	NBA	other	334	Raptors defeat Cavaliers 93-89 to equal series at 2-2
98737	NBA	other	291	Game Recap: Kings 79, Nets 73
71822	NBA	other	313	Knicks vs. Spurs: 3 keys for New York in Game 4 of NBA Finals
26854	NFL	other	343	Rams Respond After Ty Simpson Raises Eyebrows at NFLPA Rookie Premiere
100440	FOOTBALL	transfer	311	Sky: Bayern Munich show interest in Juventus defender Bremer
72043	NBA	other	337	Chicago Bulls (SILVER) @ Toronto Raptors (SPOOKY) Odds
71612	FOOTBALL	other	314	Torino reach agreement with Ignazio Abate for head coach role
88186	NBA	transfer	292	Denver Nuggets trade 26th pick to San Antonio Spurs
13006	FOOTBALL	other	386	Inter de Milão vence o Parma e conquista a Série A pela 21ª VEZ 🇮🇹🏆
13720	NBA	other	298	Who Are The Miami Heat's NBA Draft Targets?
59536	NFL	transfer	332	Jets GM Darren Mougey keeps proving he's not afraid to make trades
100506	FOOTBALL	transfer	340	‘You never know’: Erling Haaland’s father fuels Real Madrid transfer speculation after latest admission
76194	NFL	other	308	49ers TE George Kittle Reveals Secret to Remaining Explosive as He Ages
46621	NFL	other	323	NFL Insider Asserts Chargers OTA Storyline is Meaningless
4407	NBA	other	407	76ers vs Celtics Game Overview, Stats, Injuries, Records - NBA Game on May 02, 2026
16215	NBA	other	366	NBA Best Bets: Spurs vs. Timberwolves Game 5 Prop Bets for Tuesday 5/12/26
16832	NFL	other	338	One Vikings Rookie Comes With an Unusual Warning
102198	FOOTBALL	other	331	Aston Villa (EXECUTIONER) v Newcastle UTD (THREAT) Odds
61935	FOOTBALL	other	315	French capital hosts Paris Saint-Germain parade after clashes marred Champions League win
37590	NBA	other	343	Timberwolves GM Shares Honest Outlook On Team’s Offseason Plans
36549	NFL	other	311	Joe Burrow calls Bengals roster the 'most talented' the team has had, has lofty expectations for season
59001	FOOTBALL	other	342	Former Lyon, Toulouse Midfielder Bergougniou Dies at 43
47279	NFL	other	324	Back-to-back MVP awards is Matthew Stafford’s to lose
25301	NFL	other	307	Jeffrey Simmons BACKS T’Vondre Sweat With The New York Jets
78762	FOOTBALL	other	310	Five contenders to be the next Ipswich Town manager
2751	FOOTBALL	other	329	Cole Palmer, João Pedro miss Chelsea-Brighton with injuries
101472	FOOTBALL	other	334	PSV vs. Villarreal (25 Jul, 2026) Live Score
46034	NBA	other	329	De'Aaron Fox And Spurs Face Thunder In Game 4
29169	NFL	other	319	Steve Beuerlein makes big prediction for Dallas Cowboys, talks heart health for former NFL players
102308	FOOTBALL	transfer	294	🤝Total agreement: João Cancelo will stay at Barcelona
86602	NFL	other	327	Jeffery Simmons extension explains why Jets traded Quinnen Williams
4131	FOOTBALL	transfer	304	Report: Bayern Munich weigh up January offer for Chelsea ace as Blues aim to complete record transfer
33209	NBA	other	344	Jalen Brunson powers Knicks’ stunning comeback as Cavaliers collapse in Game 1
90073	NBA	other	389	Dave Portnoy on Dusty May leaving Michigan for Dallas Mavericks: 'Not the news I want to hear'
91760	FOOTBALL	other	298	AC Milan sack Allegri - with departing Premier League boss lined up as potential successor
50371	FOOTBALL	other	306	Jose Mourinho wants Real Madrid to challenge for Arsenal target
71720	FOOTBALL	other	343	US Lecce vs. Bologna - Live Score - October 10, 2026
19767	FOOTBALL	transfer	340	RB Leipzig not against cashing in on French centre-half duo this summer
36796	NFL	other	335	Arizona Cardinals vs. Dallas Cowboys: live game updates, stats, play-by-play
32466	NFL	other	282	Ravens offensive line coach details run game philosophy
23861	NBA	other	354	Celtics 108-100 76ers (Apr 24, 2026) Play-by-Play
70852	NBA	transfer	333	Three trades the Milwaukee Bucks could make to win WITH Giannis
73625	NFL	other	302	Drake Maye says A.J. Brown gives Patriots missing element
31670	NFL	other	338	Commanders’ $74 Million Star Called ‘Best Kept Secret’ After Injuries
10854	NBA	other	326	Raptors' Brandon Ingram downgraded to doubtful for Game 7
85398	FOOTBALL	transfer	291	Inter making progress in move for Marco Palestra and player decision is right
23496	FOOTBALL	other	324	Milan Owner Apparently Ready to Go Scorched Earth
90522	NFL	other	325	Vikings Assistant GM Ryan Grigson Departs Organization Amid Front Office Changes
65442	FOOTBALL	other	345	3 Paris Saint-Germain players that could use the 2026 World Cup to earn a move
2327	FOOTBALL	other	308	Top Stats Round-up: Eintracht Frankfurt 1-3 RB Leipzig
40208	NFL	other	290	IU Indianapolis Luddy Students present their research to the Colts.
20549	NFL	transfer	318	NY Giants hosting ex-Kansas City Chiefs DB/special teamer on free-agent visit
52986	NBA	other	354	Lakers rocked by layoffs on ‘brutal’ day amid sweeping organizational changes - The Athletic
9684	FOOTBALL	other	374	💥 Cremonese treble, Fiorentina survive to boos! Pisa: two 🟥, Loyola 😱
56580	NFL	other	327	NFL legend's Sam Darnold prediction raises stakes for the Seahawks
64871	NBA	other	10895	NBA Finals: Knicks rally from 14-point deficit to beat Spurs in Game 1
7227	NFL	transfer	384	Patriots-Cowboys trade pitch sends $27 million superstar WR to New England instead of A.J. Brown
8721	FOOTBALL	other	306	Auxerre v Nice Cards + Fouls Odds
55900	FOOTBALL	transfer	298	GdS: Juventus identify Crystal Palace hero as Kolo Muani alternative
90272	NBA	other	376	Former U.S. President Barack Obama Opens Up On The Spurs, Jalen Brunson, And Why 90s Basketball Was Peak
84849	NBA	other	349	NBA Draft Notes: Darryn Peterson, AJ Dybantsa, Wizards, Big Boards
11633	FOOTBALL	other	333	Al-Tamari the late-season revelation driving Rennes' European push
3242	NFL	other	312	Dallas Cowboys' 2026 NFL draft picks: Full list, analysis
12838	FOOTBALL	other	324	EPL Highlights | Nottingham Forest v Newcastle
41414	NFL	other	321	New York Jets Urged to 'Sign a Veteran QB'
85138	NFL	other	307	Legendary 49ers linebacker Patrick Willis shares touching Aldon Smith tribute
66953	FOOTBALL	other	326	⚫️ Leivinha, Atlético de Madrid legend, dies
40791	FOOTBALL	other	325	Torino FC vs Juventus: Preview and Prediction
6784	NFL	other	341	One of the extra perks of a Miami Dolphins 2026 NFL Draft choice just kicked in
64408	FOOTBALL	other	341	Chelsea's new 2026-27 home kit theme – explained
28454	FOOTBALL	other	315	Marseille v Rennes Prediction, Tips and Bet Builder
10840	NBA	other	362	Wembanyama gets ejected early in Spurs-Wolves Game 4 for elbowing Reid and drawing a Flagrant 2 foul
52584	FOOTBALL	other	307	Serie A | Napoli 1-0 Udinese: Hojlund lets Conte leave with a victory
195	NBA	other	272	Jazz Magic Basketball
72106	NBA	other	357	NBA Notes: 76ers, Mike Gansey, Raptors, Collin Murray-Boyles, Pacers
73885	NFL	other	333	Insider predicts when Buccaneers, Baker Mayfield contract saga may end
45242	NFL	transfer	336	Tyreek Hill's rehab schedule could open the door to joining the Buccaneers
56529	NFL	other	333	Chris Olave Isn't Worried About His Contract Extension with Saints
66619	NFL	other	351	Seahawks Rookie With 17 College Sacks Says He Feels ‘100%’ After ACL Injury
88562	NFL	other	385	Could D.J. Uiagalelei Push Trey Lance for the Chargers' Backup Quarterback Job?
6514	FOOTBALL	other	324	How McFarlane tactics tweak helped Chelsea star find form for run-in
71239	NFL	other	367	New Orleans Saints defensive end Chase Young: 'I definitely feel like I'm ready to rock | 'The Insiders'
38603	NBA	transfer	399	This Blockbuster 3-Team Ja Morant Trade Perfectly Reshapes The Timberwolves Suns And Grizzlies Rosters
51562	FOOTBALL	transfer	372	Vardy, 39, to LEAVE relegated Cremonese as he set to return to former club
99924	NFL	transfer	308	NFL Trade Rumors: Patriots, Giants Connected in $14M Massive Package
18722	FOOTBALL	other	283	European buzz in Freiburg on final day
91986	NBA	transfer	282	Nuggets Have Internally Discussed Jaylen Brown Trade
50565	NBA	transfer	305	Potential Giannis trade gives Celtics dilemma Brad Stevens has never faced
97386	FOOTBALL	transfer	337	Newcastle United confident of sealing a deal for Freiburg starlet Johan Manzambi
54572	FOOTBALL	transfer	330	The stars Manchester United could be watching at this summer's World Cup
8117	FOOTBALL	other	341	Everton at Crystal Palace: Starting Lineups, TV and Live Streams, How to Watch Online
46272	NBA	other	309	Cade Cunningham, Jalen Duren make Pistons history on All-NBA teams
97764	NBA	other	345	Toronto Raptors (PIRATE) @ Brooklyn Nets (NIGHTHAWK) Odds
35652	NFL	other	383	NFC Notes: Jaxson Dart, George Pickens, Commanders, Cowboys, Giants
70936	NBA	transfer	327	Trail Blazers Trade Targets: What About Devin Booker?
45777	FOOTBALL	other	343	Luis Castro: "El Levante se va a quedar en mi corazón para toda mi vida"
6550	FOOTBALL	other	324	The PSG and Bayern Munich lesson that the Premier League must take
73078	FOOTBALL	other	291	Joshua Kimmich reveals who he is supporting in the UEFA Champions League finals
43101	NBA	other	298	Denver Nuggets' projected 2026-27 starting lineup before NBA draft
461	NBA	other	306	Shai Gilgeous-Alexander delivers blunt truth about Thunder's loss to Celtics
89125	NBA	other	307	Tamin Lipsey joins Pacers organization, Tyrese Haliburton after going undrafted
67896	FOOTBALL	transfer	382	Aaron Wan-Bissaka: West Ham star could snub Everton move and 'join' Premier League rival
24637	FOOTBALL	other	342	Real Betis star Aitor Ruibal successfully undergoes surgery in Barcelona
89218	NBA	transfer	338	NBA Draft: Oklahoma City Thunder acquire former OU guard Otega Oweh
8228	FOOTBALL	transfer	303	Borussia Dortmund bid farewell to Kehl, Brandt, Süle and Özcan
4393	NBA	other	313	Knicks' halftime blowout of Hawks reached historic levels of dominance
41618	NFL	other	316	Indiana Bears bid remains firm as Illinois struggles to pass new stadium bill
35509	NFL	other	310	Your Next Miami Dolphins Jersey
70346	FOOTBALL	other	329	What FIFA rules mean for Milan star Leao and possible World Cup suspension
18916	NBA	transfer	334	Ex-Celtics champ pushes team for blockbuster big man trade
38167	FOOTBALL	other	303	Brighton & Hove Albion Football vs Manchester United
52024	NFL	other	294	Why Dolphins Taking It Slow With Recovering Starters
21147	FOOTBALL	other	298	Big Match Preview: Borussia Mönchengladbach vs. Hoffenheim
54646	FOOTBALL	transfer	293	Premier League giant tracking Leicester City defender ahead of potential move
12636	NFL	other	363	NFL Forces 49ers To Play On Two Continents While Jaguars Surrender Two More Home Games To London
57687	NFL	transfer	331	Panthers trade for Bears TE Cole Kmet in hefty proposal from ESPN
20792	FOOTBALL	other	320	Everton explore potential Edinburgh summer friendly against Premier League rival
24384	NFL	other	345	New Orleans Saints unroll 2026 schedule. See Jordyn Tyson at the Superdome
89062	NBA	transfer	299	UPDATED: Lakers Expected to Make Another NBA Draft Trade After Bulls Deal
32096	FOOTBALL	transfer	339	Antonio Rudiger makes Real Madrid contract decision while Man City star 'explores' Bernabeu move
63592	NBA	other	326	Two More Wizards Named to World Cup Qualifiers Roster
14421	FOOTBALL	other	340	Julen Agirrezabala returns to San Mamés with Valencia after injury lay-off
59295	NBA	other	379	Dave Portnoy slams 'delusional' Cavaliers after James Harden's stance on Knicks sweep
65636	NBA	transfer	341	Lakers Linked to Blockbuster for 6-Time All-Star as LeBron James Exit Looms
64491	FOOTBALL	transfer	306	Newcastle United's first summer signing 'decided' as Anthony Gordon money spent immediately
44403	FOOTBALL	other	299	Was the Women's Champions League final Alexia Putellas' last game for Barcelona?
38661	NBA	other	318	Thunder vs. Spurs (May 22, 2026) Odds and Spread
71585	FOOTBALL	other	306	Cagliari vs. Parma - Live Score - January 30, 2027
73815	NFL	other	310	Commanders get a new team puppy
24898	FOOTBALL	other	337	Lionel Messi scores double as Inter Miami top FC Cincinnati on the road
99634	FOOTBALL	other	342	Atletico De Madrid (DECIMATOR) v Liverpool (ADEPT) Odds
27737	NFL	other	282	Bills show off display at new Highmark Stadium
9513	FOOTBALL	transfer	321	Aston Villa plotting surprise move for Man City star after frustrating season
59043	FOOTBALL	transfer	341	Kevin Paredes leaves Wolfsburg following club’s relegation - SBI Soccer
11501	FOOTBALL	other	332	Toulouse - Lyon 2 - 1 | FINAL
94559	FOOTBALL	transfer	379	Danish-Ghanaian wonderkid Malik Pimpong set for €3m move to Eintracht Frankfurt
22362	FOOTBALL	other	369	REAL MADRID vs REAL OVIEDO | RUEDA DE PRENSA
8768	FOOTBALL	other	314	Inter knocked out of the Supercoppa Italiana by Bologna on penalties
38547	NBA	other	307	Tobias Harris' $38 million cost has more value to Pistons than any other NBA team
56265	NBA	other	311	Kyle Lowry's Favourite Raptors Memory Has Nothing to Do With Winning NBA Finals
14081	NFL	other	303	Vikings plan to induct Adrian Peterson into Ring of Honor
5123	FOOTBALL	other	314	Preview: Cremonese vs Lazio - prediction, team news, lineups
42257	FOOTBALL	transfer	335	Liverpool takes Yan Diomande transfer lead as $116M demand set
28595	FOOTBALL	other	353	Kylian Mbappe exit petition hits jaw-dropping new mark as Real Madrid star backs under-fire forward
62182	NBA	other	326	Pacers positional free agency preview: What points guard targets make sense for the Pacers?
78104	NBA	transfer	310	Warriors Proposed to Trade Jimmy Butler for 10-Time All-Star in Blockbuster Deal
64378	NBA	transfer	332	NBA's Stephen Curry signs long-term deal with Chinese sportswear giant
75481	FOOTBALL	transfer	379	“Fantastic” Aston Villa star loved by Emery ‘agrees personal terms’ with Juventus ahead of shock exit
56699	FOOTBALL	other	337	PSG vs Arsenal: Champions League final – teams, start time, lineups
58554	NFL	other	335	Weekend Mailbag: Jim Wyatt Answers Questions From Titans Fans
81323	NFL	other	316	Broncos' Matt Henningsen: Getting work during minicamp
35500	NFL	other	299	Jets Get Lucky With NFL Schedule Break After Injury Update
29989	FOOTBALL	other	300	"Biggest Clubs”: Chelsea appoint Xabi Alonso on four-year deal
18977	NBA	other	349	Cavs HC Kenny Atkinson says the obvious part out loud after Game 5 Pistons stunner
71017	NFL	other	297	The Jets know what to expect from David Onyemata
67437	NBA	other	384	OKC Thunder star Shai Gilgeous-Alexander targets viral 'Unethical Hoops' game with cease-and-desist
93077	NBA	transfer	338	Phoenix Suns’ New Look Depth Chart After Trading For Miles Bridges
38952	NFL	other	383	Vikings Film Breakdown: Studying Rookie Defensive Lineman & Top 2026 Draft Pick Caleb Banks
15894	FOOTBALL	other	292	Atlético Madrid to face Real Sociedad in the Copa del Rey final
100623	NBA	other	339	Pistons 2nd-round pick Ugonna Onyensu introduced in Detroit
45818	FOOTBALL	other	298	Bologna - Lecce 2:0
83468	FOOTBALL	transfer	311	Newcastle United inform Man City of financial expectations for bumper Sandro Tonali deal
19404	NFL	other	342	Minnesota Vikings have flipped the script on something that has haunted the team for years
75960	NFL	other	362	AFC Notes: Khalil Mack, Fernando Mendoza, Kirk Cousins, Chargers, Raiders, Steelers
31080	FOOTBALL	other	299	Preview: Freiburg vs Aston Villa - prediction, team news, lineups
30121	NBA	other	290	Three Stars the Houston Rockets Should Monitor this NBA Offseason
44901	NBA	other	297	‘The Extender’ Set To Referee Game 4 Of Thunder Vs Spurs
13927	NFL	other	299	Browns rookie QB Taylen Green: No one as tall as me moves like me
40573	FOOTBALL	other	336	Crystal Palace vs. Arsenal: Mikel Arteta predicted to start three fringe players in Premier League finale
6205	NBA	other	384	Game 7 predictions! Who wins Magic-Pistons and Raptors-Cavaliers? Are Knicks the team to beat in the East?
15392	NFL	other	334	Who will the Falcons face in their 2026 international game in Spain?
51387	FOOTBALL	transfer	301	Liverpool Target RB Leipzig Teenager to Fill Salah Void This Summer
48787	NFL	other	396	NFL insider reveals new Rashee Rice injury update that makes 30-day jail sentence sting a bit less for Kansas City Chiefs receiver
6991	NBA	other	331	Cleveland Cavaliers @ Detroit Pistons: Live game updates, stats, play-by-play
85146	NFL	other	307	Seahawks promote Willie Schneider, Matt Berry to assistant GM
39007	NFL	other	338	Where to find the cheapest Tampa Bay Buccaneers 2026 NFL tickets
70599	FOOTBALL	transfer	312	Every completed Chelsea transfer in summer 2026: Signings, sales, loans
8229	FOOTBALL	other	352	Borussia Dortmund vs. SV Werder Bremen: live game updates, stats, play-by-play
4617	NBA	other	283	Three underrated NBA draft prospects the Kings could target
96937	NBA	other	295	Spurs tab Billy Donovan as lead assistant coach
43260	NBA	other	291	Portland Trail Blazers lay off more than 70 people: Reports
21040	FOOTBALL	other	341	Valencia vs Rayo Vallecano Live Stream: How to Watch La Liga
43399	NFL	transfer	388	AFC Notes: A.J. Brown, Charvarius Ward, Colts, Jaguars, Texans
32515	NFL	other	386	Titans' Jeffery Simmons on T'Vondre Sweat trade: 'Was a surprise to me'
15910	FOOTBALL	other	356	PREVIEW | Strasbourg vs Rennes: team news, lineups, predictions (Ligue 1 19/04)
20065	NBA	other	332	Jalen Brunson's wife Ali flexes Knicks sweep with adorable family photos
24658	FOOTBALL	other	377	Christian Pulisic’s status for vital clash vs Genoa revealed amid recent injury as Milan looks to avoid mis...
38521	NBA	other	332	Knicks vs. Cavaliers Prediction: Game 3 Eastern Conference Finals
20966	FOOTBALL	other	385	Juventus vs. Fiorentina preview: Team news, prediction, date, and how to watch Serie A on DAZN
90910	FOOTBALL	other	310	Schick retires from international stage after Czechia's World Cup exit
103178	FOOTBALL	transfer	349	Liverpool and Arsenal will be asked to pay €150m to sign FIFA World Cup winger: Reports
43528	NFL	other	281	5 Bold Summer Predictions for the Vikings
82563	FOOTBALL	transfer	309	Newcastle United's attempt to sign three World Cup stars as Toon boss breaks golden rule
22948	NBA	other	329	Trae Young’s Wizards season likely over as wide-spread tanking consumes NBA
5103	FOOTBALL	other	386	Celta Vigo vs Elche Prediction, Betting Tips, Lineups & Odds | 03 May 2026
45144	NFL	other	342	Eagles Displaying Vote Of Confidence In Jake Elliott Amidst Struggles
81226	NFL	other	332	NFL legend Ben Roethlisberger questions Lamar Jackson as Ravens Super Bowl hopes face scrutiny
82441	NFL	other	308	Panthers’ David Tepper, Steve Smith honored by North Carolina Gov. Josh Stein
72499	NFL	other	313	Colston Loveland Fantasy Football PPR Ros Rankings | Chicago Bears
92241	NFL	other	383	2026 NFL Draft: Grading Jets’ Cade Klubnik selection at No. 110
14135	NFL	other	331	QUICK SIX: Who do you want the Panthers to play in Week 1?
100094	NFL	other	327	Dallas Cowboys Receive Stern Warning on 2nd-Year Defender
21731	NBA	other	325	Bucks’ Giannis Antetokounmpo grabs attention with ‘minding our business’ post
31068	FOOTBALL	transfer	299	Stunning Kylian Mbappe decision reached as triple Real Madrid exit confirmed
16373	NBA	other	291	Bulls draft prospect already drawing comparisons to NBA superstars
55732	FOOTBALL	transfer	350	The £30m genius Newcastle United target - and why he's precisely the kind of player Eddie Howe loves
37569	NBA	transfer	316	Heat Have Made Trade Offer to Bucks for Giannis Antetokounmpo
63	NBA	other	343	Nets end streak, beat Kings 116-99, but lose chance at improving lottery odds
24020	NBA	other	347	San Antonio Spurs vs Minnesota Timberwolves May 15, 2026 Box Scores
19276	NFL	other	380	AFC Notes: Lou Anarumo, Nico Collins, Colts, Texans, Titans
90519	NFL	other	326	Vikings’ Justin Jefferson Gets Strong Take Before Training Camp
13917	NFL	transfer	321	Former Steelers wide receiver finds new home in NFC North
5001	FOOTBALL	other	380	Confirmed Arsenal line-up (4-2-3-1) vs Tottenham Hotspur, Arteta makes Timber decision
5484	FOOTBALL	other	16903	Lille vs Le Havre: Ligue 1 stats & head-to-head
53458	NFL	other	316	New Cardinals QB Gardner Minshew breaks down Mike LaFleur’s offense
99144	NFL	other	330	ESPN Expert Highlights Los Angeles Chargers’ Disappointing Offseason Decision
85125	NFL	other	338	Panthers defender says he's going on Twitter/X hiatus until he meets lofty goal
18161	NFL	other	349	’I Was on the Hot Seat’ — Matt Rhule Gets Honest About $62M Carolina Panthers Failure
58026	FOOTBALL	other	388	UEFA Conference League final 2026: Crystal Palace edge past Rayo Vallecano to win historic European title under Oliver Glasner
59028	FOOTBALL	other	330	Nice invoke FIFA rule to take all internationals to Saint-Étienne play-off
8134	FOOTBALL	other	300	Burnley - Aston Villa
42705	NFL	other	319	Detroit Lions TE Tyler Conklin Officially Warns The Rest Of The NFL
74180	FOOTBALL	transfer	323	Aston Villa could turn to Parma goalkeeper to replace Juventus-linked Martinez
65492	FOOTBALL	other	324	How to live stream Luxembourg vs Italy: International Soccer Friendlies, TV channel
57378	NBA	other	377	Fantasy Basketball Picks: Top DraftKings NBA DFS Showdown Strategy for Spurs vs. Thunder Game 7 on 5/30/26
28156	FOOTBALL	other	314	Arsenal - Burnley
82184	NFL	other	310	Breece Hall believes ‘hungry’ Jets have what it takes to defy expectations
12390	NFL	other	323	Dolphins let hometown free agent slip away to AFC contender
79258	NBA	other	302	Is Reed Sheppard Still The Future For The Rockets' Lead Guard Spot?
12565	NFL	other	379	Fantasy Football Video: Are Vikings, Justin Jefferson a 'sleeping giant' with Kyler Murray in town for 2026?
20207	NBA	other	316	Nuggets gifted Wolves the perfect blueprint to beat the Spurs
98660	FOOTBALL	transfer	321	Randers agree deal for Stuttgart's Mohamed Sankoh
83802	NBA	other	363	NBA Analyst Calls Cameron Boozer Most NBA-Ready Prospect as Memphis Grizzlies Eye No. 3
77641	FOOTBALL	transfer	303	Mohamed Salah powerplay leaves Liverpool with final decision after dramatic transfer U-turn
97789	NBA	other	331	Miami Heat (DAGGER) @ Chicago Bulls (LANCE) Odds
60959	FOOTBALL	other	351	Crystal Palace beats Rayo Vallecano 1-0 for Conference League title, club's 1st European trophy
21862	NBA	other	421	"Trained not to react" - AJ Dybantsa Breaks Silence On His Viral 'Poker Face' Reaction To Washington Wizards' #1 Draft Pick Moment
80553	NFL	other	324	Panthers’ Cam Jackson gives back to hometown with youth camp
65549	FOOTBALL	transfer	384	Alex Crook REVEALS ALL on Erling Haaland's FUTURE at Man City and Jan Paul van Hecke to Spurs!
12613	NFL	other	334	Tampa Bay Buccaneers have already seen enough of undrafted free-agent signing
22069	NFL	other	324	2026 Green Bay Packers Schedule: Win-Loss Record Prediction and Full List of Games
53294	NFL	transfer	384	AFC Notes: Derwin James, Trey Smith, Chargers, Chiefs, Raiders
60073	FOOTBALL	other	301	De Bruyne: I'm happy Conte left Napoli
83265	NFL	other	325	Thursday cheese curds: Packers’ corners already drawing attention
252	NBA	other	329	Devin Booker responds to Draymond Green incident with 'big brother' comment
44072	FOOTBALL	other	335	Dani Carvajal mourns 'end of an era' in Real Madrid farewell
102879	NFL	other	328	Titans Reacts survey: How many touchdown catches will Carnell Tate have in 2026?
86695	NFL	other	317	Dates for Panthers' joint practices with Jaguars, Texans announced
39188	FOOTBALL	other	333	Serie A Preview: Roma vs Lazio – Team News, Lineups & Prediction
57716	NFL	other	290	Atlanta Falcons OTAs: Best photos from Week 2
84848	NBA	transfer	336	NBA Draft Day Drama: Top Prospects Uncertain for Wizards’ Pick
97024	NFL	other	429	Ex-Steelers QB says what fans already know about Mike Tomlin | See link below ⬇️ 📸 Charles LeClaire, Charles LeClaire-Imagn Images
56581	NFL	transfer	311	3 Seahawks trade candidates this offseason
79018	FOOTBALL	transfer	310	Nigeria midfielder Joe Aribo leaves Southampton after four-year spell
87540	NFL	transfer	316	FSU alum signs with Miami Dolphins
18187	NFL	other	325	Seattle Seahawks breakout buzz is hitting when they need it most
16802	NFL	other	13848	New York Giants officially announce jersey numbers for 2026 NFL draftees
62449	NFL	other	300	Legendary Colts Receiver Raymond Berry Dies at 93
75649	NBA	other	355	Brooklyn Nets (SILVER) @ Toronto Raptors (DAGGER) Odds
30871	FOOTBALL	other	334	The dream can continue. Alberto Moreno's goal sends Como soaring.
71903	NBA	other	360	2026 NBA Finals PER (Through Game 3): Victor Wembanyama Improves To 26.5
18945	NBA	transfer	300	The Sixers, the source said, offered the Chicago Bulls …
43218	NBA	other	342	Knicks close in on NBA Finals: Takeaways from Game 3 win vs. Cavaliers
2400	FOOTBALL	other	400	Inter Milan 3-0 Cagliari – France Striker ‘Remembered How To Do It’ As Good Form Continues In Comfortable Win
84660	NBA	other	322	Former Warriors coach Rick Adelman dies at 79
20567	NFL	other	303	NFL's recent exclusion of Raiders is actually a major blessing in disguise
84135	NFL	other	378	Why Mariners should target Giants contact king Luis Arraez before 2026 MLB trade deadline
67354	NBA	other	342	Indiana reporter Scott Agness says treatment from Pacers and Fever is "a little like bullying"
59461	NBA	other	334	Hey Suns fans, let's talk about what Phoenix should do this offseason
80641	FOOTBALL	other	315	Football's best behind-the-scenes documentaries after Manchester United's Amazon All or Nothing announcement
91251	NFL	other	330	Patriots cut $69M Diggs after just one NFL season
28040	FOOTBALL	transfer	339	Eddie Howe drops fresh Anthony Gordon transfer hint before Newcastle United vs West Ham
77673	FOOTBALL	other	333	Tottenham Hotspurs Rebuilds Defense Under Roberto De Zerbi
77711	FOOTBALL	transfer	291	Cucurella makes major Chelsea transfer statement after Alonso talks
58303	NBA	other	330	Mark Cuban reacts to Dallas Mavericks parting ways with Jason Kidd
70940	NBA	other	366	Portland Trail Blazers Lay Off Dozens of Staff Members as Franchise Faces Major Organizational Shift
10459	NFL	other	380	Nick Wright blasts Steelers for chasing "mediocrity" with Aaron Rodgers pursuit despite picking Drew Allar
52559	FOOTBALL	other	394	Watch Casemiro & Kobbie Mainoo Controlling Man United Midfield 🔥vs Brentford | TOO GOOD 🔥 Rai Sport (ogErKz2xq0)
8504	FOOTBALL	other	343	▶️ Watch Rennes vs Paris FC Live Stream | Predictions & Tips - 10 May
55258	NBA	other	343	Lakers signing Tari Eason would be a major first step toward recreating Luka’s magic
71183	NFL	other	330	Did Commanders' Terry McLaurin indirectly criticize Kliff Kingsbury?
32956	FOOTBALL	other	351	PREVIEW | SC Freiburg vs RB Leipzig: team news, lineups, predictions (Bundesliga 16/05)
1019	NBA	other	306	Micah Potter throws it down
68112	FOOTBALL	other	311	Pre-match Torino vs Milan, Serie A Round 1
101970	NFL	other	327	Emerging OL Tyler Steen lands as the Eagles' 20th best player
14521	FOOTBALL	other	371	Bayern Munich News: No budging on Konrad Laimer’s desired numbers; No visit for PSG star’s brother?; and MORE!
15127	NBA	transfer	384	Will The Jazz Trade Up For AJ Dybantsa At The Explosive 2026 NBA Draft?
55778	FOOTBALL	other	390	Ninth Leeds United call-up as Jaka Bijol summoned by Slovenia for June friendlies
38951	NFL	transfer	320	Vikings Could Target $156 Million Star in Surprise Move
35491	NFL	other	311	Bills WR Keon Coleman accepts 2026 might be his last year in Buffalo with Josh Allen
18362	FOOTBALL	transfer	336	OGC Nice’s Maxime Dupé set to join relegated Nantes
8590	FOOTBALL	other	387	1. FSV Mainz 05 vs. 1. FC Union Berlin preview: Die Eisernen still searching for first victory under Eta
40630	FOOTBALL	other	317	Fiorentina draws with Atalanta in dreary end to season for both
99135	NFL	other	296	Jalen Nailor settled at home before first Raiders camp begins
86997	NFL	other	329	Colts News: Chris Ballard Finds 2026 NFL Draft Gem
84030	NFL	transfer	325	Bengals Projected to Cut Ties With All-Star Wide Receiver
17549	NBA	other	433	Cleveland Cavaliers vs. Detroit Pistons Odds, Betting Lines, Expert picks, Game Projections, DFS Projections and Player Prop Projections - Wednesday 05/13 17:00 PM
1950	NFL	other	317	Buccaneers’ Jacob Rodriguez pipe dream is over before 2026 NFL draft even begins
2454	FOOTBALL	other	336	Vincent Kompany knows importance of Union Berlin’s historic hiring of female manager Marie-Louise Eta
52069	NFL	other	328	Texans Starter Shares Timely Message After Blockbuster Deal
67497	NBA	other	396	Wemby misses at the end, Knicks beat Spurs 105-104 for 2-0 lead in NBA Finals
83752	NBA	transfer	314	Detroit Pistons Emerging as Potential Landing Spot for Austin Reaves
28334	FOOTBALL	other	313	Como Win Their Final Home Match
47368	NBA	other	335	NBA Announces Jalen Duren News—What Does It Mean for Pistons’ Free Agency?
12822	FOOTBALL	other	15041	Sky Sports: Crystal Palace still want to replace Oliver Glasner with Premier League boss
43318	NFL	other	299	Patriots reportedly bullish on even bigger Drake Maye leap in year 3
82652	FOOTBALL	other	313	Cagliari vs Venezia
96594	FOOTBALL	other	334	Las Palmas vs. Burgos - Live Score - September 20, 2026
71986	NBA	other	330	Will Li-Ning’s Stephen Curry deal cut both ways?
74015	FOOTBALL	other	321	Spurs (GRIMACE) v Aston Villa (BOUNTY) Odds
97175	NFL	other	299	Think you have the perfect Packers sign? Now's your chance to prove it.
48526	NBA	transfer	388	NBA rumors: Giannis Antetokounmpo views Heat, Celtics as most intriguing trade destinations
55950	FOOTBALL	other	308	Moreno: Atletico Madrid should not let Julián Alvarez join Barcelona
88574	NFL	other	318	5 biggest Eagles questions remaining before training camp
61341	NBA	other	299	Philadelphia 76ers 2026 NBA Draft Preview
81107	NBA	transfer	374	NBA Trade Proposal Sends 76ers' $211 Million Star to Spurs, De'Aaron Fox Lands With Heat
51486	FOOTBALL	transfer	329	Manchester United closing in on €53m agreement for Atalanta midfielder Ederson
61043	FOOTBALL	other	336	Monza clinch Serie A return, completing 2026-27 line-up
17715	NBA	other	381	NBA draft lottery winners & losers 2026: Wizards have a decision, Bulls get a savior, Pacers lose gamble
1089	NBA	other	283	Jaylin Williams continues to impress from the perimeter
91896	FOOTBALL	other	322	Nicolas Pepe hits World Cup brace against Curaçao as Villarreal's mark grows
25673	FOOTBALL	other	314	Arne Slot admits Liverpool ‘crumbled’ against Aston Villa
81390	NFL	other	330	Biggest Overreaction From Packers Minicamp, OTAs
100839	NFL	other	383	Patriots' Will Campbell Is Working With Pro Bowl OTs, Vrabel Says the Growth Is Showing
88024	FOOTBALL	transfer	298	Bayern Munich Demands Record Fee From Real Madrid for Michael Olise
79531	NFL	other	338	How Chiefs heiress Gracie Hunt is switching up her signature NFL style for the FIFA World Cup
44022	FOOTBALL	other	369	UPDATE 1-Soccer-Girona relegated after draw with Elche, Mallorca also down in LaLiga drama
61542	NFL	transfer	375	NFL Trade Rumors: Baltimore Ravens and Las Vegas Raiders become the top landing spots for $17.5M Washingt
33381	NBA	other	306	How can the Phoenix Suns keep up in the Western Conference?
38125	FOOTBALL	other	302	Celta Vigo v Sevilla Cards + Fouls Odds
88837	FOOTBALL	other	339	Genoa vs. Lazio: live game updates, stats, play-by-play
83292	NFL	other	312	Imagining the sights and sounds of a Lions parade through downtown Detroit
49502	NBA	transfer	330	Mock draft: Rockets reel in SEC big man in second round
34845	FOOTBALL	transfer	365	Alongside Diomande: Liverpool are targeting another RB Leipzig dynamo; he’s wowed Erling Haaland
57321	NBA	transfer	316	NBA Teams Expect Memphis Grizzlies to Draft Cameron Boozer
54173	NBA	transfer	326	Kyrie Irving Trade Rumors Should Have Raptors Working the Phones
88661	NFL	other	323	Saints fans will love who has taken Tyler Shough under his wing
33561	NFL	other	396	Deion Sanders Calls Out Jacksonville Jaguars For Doing Him Dirty Before Drafting Travis Hunter — "I Don't Understand It"
339	NBA	other	308	Jalen Green reveals message ‘mentor' Steph Curry gave him after Warriors-Suns
85212	FOOTBALL	transfer	389	Manchester United Are Hoping To Land This Bayern Munich Defender: What Will He Add To Carrick’s Team?
2223	FOOTBALL	other	379	PREVIEW | Bayer Leverkusen vs FC Augsburg: team news, lineups, predictions (Bundesliga 18/04)
84933	NFL	transfer	333	Lions RB Makes Dramatic Change Replacing Houston Texans' David Montgomery
47221	FOOTBALL	transfer	331	Kylian Mbappe tipped to join Chelsea as BlueCo given dream Xabi Alonso transfer shortlist
22079	NFL	other	354	Chicago Bears vs. Minnesota Vikings - Playbyplay - Live Score - January 10, 2027
103347	FOOTBALL	other	331	Five things to know about Sevilla new signing Emmanuel Abrokwa
83123	NFL	other	322	Deion Sanders Gets 100% Real on Shedeur Sanders’ Situation With Browns
87783	NFL	other	335	Five free agents who might make sense for Carolina Panthers before training camp
37449	NBA	other	349	Havlicek stole the pod: What tools do the Boston Celtics have to reshape their roster this offseason?
8099	FOOTBALL	other	315	PREVIEW | Nottingham Forest vs Fulham - team news, lineups, predictions
28578	FOOTBALL	other	325	Manuel Neuer might have sustained injury in Bayern Munich’s win over FC Köln
7241	NBA	other	401	James Harden bounces back with 4th-quarter heroics in Cavaliers' Game 3 win vs. Pistons: 'What chatter?'
84306	FOOTBALL	other	339	Callum Styles: West Bromwich Albion full-back signs new four-year deal
94720	NBA	other	348	Bulls Miss Out On Grimes & Landale & More? Bryson Graham’s Quiet Day 1 Raises Questions
69456	FOOTBALL	other	350	Chelsea set for huge 11-player World Cup cash injection as £264m incentive emerges
32941	FOOTBALL	other	313	Galliani linked with Milan return as Ibrahimovic and Furlani face uncertain future
68949	FOOTBALL	transfer	332	Sunderland face transfer battle for Barcelona star Roony Bardghji
39480	FOOTBALL	other	306	SC Freiburg vs Aston Villa: Europa League final player ratings
72725	FOOTBALL	transfer	364	Juve-Dibu, Milan-Glasner, Lazio-Fiorentina swap: today’s transfer buzz 🔥
86063	FOOTBALL	other	335	Aston Villa (CHASER) v Arsenal (THREAT) Odds
4222	NFL	other	330	Browns Break Ground On Domed Stadium Despite Funding At Risk
20578	NFL	other	14076	Chargers Daily Links: Thursday Open Thread
47005	FOOTBALL	other	302	Inter Miami CF - Philadelphia Union 1 - 2 | GOAL - Milan Iloski
59298	NBA	other	349	Dave Portnoy slams 'delusional' Cavaliers after James Harden's stance on Knicks sweep
55231	NBA	other	309	Jamahl Mosley’s arrival may change everything for the Pelicans’ rising stars
2699	FOOTBALL	other	355	Paris Saint-Germain vs Nantes prediction and betting tips 22 April 2026
56465	NFL	other	292	NY Giants ILB Zaire Barnes 2026 Outlook
54548	FOOTBALL	other	339	FC Bayern Munchen (ZT) v Manchester City (DART) Odds
43422	NFL	transfer	329	Michigan State captain signs undrafted free agent deal with Jacksonville Jaguars
82183	NFL	other	318	Capaccio: 2026 State of the Bills: Safety
28330	FOOTBALL	other	291	Brentford vs Crystal Palace – Match preview and team news
82045	NBA	other	307	Minnesota Timberwolves NBA Draft Preview with Tyler Metcalf From No Ceilings
64547	NBA	other	317	NBA probe into Clippers and Kawhi Leonard nears conclusion
50936	NFL	other	335	AFC Notes: Carnell Tate, Cam Ward, Colts, Jaguars, Titans
101603	NBA	transfer	339	Warriors not among teams in LeBron James' free-agency hierarchy, per Shams
87874	FOOTBALL	transfer	334	Manchester United transfer latest: Red Devils 'prepared' for major £25m loss in overhaul
28966	NBA	other	335	Winners and losers from Cavaliers Game 6 loss against Raptors
92261	NFL	other	306	Ravens 1st Round Pick Reveals Surprise Offseason Surgery
33676	NFL	other	307	Commanders vs. Lions (23 Aug, 2026) Live Score - ESPN (AU)
24054	NBA	other	301	NBA announces referee mistake in Pistons' loss to Magic
31548	NFL	other	348	Cincinnati Bengals @ Carolina Panthers: Live game updates, stats, play-by-play
93443	NFL	other	304	One Over-the-Top Move the Rams Should Make Ahead of the Season
61635	NFL	other	331	Detroit Lions’ Dan Campbell And Jared Goff Slip In Latest NFL Rankings
16596	NBA	other	341	Lakers destroy Jazz behind LeBron James as they host Rockets in first-round playoff matchup
8586	FOOTBALL	other	379	Cremonese vs Pisa Prediction, 5/10/2026 Soccer Pick, Tips and Odds
48290	FOOTBALL	transfer	307	Arsenal readying aggressive move for Julian Alvarez after decision to leave Atletico Madrid reiterated – exclusive
92100	NBA	other	315	Exclusive: How Pelicans' Jaron Pierre Jr. earned Anthony Edwards, LeBron James comps
86620	NFL	other	328	Ben Roethlisberger makes bold claim about Ravens' Super Bowl chances
62330	NBA	other	313	Adam Finkelstein discusses who the Jazz will take 2nd overall in his latest NBA Mock Draft
45972	NFL	other	329	Julio Jones weighs in on Jalen Hurts not attending AJ Brown wedding
13990	NFL	transfer	312	Chiefs eyeing AJ Brown as trade rumors swirl
7052	NBA	other	322	Chris Rose: Cavaliers can't fall behind early if they want to win
95605	FOOTBALL	transfer	286	Fati makes Monaco move permanent from Barcelona
93442	NFL	other	302	One Over-the-Top Move the Rams Should Make Ahead of the Season
13834	NBA	other	340	Spurs star Victor Wembanyama nears top of NBA global viewership and jersey sales for this season
26271	FOOTBALL	other	390	Pep Guardiola trophies won as manager: List of titles with Manchester City, Barcelona and Bayern Munich
16760	NFL	other	289	3 Raiders rookies with the highest ceiling
40400	NFL	other	381	Are Seahawks fans being too harsh on Anthony Bradford? #seahawks #nfl #shorts
80912	NBA	transfer	331	Report: Boston Celtics believed to be potential Giannis suitor by rival teams
82174	NFL	transfer	307	Bills Reuniting With Former Linebacker is Perfect Gamble as Offseason Slows Down
12324	NBA	other	313	NBA playoffs 2026: Current odds for Wolves-Spurs, every second-round series
94411	FOOTBALL	transfer	311	Aston Villa Join Race to Sign Millwall Winger Femi Azeez
69854	NBA	other	327	The Utah Jazz Have a Worrying Depth Deficiency In the Second Unit
41001	FOOTBALL	other	322	Rafa Benitez sacked as former Everton and Liverpool boss leaves fourth club in five years
69995	NFL	other	333	Former Alabama receiver starts work with Broncos: ‘He’s a special dude’
77195	NFL	other	387	Chargers' Defensive Triplets Epitomize Depth on Chris O'Leary's Unit
66131	NBA	other	308	Former Warriors duo seen participating in offseason workout together
42031	FOOTBALL	transfer	301	Danny Röhl addresses links to Wolfsburg, Union Berlin and Leverkusen
47721	NFL	other	368	Jake Ferguson's fiancée Haley Cavinder dons white swimsuit to soak up sun while teasing wedding with Cowboys TE
18287	FOOTBALL	transfer	354	“Excellent” Aston Villa star set to leave club this summer with suitors already “looking at him”
69781	NBA	other	314	Chet Holmgren: Indispensable Key to Thunder Success
96508	FOOTBALL	other	316	Real Sociedad II vs Mallorca
85617	NBA	transfer	346	Thunder rumors: NBA insider reveals what’s ‘expected’ for free agent Isaiah Hartenstein
60188	NBA	other	375	Yaxel Lendeborg Is a Best-Player Bet the Hawks Have a Case for at No. 8
84957	NFL	other	300	Young Colts Cornerstones Reflect On Their Time Spent In Central Indiana
4463	NBA	other	292	Nuggets Championship Run Feels Further Away After Another Disappointment
16550	NBA	other	332	1st openly gay NBA player, twin brother of ex-Suns forward, dead at 47
5087	FOOTBALL	other	378	GALLERY: Sunglasses on – returning Newcastle United ace dubbed ‘cool dude’ as teammates arrive at St James’ Park
933	NBA	other	340	2025‑26 Washington Wizards Exit Interviews: Justin Champagnie
87342	NBA	other	386	NBA rumors: Brian Windhorst does meme with Clippers’ draft trade rumblings amid Giannis talks
53938	NBA	other	325	Paul Pierce says Celtics Jaylen Brown deserved First Team over Luka Doncic
13967	NFL	other	297	Analyst has brutal truth for Colts' Anthony Richardson's future
93402	NFL	other	298	Buccaneers' Baker Mayfield lands on a list no QB wants to be on
77290	NFL	transfer	336	Falcons lock $141M on Drake London in largest deal in franchise history
53157	NFL	other	346	Every team's salary cap space after 2026 NFL Draft (including Bills)
19347	NFL	other	313	Keaton Mitchell: Ravens ‘didn’t contact me’ before deal with Chargers
91468	NFL	other	331	My All-Time Chicago Bears Historical Team: The Bear Essentials
89297	NBA	transfer	383	Jazz take Darryn Peterson at No. 2 in effort to close the gap with Thunder, Northwest Division foes
24446	NFL	other	307	Bills expert sounds the Klaxon about potential peril of Week 5 matchup v Rams
21642	NBA	transfer	307	Recent mock drafts give the Nuggets 2 names worth circling
90415	NFL	other	302	Colts roster breakdown: Who's a lock, on the bubble at safety
78320	NFL	other	390	Bleacher Report Identifies Dolphins Wideout as Underrated Rookie Who Could Make a Huge Impact
55303	NBA	other	304	How Raptors could benefit from NBA's draft lottery reform
2754	FOOTBALL	other	326	Cole Palmer and João Pedro miss Chelsea game at Brighton because of injuries
70968	NBA	other	325	Raptors extend GM Bobby Webster, add executive VP title
54232	NFL	other	329	Chris Perkins: Dolphins’ Zach Sieler poses a dilemma for the rebuild
54621	FOOTBALL	other	307	Ipswich Town must take advantage of Wolfsburg situation - Sheffield United would hate it
65338	FOOTBALL	transfer	356	Romagnoli-Lazio, è addio: sarà un nuovo giocatore dell'Al-Sadd
57809	FOOTBALL	other	345	The Hoddle of Coffee: Tottenham Hotspur News and Links for Tuesday, May 26
86127	FOOTBALL	transfer	357	Northern Ireland midfielder nears Premier League move as Southampton agree to talks ahead of proposed £20m deal
36485	NFL	transfer	324	Insider Thinks Patriots Will Trade Away Pass Catcher After Just Three Seasons
24155	NFL	transfer	302	Buffalo Bills snap up two-time Super Bowl winner from Kansas City Chiefs
180	NBA	other	312	Greg Monroe scores season-high 28 points vs. Pelicans
36236	NFL	other	348	Cowboys' Klayton Adams Reveals 'Ultimate Goal' For Dak Prescott in 2026
59251	NBA	transfer	306	What would it take for the Atlanta Hawks To Land Kyrie Irving In A Trade This Offseason?
100783	NBA	other	387	A ‘whirlwind’ 2 weeks: New Trail Blazers coach Micah Nori hits the ground running
31724	NFL	other	328	New Orleans Saints' Cam Jordan Offer Is ON THE TABLE, Role, Opportunity Could Guarantee Return
92009	NBA	other	314	Every Michigan player drafted by the Golden State Warriors
84366	FOOTBALL	transfer	283	Details as Roma prepare first offer for Mason Greenwood
88475	NFL	other	17068	’He’s Got No Education’ — NFL Analyst Takes Issue With Browns Owner Jimmy Haslam’s Role In Giannis Antetokounmpo’s Trade
60047	FOOTBALL	other	291	Coach Hecking promoted to managing director at relegated Wolfsburg
7758	NFL	transfer	329	Russell Wilson still weighing options with Jets offer on the table
50566	NBA	transfer	318	Celtics Get Eye-Opening Update on Jaylen Brown’s Future Amid Trade Rumors
37778	NFL	other	372	Joe Burrow bluntly refuses a reporter’s question on a former Bengals teammate he clearly misses
58796	FOOTBALL	other	290	A New Sunderland… And New Cause For Optimism!
95762	NBA	other	345	Blockbuster Jaylen Brown move vindicates Grizzlies one year after trading Desmond Bane
91862	FOOTBALL	other	304	Erling Haaland with his hair down always reminds us of the Atalanta badge
47163	FOOTBALL	other	404	Football Match LIVE | Frauen-Bundesliga 2025/26 | FC Koln VS Hamburger SV! | tv9 marathi
2766	NFL	other	289	Best draft picks in Dallas Cowboys history
88781	FOOTBALL	transfer	359	Manchester United Are Among The Clubs Hoping To Land This Real Madrid Ace: Good Fit For Carrick?
13665	NBA	other	325	Ex-Warriors GM Bob Myers’ Chances of Returning to NBA Revealed
93250	NFL	other	321	All-PFF Colts team revealed over the past 20 seasons
28746	NBA	transfer	318	Former Iowa sharpshooter could be on Chicago Bulls radar
57863	FOOTBALL	other	295	Champions League final betting preview: How Arsenal can win against the odds
84708	NBA	transfer	384	Trade Pitch Lands Lakers $60 Million Center in Deal Sending Antetokounmpo to Heat
42560	NBA	other	319	No max money for Jalen Duren?
66886	FOOTBALL	transfer	344	Chelsea identify Juventus left-back Andrea Cambiaso as Marc Cucurella’s replacement
25362	NFL	other	299	The Day After the Day After: The 2026 Houston Texans’ schedule release
77380	FOOTBALL	transfer	321	Manchester City sells defender Jamay Simpson-Pusey to FC Köln
43048	NBA	transfer	294	The Atlanta Hawks' Priority Free Agent To Sign Revealed
34638	NFL	other	325	Get your Arizona Cardinals 2026 schedule wallpaper
83523	FOOTBALL	transfer	322	Barcelona transfer target rejects Arsenal & PSG to wait for Blaugrana
78278	NBA	other	319	Video - Could Ace Bailey be Primed to Lead the Utah Jazz's Bench Unit?
62604	NFL	other	341	Buccaneers Wide Receiver Named Potential Fantasy Sleeper in 2026
2311	FOOTBALL	other	343	Lens - News, Schedule, Scores, Roster, and Stats - The Athletic
18753	FOOTBALL	other	324	Cremonese coach Giampaolo: ‘Vardy the prototype of an ideal striker’
38583	NBA	other	306	Lawrence Frank Deserves a Ton of Credit for Turning Around Clippers' Future
17156	FOOTBALL	other	389	SC Freiburg - RB Leipzig ai prediction 16.05.2026 Bundesliga
56503	NFL	other	307	Ten Reasons Caleb Williams Is Owning the Bears Offseason Spotlight
69915	NFL	other	339	New Steelers safety Darnell Savage says ‘there’s still lot of meat on the bone’
66381	NFL	other	290	Steelers’ Herbig eager to show he’s worth the investment
30373	NFL	other	389	Zac Taylor's first impression of Dexter Lawrence says everything about why the Bengals' aggressive trade can work wonders for them
67830	NFL	other	322	Myles Garrett hints at potential relationship with Rams legend Aaron Donald amid return rumors
95884	NBA	other	322	Spurs get disappointing LeBron James free agency news
39209	FOOTBALL	transfer	329	Leeds United interest in defender 'remains' as Borussia Dortmund hold 'conversations'
77199	NFL	other	323	Traded wideout AJ Brown had 'a lot of good years here,' says Eagles coach Nick Sirianni
102666	NBA	other	376	Pelicans’ Micah Peavy to play second season in 2026 NBA Summer League, embracing veteran role
50339	FOOTBALL	other	304	MLS Union Inter Miami Soccer
55692	FOOTBALL	other	323	Manchester United Team and Player Stats - 2025-26 WSL Season - The Athletic
61759	FOOTBALL	other	307	Wayne Rooney opens up on how he reacted when David Moyes returned to Everton
34448	NFL	transfer	379	Breer: Chiefs Could Circle Back To A.J. Brown Given Rashee Rice Uncertainty
63002	FOOTBALL	transfer	315	Deniz Undav extends to Stuttgart
99813	NBA	other	323	Timberwolves’ Potential Starting Lineup If They Sign LeBron James
44769	NBA	other	291	Inner West Bulls - Albury-Wodonga Bandits
63762	NFL	other	311	Eagles release DE Brandon Graham
60530	NFL	other	309	Titans' Daniel Bellinger settling in, impressed by Gunnar Helm
96180	NFL	other	347	Falcons fans: Crown lemon-pepper wings, get shot at $1000 prize
92901	NBA	other	353	"No one wrote or called me" - Timofey Mozgov revealed he was left off the 2016 Cavaliers reunion trip
57528	NFL	other	325	Browns' head coaching search: Where DC Jim Schwartz stands
21194	FOOTBALL	transfer	326	Michel Mboula: PAOK linked with move for FC Metz centre-back
73753	NFL	transfer	325	Why Broncos May Be 'Potential Landing Spot' for QB Mason Rudolph
72355	NFL	other	15622	Ben Baby on why Cincinnati Bengals Didn't Address Linebacker This Offseason
28756	NBA	other	357	Cleveland Cavaliers vs New York Knicks Box Score - May 23, 2026 - The Athletic
54818	FOOTBALL	transfer	316	Italiano leaves Bologna ahead of reported Napoli move
74213	FOOTBALL	other	305	Paris Saint-Germain 2026-27 Squad
32452	NFL	other	324	Bill Belichick finally reveals why he left Jets just days after signing
92503	NFL	other	367	Seattle Seahawks Declare Free Agent PRIORITY, Choose Rashid Shaheed Over Ken Walker Tsmc Stock (mF3zRB1kew)
49180	FOOTBALL	other	395	Espanyol midfielder Ramon Terrats admits tough season: ‘It was very difficult, personally and professionally’
83716	NBA	other	360	Cleveland Cavaliers (VANDAL) @ Milwaukee Bucks (CONQUEST) Odds
51834	NBA	other	388	Los Angeles Clippers: 4 Prospects To Watch With The No. 5 Pick In The NBA Draft
8786	FOOTBALL	other	321	TRAINING TWO DAYS OUT FROM CREMONESE vs BOLOGNA
5668	FOOTBALL	other	328	Green Brigade’s ‘Fly the Flag for Palestine’ update ahead of Celtic v Atletico Madrid
96364	FOOTBALL	transfer	390	💣 Juve-Salah? Milan eye Ugarte, Lazio-Real coup: today's transfers 🤑
54689	FOOTBALL	other	385	Paraag Marathe’s message underlines Leeds United’s ‘ambitious but measured’ spend amid Squad Cost Ratio limits
41635	NFL	other	306	Top 20 rushing yards leaders in New Orleans Saints history
61716	NFL	other	298	Who was the Cardinals best addition this 2026 offseason?
51649	FOOTBALL	transfer	343	Manchester United close in on £38m Atalanta midfielder as first signing of Carrick era
96946	NBA	transfer	315	Alijah Martin to Re-Sign with the Toronto Raptors
46609	NFL	other	318	Raiders’ Jalen Nailor Could Fill Major Role for Fernando Mendoza
25300	NFL	other	299	Jets fans torn about longtime quarterback's Ring of Honor chances
90528	NFL	other	343	Three Chicago Bears make CBS Sports’ Top 100 NFL Players of 2026 List
31789	NFL	other	309	Did the Arizona Cardinals make the right decision when drafting Jeremiah Love?
25392	NFL	other	330	Deion Sanders is disappointed he didn't hear from the Jaguars about Travis Hunter
65476	FOOTBALL	transfer	312	Elche star the subject of €22m Premier League interest
17893	NFL	other	364	Patriots’ Quintayvious Hutchins Charged With Domestic Assault - NFL Rumors
22696	NBA	other	379	Ex-Hornets President Reveals Michael Jordan Destroyed His Puma Gear With A Butcher Knife
85950	NFL	other	331	Cam Jordan’s take on Saints’ outlook will catch fans’ attention
84425	FOOTBALL	transfer	330	Luis Milla set to join Como after €6m agreement with Getafe
92782	FOOTBALL	transfer	307	Who is Nico Paz? Subbing for Messi, Argentina star in complex Real Madrid transfer
50592	NBA	other	319	Bulls expand coaching search with two more names emerging
6844	NFL	other	317	For Malachi Lawrence to be a difference maker, Cowboys need OLB to harness this key aspect
77097	NFL	transfer	324	Breaking: Browns trading Myles Garrett in NFL stunner
29542	FOOTBALL	other	355	Serie A match-day 21 round-up: Juventus clinch UWCL spot as Genoa suffer relegation
59280	NBA	other	327	What is the Charlotte Hornets all-time record in Game 7s?
46984	FOOTBALL	other	370	Who is Robert Lewandowski's wife? Everything you need to know about Anna Lewandowska as Poland striker confirms he’s leaving Barcelona
12296	NBA	other	347	76ers-Knicks, Round 2: Series keys, schedule and prediction for heavyweight fight
47393	NBA	other	317	Who should and should not get contract extensions with the Indiana Pacers this offseason?
52094	NFL	other	302	Colts ranked near top in spending on undrafted free agent class
84619	NBA	other	337	NBA Shocker: James Hardens Arrest Creates New Questions for Cavaliers Future, Could This Change Everything?
59353	NBA	other	332	Rockets' Ben Sullivan interviews for Trail Blazers vacancy
76249	FOOTBALL	other	336	Manchester City case in focus after Burnley wins damages from Everton for PSR breach
97573	FOOTBALL	transfer	295	Real Betis ‘enter’ race for Eliezer Mayenda as interest builds
95189	NFL	other	353	Minnesota Vikings continue to receive criticism for their biggest offseason move, and it's completely warranted
46363	NBA	other	344	Veteran Sharpshooter Is the Ideal Low-Cost Pelicans Target in Free Agency
103855	NFL	other	596	Broncos' Zach Allen sets massive goal, expectation for Denver's defense
103458	NBA	other	347	2026 Summer League Gallery | Hornets vs Magic ‑ 07/09/26
104350	FOOTBALL	other	398	French fans celebrate FIFA 2026 World Cup semi-final berth in Paris after victory over Morocco
103744	NFL	other	308	Ray Ramano joins 'The Insiders' to discuss his Jets fandom
103847	NFL	other	359	Chiefs Coach Andy Reid DEMANDS a POWER Closer—Is Kenneth Walker Jr. the ANSWER?
104247	FOOTBALL	transfer	327	Chelsea remain interested in signing Como defender Jacobo Ramon this summer
103776	NFL	other	335	Hines Ward Endorses Steelers First Round Pick Max Iheanachor
103759	NFL	transfer	316	Dolphins had zero interest in re-signing top cornerback from last year
104246	FOOTBALL	transfer	291	Callum Wilson Completes Brentford Move on Free Transfer
104058	FOOTBALL	other	383	“We flew in a circle and then he went to Paris!” - Jurgen Klopp reveals how Liverpool arranged special flight for Kylian Mbappe before failed transfer
103946	NFL	transfer	373	Chicago Bears select Sam Roush in 2026 NFL Draft: What it means for the team
103823	NFL	other	336	Colts 4-Game Starter Tabbed as Player Under Pressure to Perform Next Season
103423	NBA	other	382	Hawks 93-66 Spurs (Jul 9, 2026) Game Recap
103787	NFL	transfer	306	Inside the Shedeur Sanders rumors linking the Browns QB to the Dallas Cowboys
104273	FOOTBALL	other	334	Wolfsburg announce Christian Eriksen will undergo individual rehab in Denmark
103533	NBA	other	306	Yuki Kawamura discusses Summer League camp with the Pacers
