article_id	entity_type	entity_id	sport	class	surface	title
32709	team	31	NFL	new	Seattle Seahawks	49ers disaster: ‘Too many red flags’ have writer predicting rough 2026 season
32709	team	32	NFL	new	Los Angeles Rams	49ers disaster: ‘Too many red flags’ have writer predicting rough 2026 season
58751	player	33934502	NFL	new	De’Zhaun Stribling	49ers select WR De’Zhaun Stribling in 2nd round of 2026 NFL Draft
72356	player	18	NFL	new	Jacoby Brissett	2026 NFL Offseason Buzz: Vikings Expected To Sign Hybrid S/LB Jamal Adams
72356	player	1375	NFL	new	Devonte Wyatt	2026 NFL Offseason Buzz: Vikings Expected To Sign Hybrid S/LB Jamal Adams
72356	player	1400	NFL	new	Jordyn Brooks	2026 NFL Offseason Buzz: Vikings Expected To Sign Hybrid S/LB Jamal Adams
72356	player	1675	NFL	new	Christian Gonzalez	2026 NFL Offseason Buzz: Vikings Expected To Sign Hybrid S/LB Jamal Adams
72356	player	2553	NFL	new	Jaycee Horn	2026 NFL Offseason Buzz: Vikings Expected To Sign Hybrid S/LB Jamal Adams
72356	player	73469	NFL	new	Taylor Moton	2026 NFL Offseason Buzz: Vikings Expected To Sign Hybrid S/LB Jamal Adams
72356	player	13878243	NFL	new	Nic Scourton	2026 NFL Offseason Buzz: Vikings Expected To Sign Hybrid S/LB Jamal Adams
80044	player	3547242	NBA	new	Deni Avdija	Tiago Splitter is the Right Hire for the Chicago Bulls
80044	player	56677850	NBA	new	Toumani Camara	Tiago Splitter is the Right Hire for the Chicago Bulls
80044	player	1028025344	NBA	new	Donovan Clingan	Tiago Splitter is the Right Hire for the Chicago Bulls
80044	team	27	NBA	new	San Antonio Spurs	Tiago Splitter is the Right Hire for the Chicago Bulls
118171	team	19	FOOTBALL	new	Arsenal	Transfer news: Summer transfer window 2026 - Premier League deals, ins and outs
118281	team	625	FOOTBALL	new	Juventus	Rumour ranking: Assessing the top 20 transfer window whispers
118281	team	2930	FOOTBALL	new	Inter	Rumour ranking: Assessing the top 20 transfer window whispers
118281	team	3468	FOOTBALL	new	Real Madrid	Rumour ranking: Assessing the top 20 transfer window whispers
130044	team	19	FOOTBALL	new	Arsenal	ESPN's pick of preseason friendlies -- when are the biggest ties of the summer?
130044	team	68	FOOTBALL	new	Borussia Dortmund	ESPN's pick of preseason friendlies -- when are the biggest ties of the summer?
130044	team	591	FOOTBALL	new	PSG	ESPN's pick of preseason friendlies -- when are the biggest ties of the summer?
130044	team	2930	FOOTBALL	new	Inter Milan	ESPN's pick of preseason friendlies -- when are the biggest ties of the summer?
143269	player	63	NFL	new	Matthew Stafford	NFL Legend Drew Brees Says He ‘Never Imagined’ Pro Football Hall of Fame Nod: ‘An Incredible Honor’ (Exclusive)
143269	player	21305	NFL	new	Larry Fitzgerald	NFL Legend Drew Brees Says He ‘Never Imagined’ Pro Football Hall of Fame Nod: ‘An Incredible Honor’ (Exclusive)
147307	player	537758	FOOTBALL	new	Donyell Malen	Roma’s bid for Nicolo Tresoldi rejected, €35 million offered
147307	player	37570379	FOOTBALL	new	Antonio Nusa	Roma’s bid for Nicolo Tresoldi rejected, €35 million offered
160358	team	21	NBA	new	Oklahoma City Thunder	2026-27 NBA title odds: How LeBron James' surprising move to the Philadelphia 76ers shifted the market and stunned bettors
166354	team	3468	FOOTBALL	new	Real Madrid	Bayern Munich News: A harsh Real-ity for Michael Olise; Galatasaray to beat FC Bayern to defender?; and MORE!
167801	team	591	FOOTBALL	new	PSG	Arsenal and Liverpool get new update after Diomande U-turn and £85.4m bid
167911	player	5666477	FOOTBALL	new	Zion Suzuki	Newcastle United have decided against signing James Trafford and considering two alternatives
167911	player	28912807	FOOTBALL	new	Carl Rushworth	Newcastle United have decided against signing James Trafford and considering two alternatives
169162	player	37922937	FOOTBALL	new	Yan Diomandé	Real Madrid see €100m transfer offer rejected
171437	player	5270371	FOOTBALL	new	Aurelien Tchouameni	Why Real Madrid's Rodri swoop is good news for Man Utd
171437	player	23738800	FOOTBALL	new	Manu Kone	Why Real Madrid's Rodri swoop is good news for Man Utd
171437	player	37922937	FOOTBALL	new	Yan Diomande	Why Real Madrid's Rodri swoop is good news for Man Utd
171925	player	81	NBA	new	Kentavious Caldwell-Pope	Shams: Caldwell-Pope plans to sign with 76ers
173415	team	9	FOOTBALL	new	Manchester City	Sky: Real Madrid in pole position to sign Leipzig gem Yan Diomande
174129	player	2479	NFL	new	Kerby Joseph	Detroit Lions 2026 Player Profile: Chuck Clark
174129	player	2585	NFL	new	Christian Izien	Detroit Lions 2026 Player Profile: Chuck Clark
174129	player	13874399	NFL	new	Isaac TeSlaa	Detroit Lions 2026 Player Profile: Chuck Clark
174129	team	7	NFL	new	Pittsburgh Steelers	Detroit Lions 2026 Player Profile: Chuck Clark
174331	team	71	FOOTBALL	new	Leeds United	Newcastle United no longer considering a move for Manchester City goalkeeper
175300	player	17553979	NBA	new	Jonathan Kuminga	NBA: Cavaliers’ New Target—The Blockbuster Signing Brewing After LeBron’s Exit
175321	player	37	NBA	new	Bradley Beal	NBA Morning Brief (Jul. 26, 2026): Heat eye 3 former All-Stars, Nuggets face key offseason loss
175321	player	81	NBA	new	Kentavious Caldwell-Pope	NBA Morning Brief (Jul. 26, 2026): Heat eye 3 former All-Stars, Nuggets face key offseason loss
175321	player	125	NBA	new	DeMar DeRozan	NBA Morning Brief (Jul. 26, 2026): Heat eye 3 former All-Stars, Nuggets face key offseason loss
175321	player	185	NBA	new	Draymond Green	NBA Morning Brief (Jul. 26, 2026): Heat eye 3 former All-Stars, Nuggets face key offseason loss
175321	player	443	NBA	new	Klay Thompson	NBA Morning Brief (Jul. 26, 2026): Heat eye 3 former All-Stars, Nuggets face key offseason loss
175321	player	56677857	NBA	new	Julian Phillips	NBA Morning Brief (Jul. 26, 2026): Heat eye 3 former All-Stars, Nuggets face key offseason loss
175321	player	1028255289	NBA	new	Spencer Jones	NBA Morning Brief (Jul. 26, 2026): Heat eye 3 former All-Stars, Nuggets face key offseason loss
175332	player	185	NBA	new	Draymond Green	Warriors Trade Idea Swaps Podziemski for Elite Sharpshooter, Steven Adams
175332	player	356	NBA	new	Josh Okogie	Warriors Trade Idea Swaps Podziemski for Elite Sharpshooter, Steven Adams
175332	player	458	NBA	new	Fred VanVleet	Warriors Trade Idea Swaps Podziemski for Elite Sharpshooter, Steven Adams
175332	player	17553992	NBA	new	Moses Moody	Warriors Trade Idea Swaps Podziemski for Elite Sharpshooter, Steven Adams
175332	player	38017695	NBA	new	Tari Eason	Warriors Trade Idea Swaps Podziemski for Elite Sharpshooter, Steven Adams
175332	player	56677858	NBA	new	Brandin Podziemski	Warriors Trade Idea Swaps Podziemski for Elite Sharpshooter, Steven Adams
175332	player	1028028519	NBA	new	Reed Sheppard	Warriors Trade Idea Swaps Podziemski for Elite Sharpshooter, Steven Adams
175352	player	56677838	NBA	new	Kobe Bufkin	New Details Emerge After Former Lakers Standout Lands New Opportunity
175364	player	81	NBA	new	Kentavious Caldwell-Pope	Caldwell-Pope reaches buyout agreement with Grizzlies
175364	team	23	NBA	new	Philadelphia 76ers	Caldwell-Pope reaches buyout agreement with Grizzlies
175440	player	81	NBA	new	Kentavious Caldwell-Pope	NBA: Back Together for Another Ring! Caldwell-Pope Signs with the 76ers, Reunites with LeBron James
175458	player	237	NBA	new	LeBron James	OKC and Spurs remain NBA favorites, according to books
175458	team	2	NBA	new	Boston Celtics	OKC and Spurs remain NBA favorites, according to books
175458	team	8	NBA	new	Denver Nuggets	OKC and Spurs remain NBA favorites, according to books
175809	player	1453	FOOTBALL	new	Joe Gomez	What we learned from Andoni Iraola’s first game in charge of Liverpool - The Athletic
175809	player	785998	FOOTBALL	new	Dominik Szoboszlai	What we learned from Andoni Iraola’s first game in charge of Liverpool - The Athletic
175809	player	23269836	FOOTBALL	new	Harvey Elliott	What we learned from Andoni Iraola’s first game in charge of Liverpool - The Athletic
175809	player	37543607	FOOTBALL	new	James McConnell	What we learned from Andoni Iraola’s first game in charge of Liverpool - The Athletic
175809	player	37657770	FOOTBALL	new	Lewis Koumas	What we learned from Andoni Iraola’s first game in charge of Liverpool - The Athletic
175809	player	37661364	FOOTBALL	new	Kieran Morrison	What we learned from Andoni Iraola’s first game in charge of Liverpool - The Athletic
175809	player	37669492	FOOTBALL	new	Trey Nyoni	What we learned from Andoni Iraola’s first game in charge of Liverpool - The Athletic
175815	team	277	FOOTBALL	new	Leipzig	Diomande's price complicates City and Liverpool's mission to sign the Chelsea star
175815	team	591	FOOTBALL	new	Paris Saint-Germain	Diomande's price complicates City and Liverpool's mission to sign the Chelsea star
175856	player	914	FOOTBALL	new	Chris Wood	'Brilliant' Everton Star Lined Up For Surprise Premier League Switch
175856	player	52867	FOOTBALL	new	Xaver Schlager	'Brilliant' Everton Star Lined Up For Surprise Premier League Switch
175856	player	21773178	FOOTBALL	new	Beto	'Brilliant' Everton Star Lined Up For Surprise Premier League Switch
175856	player	37266009	FOOTBALL	new	Merlin Rohl	'Brilliant' Everton Star Lined Up For Surprise Premier League Switch
175856	player	37590847	FOOTBALL	new	Thierno Barry	'Brilliant' Everton Star Lined Up For Surprise Premier League Switch
175856	player	37592037	FOOTBALL	new	Tyrique George	'Brilliant' Everton Star Lined Up For Surprise Premier League Switch
175979	team	597	FOOTBALL	new	Napoli	Inter close in on Serie A title by thumping Roma
176015	player	5666458	FOOTBALL	new	Maxence Lacroix	‘Full agreement’ – Crystal Palace move closer to Lacroix replacement
176015	player	23269627	FOOTBALL	new	Chrislain Matsima	‘Full agreement’ – Crystal Palace move closer to Lacroix replacement
176083	team	9	FOOTBALL	new	Manchester City	Round-up: Leeds United wingman departs as Doncaster Rovers make contingencies
176160	player	4655	FOOTBALL	new	Fikayo Tomori	Newcastle Battling Premier League Rival for AC Milan’s Defender
176310	player	98350	FOOTBALL	new	Florian Tardieu	Ligue 2 - Inquiétude pour Tardieu du côté du MHSC
176336	team	18	FOOTBALL	new	Chelsea	Napoli Extends Contract with Serie A Breakthrough Antonio Vergara
176336	team	19	FOOTBALL	new	Arsenal	Napoli Extends Contract with Serie A Breakthrough Antonio Vergara
176336	team	37	FOOTBALL	new	Roma	Napoli Extends Contract with Serie A Breakthrough Antonio Vergara
176336	team	83	FOOTBALL	new	Barcelona	Napoli Extends Contract with Serie A Breakthrough Antonio Vergara
176336	team	113	FOOTBALL	new	Milan	Napoli Extends Contract with Serie A Breakthrough Antonio Vergara
176336	team	8513	FOOTBALL	new	Bologna	Napoli Extends Contract with Serie A Breakthrough Antonio Vergara
176358	team	6	FOOTBALL	new	Tottenham	Juventus close in on Kolo Muani and Lucumi as Carnevali leads final push
176358	team	15	FOOTBALL	new	Aston Villa	Juventus close in on Kolo Muani and Lucumi as Carnevali leads final push
176358	team	591	FOOTBALL	new	PSG	Juventus close in on Kolo Muani and Lucumi as Carnevali leads final push
176465	team	6	FOOTBALL	new	Tottenham Hotspur	Journo shares reason why he will give Djed Spence to Inter Milan links ‘a lot more credence’
176465	team	13	FOOTBALL	new	Everton	Journo shares reason why he will give Djed Spence to Inter Milan links ‘a lot more credence’
176587	player	21394947	FOOTBALL	new	Julian Alvarez	Faced with Atlético Madrid's stubbornness: Barcelona refuse to go mad for Álvarez
176589	player	21394947	FOOTBALL	new	Julian Alvarez	Faced with Atletico Madrid's stubbornness: Barcelona refuses to go mad for Alvarez
176625	player	104	NBA	new	Mike Conley	Celtics Lose 3-Point Specialist to Trail Blazers in Unexpected Contract Move
176625	player	399	NBA	new	Mitchell Robinson	Celtics Lose 3-Point Specialist to Trail Blazers in Unexpected Contract Move
176625	player	476	NBA	new	Robert Williams III	Celtics Lose 3-Point Specialist to Trail Blazers in Unexpected Contract Move
176625	player	666786	NBA	new	Ja Morant	Celtics Lose 3-Point Specialist to Trail Blazers in Unexpected Contract Move
176625	player	3547242	NBA	new	Deni Avdija	Celtics Lose 3-Point Specialist to Trail Blazers in Unexpected Contract Move
176625	player	38017690	NBA	new	Shaedon Sharpe	Celtics Lose 3-Point Specialist to Trail Blazers in Unexpected Contract Move
176625	player	56677747	NBA	new	Scoot Henderson	Celtics Lose 3-Point Specialist to Trail Blazers in Unexpected Contract Move
176625	player	1028025344	NBA	new	Donovan Clingan	Celtics Lose 3-Point Specialist to Trail Blazers in Unexpected Contract Move
176625	player	1057396603	NBA	new	John Tonje	Celtics Lose 3-Point Specialist to Trail Blazers in Unexpected Contract Move
176639	player	375	NBA	new	Michael Porter Jr.	Jalen Brunson walked into a club with no problem while Brooklyn Nets player got checked behind him
176649	player	387	NBA	new	Julius Randle	Rudy Gobert could be the ideal Bulls center if he becomes an apron casualty
176649	player	447	NBA	new	Karl-Anthony Towns	Rudy Gobert could be the ideal Bulls center if he becomes an apron casualty
176649	player	3547239	NBA	new	LaMelo Ball	Rudy Gobert could be the ideal Bulls center if he becomes an apron casualty
176649	player	1028025177	NBA	new	Matas Buzelis	Rudy Gobert could be the ideal Bulls center if he becomes an apron casualty
176667	player	115	NBA	new	Stephen Curry	Mavericks Proposed to Land Steph Curry in Massive 3-Team Trade for 4 Players
176667	player	375	NBA	new	Michael Porter Jr.	Mavericks Proposed to Land Steph Curry in Massive 3-Team Trade for 4 Players
176667	player	666577	NBA	new	Daniel Gafford	Mavericks Proposed to Land Steph Curry in Massive 3-Team Trade for 4 Players
176667	player	666747	NBA	new	Caleb Martin	Mavericks Proposed to Land Steph Curry in Massive 3-Team Trade for 4 Players
176667	player	666950	NBA	new	P.J. Washington	Mavericks Proposed to Land Steph Curry in Massive 3-Team Trade for 4 Players
176667	player	3547293	NBA	new	Naji Marshall	Mavericks Proposed to Land Steph Curry in Massive 3-Team Trade for 4 Players
176667	player	56677843	NBA	new	Noah Clowney	Mavericks Proposed to Land Steph Curry in Massive 3-Team Trade for 4 Players
176667	player	57875092	NBA	new	Gui Santos	Mavericks Proposed to Land Steph Curry in Massive 3-Team Trade for 4 Players
176667	team	3	NBA	new	Brooklyn Nets	Mavericks Proposed to Land Steph Curry in Massive 3-Team Trade for 4 Players
176671	player	237	NBA	new	LeBron James	Kyrie Irving Trade Rumors: Why the Mavericks Insist Their All-Star Point Guard Isn't Going Anywhere
176671	player	443	NBA	new	Klay Thompson	Kyrie Irving Trade Rumors: Why the Mavericks Insist Their All-Star Point Guard Isn't Going Anywhere
176671	player	1057262088	NBA	new	Cooper Flagg	Kyrie Irving Trade Rumors: Why the Mavericks Insist Their All-Star Point Guard Isn't Going Anywhere
176701	player	237	NBA	new	LeBron James	New Rockets Signings Complete Oddball 2026-27 Roster
176701	player	56677778	NBA	new	Oscar Tshiebwe	New Rockets Signings Complete Oddball 2026-27 Roster
176701	player	56677857	NBA	new	Julian Phillips	New Rockets Signings Complete Oddball 2026-27 Roster
176701	team	23	NBA	new	Philadelphia 76ers	New Rockets Signings Complete Oddball 2026-27 Roster
176711	player	389	NBA	new	JJ Redick	Report: Lakers Make Major Jonathan Kuminga Contract Move Amid Standstill
176711	player	457	NBA	new	Jarred Vanderbilt	Report: Lakers Make Major Jonathan Kuminga Contract Move Amid Standstill
176717	player	45	NBA	new	Patrick Beverley	Every University of Arkansas player drafted by the Lakers
176717	player	1057386376	NBA	new	Adou Thiero	Every University of Arkansas player drafted by the Lakers
176720	player	81	NBA	new	Kentavious Caldwell-Pope	Caldwell-Pope reaches buyout agreement with Grizzlies
176732	player	37	NBA	new	Bradley Beal	Report: Miami Heat Ramp Up Chase for 5x All-Star Guard to Pair With Giannis Antetokounmpo
176732	player	125	NBA	new	DeMar DeRozan	Report: Miami Heat Ramp Up Chase for 5x All-Star Guard to Pair With Giannis Antetokounmpo
176732	player	443	NBA	new	Klay Thompson	Report: Miami Heat Ramp Up Chase for 5x All-Star Guard to Pair With Giannis Antetokounmpo
176767	player	358	NBA	new	Kelly Olynyk	New York Knicks Rumors: 3 Free Agent Centers Still Available
176767	player	371	NBA	new	Mason Plumlee	New York Knicks Rumors: 3 Free Agent Centers Still Available
176767	player	3547282	NBA	new	Nick Richards	New York Knicks Rumors: 3 Free Agent Centers Still Available
176769	player	237	NBA	new	LeBron James	NBA Eastern Conference power rankings: LeBron moves Sixers behind Knicks in East race
176769	team	23	NBA	new	Philadelphia 76ers	NBA Eastern Conference power rankings: LeBron moves Sixers behind Knicks in East race
176807	player	1028046464	NBA	new	Harrison Ingram	Young Spurs talent finds fresh opportunity after San Antonio moves on
176820	player	274	NBA	new	Kawhi Leonard	Toronto Raptors Receive Good News on DeMar DeRozan After LeBron James Trade
176820	team	16	NBA	new	Miami Heat	Toronto Raptors Receive Good News on DeMar DeRozan After LeBron James Trade
176820	team	23	NBA	new	Philadelphia 76ers	Toronto Raptors Receive Good News on DeMar DeRozan After LeBron James Trade
176847	team	25	NFL	new	Detroit Lions	NFL fans spot unique feature inside Buffalo Bills' new $2.2 billion stadium and joke 'only there'
176849	player	2121	NFL	new	Minkah Fitzpatrick	Bills should not overlook division rival's sneaky offseason addition
176853	player	38	NFL	new	Josh Allen	Buffalo Bills' Most Promising Building Block at Each Position as Training Camp Begins
176853	player	712	NFL	new	Khalil Shakir	Buffalo Bills' Most Promising Building Block at Each Position as Training Camp Begins
176853	player	862	NFL	new	Dalton Kincaid	Buffalo Bills' Most Promising Building Block at Each Position as Training Camp Begins
176853	player	13878089	NFL	new	Deone Walker	Buffalo Bills' Most Promising Building Block at Each Position as Training Camp Begins
176853	player	33934214	NFL	new	Skyler Bell	Buffalo Bills' Most Promising Building Block at Each Position as Training Camp Begins
176884	player	1300	NFL	new	Nnamdi Madubuike	One of the Baltimore Ravens’ injury list designations is actually good news
176916	player	551	NFL	new	Chase Brown	Cincinnati Bengals’ Touchdown Imbalance Puts Record-Setting RB in Spotlight
176963	player	1643	NFL	new	Willie Gay Jr.	50 Days until Chiefs football, we are ‘Justin Houston’ days away
176963	player	2239	NFL	new	Alohi Gilman	50 Days until Chiefs football, we are ‘Justin Houston’ days away
176963	player	2413	NFL	new	Bryan Cook	50 Days until Chiefs football, we are ‘Justin Houston’ days away
176963	player	2533	NFL	new	Chamarri Conner	50 Days until Chiefs football, we are ‘Justin Houston’ days away
176963	player	279408	NFL	new	Jaden Hicks	50 Days until Chiefs football, we are ‘Justin Houston’ days away
176983	player	1592	NFL	new	Taron Johnson	Raiders can bring Treydan Stukes along slowly thanks to reliable vet
177100	player	1324	NFL	new	Carl Granderson	All-NFC South Team of 2020s: Who are the division's best edge rushers?
177100	player	1331	NFL	new	Brian Burns	All-NFC South Team of 2020s: Who are the division's best edge rushers?
177100	player	1391	NFL	new	Shaquil Barrett	All-NFC South Team of 2020s: Who are the division's best edge rushers?
177100	player	1489	NFL	new	Cameron Jordan	All-NFC South Team of 2020s: Who are the division's best edge rushers?
177107	player	33934215	NFL	new	Cash Jones	Georgia RB named UDFA most likely to make the Falcons' roster
177140	player	754	NFL	new	George Kittle	"No Threats at All": The Real Reason Why 49ers GM John Lynch Showed Up at Brandon Aiyuk's House, per Insider
177140	player	278124	NFL	new	Jayden Daniels	"No Threats at All": The Real Reason Why 49ers GM John Lynch Showed Up at Brandon Aiyuk's House, per Insider
177140	team	21	NFL	new	Washington Commanders	"No Threats at All": The Real Reason Why 49ers GM John Lynch Showed Up at Brandon Aiyuk's House, per Insider
177154	player	479	NFL	new	Kenneth Walker III	Super Bowl champion Seahawks open training camp with key players on PUP
177154	player	1322	NFL	new	Boye Mafe	Super Bowl champion Seahawks open training camp with key players on PUP
177154	player	2292	NFL	new	Coby Bryant	Super Bowl champion Seahawks open training camp with key players on PUP
177154	player	2407	NFL	new	Riq Woolen	Super Bowl champion Seahawks open training camp with key players on PUP
177226	player	37317369	FOOTBALL	new	Bradley Barcola	Yan Diomande £100m transfer 'agreed' as Liverpool miss out to long-time rival
177226	team	19	FOOTBALL	new	Arsenal	Yan Diomande £100m transfer 'agreed' as Liverpool miss out to long-time rival
177226	team	591	FOOTBALL	new	Paris Saint-Germain	Yan Diomande £100m transfer 'agreed' as Liverpool miss out to long-time rival
177226	team	3468	FOOTBALL	new	Real Madrid	Yan Diomande £100m transfer 'agreed' as Liverpool miss out to long-time rival
177229	player	37317369	FOOTBALL	new	Bradley Barcola	Arsenal and Liverpool on alert after Barcola contract talks update
177339	player	173121	FOOTBALL	new	Harry Souttar	Wilder outlines Sheffield United transfer plans – with two players expected to depart and talks ongoing over move for defender
177339	player	2875852	FOOTBALL	new	Rabbi Matondo	Wilder outlines Sheffield United transfer plans – with two players expected to depart and talks ongoing over move for defender
177339	player	37607215	FOOTBALL	new	Nils Zätterström	Wilder outlines Sheffield United transfer plans – with two players expected to depart and talks ongoing over move for defender
177343	player	173121	FOOTBALL	new	Harry Souttar	Chris Wilder confirms ‘conversations’ as Sheffield United pursue summer deal for 27-year-old defender
177404	player	1131	FOOTBALL	new	Alex McCarthy	Russell Martin’s firm comments after Malaga draw as new Leicester signings expected
177404	player	1450	FOOTBALL	new	Danny Ings	Russell Martin’s firm comments after Malaga draw as new Leicester signings expected
177404	player	12216	FOOTBALL	new	Conor Chaplin	Russell Martin’s firm comments after Malaga draw as new Leicester signings expected
177404	player	37563931	FOOTBALL	new	Mason Burstow	Russell Martin’s firm comments after Malaga draw as new Leicester signings expected
177404	player	37642293	FOOTBALL	new	Ryan One	Russell Martin’s firm comments after Malaga draw as new Leicester signings expected
177404	team	21	FOOTBALL	new	Sheffield United	Russell Martin’s firm comments after Malaga draw as new Leicester signings expected
177406	player	1182	FOOTBALL	new	Jamie Vardy	Chris Wilder: The wild manager naming transfer targets at Leicester
177406	player	173121	FOOTBALL	new	Harry Souttar	Chris Wilder: The wild manager naming transfer targets at Leicester
177406	player	37607215	FOOTBALL	new	Nils Zätterström	Chris Wilder: The wild manager naming transfer targets at Leicester
177414	team	6	FOOTBALL	new	Tottenham Hotspur	League One most valuable XI: Leicester dominate with eight players
177446	player	23269627	FOOTBALL	new	Chrislain Matsima	Augsburg reject latest Crystal Palace bid for Matsima
177493	player	1358	FOOTBALL	new	Edin Dzeko	Dzeko Extends Contract with Schalke Until Summer 2027
177512	player	1397	FOOTBALL	new	Karl Darlow	Leeds United transfer deal held up by agent demands
177512	player	5569	FOOTBALL	new	Alex Cairns	Leeds United transfer deal held up by agent demands
177512	player	460159	FOOTBALL	new	Lucas Perri	Leeds United transfer deal held up by agent demands
177512	player	28575686	FOOTBALL	new	James Trafford	Leeds United transfer deal held up by agent demands
177512	team	9	FOOTBALL	new	Manchester City	Leeds United transfer deal held up by agent demands
177516	player	982	FOOTBALL	new	John Stones	Liverpool urged to sign Leeds United target after injury blow
177597	player	15434627	FOOTBALL	new	Samuel Chukwueze	Chukwueze super start boosts Milan future
177623	team	591	FOOTBALL	new	PSG	Kang In Lee move to Atlético hands Valencia CF solidarity windfall
177777	player	995	FOOTBALL	new	Romelu Lukaku	Vlahovic to Napoli: Allegri Factor and the Lukaku Condition
177777	player	177988	FOOTBALL	new	Dusan Vlahovic	Vlahovic to Napoli: Allegri Factor and the Lukaku Condition
177794	team	267	FOOTBALL	new	Venezia	Oristanio in Fantasy Football: Valuation and Statistics for Torino's New Midfielder
177884	player	33612	FOOTBALL	new	Jordan Torunarigha	'Played an excellent game' - Hamburg chief praises Torunarigha amid club's pursuit of another CB
177953	player	37922937	FOOTBALL	new	Yan Diomande	Real Madrid agree verbal deal in principle for World Cup star as Jose Mourinho gets fifth new signing
177958	player	600687	FOOTBALL	new	Vinícius Junior	A new deadline for a decision: a surprising development in the Vinícius and Real Madrid crisis file
177972	team	214	FOOTBALL	new	Valencia	Pedro Sánchez says Spain is suffering effects of climate crisis as firefighters battle wildfires in France
178037	player	34455209	FOOTBALL	new	Jonathan Rowe	Everton join race for Bologna winger Rowe but face €45m demand
178039	player	37567337	FOOTBALL	new	Santiago Castro	Dovbyk seriously considering Bologna move
178063	player	210	NBA	new	Buddy Hield	Three Atlanta Hawks Storylines to Follow As The NBA Offseason Winds Down
178063	player	3547244	NBA	new	Onyeka Okongwu	Three Atlanta Hawks Storylines to Follow As The NBA Offseason Winds Down
178063	player	17553979	NBA	new	Jonathan Kuminga	Three Atlanta Hawks Storylines to Follow As The NBA Offseason Winds Down
178063	player	17896045	NBA	new	Corey Kispert	Three Atlanta Hawks Storylines to Follow As The NBA Offseason Winds Down
178063	player	56677806	NBA	new	Mouhamed Gueye	Three Atlanta Hawks Storylines to Follow As The NBA Offseason Winds Down
178063	player	1028025242	NBA	new	Devin Carter	Three Atlanta Hawks Storylines to Follow As The NBA Offseason Winds Down
178063	player	1057847894	NBA	new	Ryan Nembhard	Three Atlanta Hawks Storylines to Follow As The NBA Offseason Winds Down
178065	player	666541	NBA	new	Lu Dort	Atlanta Chose Dort Over Risacher, and It Makes Sense
178065	player	1028028244	NBA	new	Zaccharie Risacher	Atlanta Chose Dort Over Risacher, and It Makes Sense
178065	player	1057847894	NBA	new	Ryan Nembhard	Atlanta Chose Dort Over Risacher, and It Makes Sense
178065	team	7	NBA	new	Dallas Mavericks	Atlanta Chose Dort Over Risacher, and It Makes Sense
178065	team	21	NBA	new	Oklahoma City Thunder	Atlanta Chose Dort Over Risacher, and It Makes Sense
178068	player	208	NBA	new	Mario Hezonja	The latest on Jonathan Kuminga
178068	player	237	NBA	new	LeBron James	The latest on Jonathan Kuminga
178068	player	409	NBA	new	Dennis Schröder	The latest on Jonathan Kuminga
178068	player	666908	NBA	new	Max Strus	The latest on Jonathan Kuminga
178070	player	17553979	NBA	new	Jonathan Kuminga	Lakers receive positive Kuminga update following Cavs new signing
178084	player	15	NBA	new	Giannis Antetokounmpo	Looking ahead to 2027 free agency
178084	player	79	NBA	new	Jimmy Butler	Looking ahead to 2027 free agency
178084	player	115	NBA	new	Stephen Curry	Looking ahead to 2027 free agency
178084	player	237	NBA	new	LeBron James	Looking ahead to 2027 free agency
178084	player	274	NBA	new	Kawhi Leonard	Looking ahead to 2027 free agency
178084	player	303	NBA	new	CJ McCollum	Looking ahead to 2027 free agency
178084	player	375	NBA	new	Michael Porter Jr.	Looking ahead to 2027 free agency
178084	player	458	NBA	new	Fred VanVleet	Looking ahead to 2027 free agency
178084	player	666423	NBA	new	RJ Barrett	Looking ahead to 2027 free agency
178084	player	666541	NBA	new	Luguentz Dort	Looking ahead to 2027 free agency
178084	player	666633	NBA	new	Tyler Herro	Looking ahead to 2027 free agency
178086	team	21	NBA	new	Oklahoma City Thunder	Hawks' Peyton Watson Path Didn't Get Easier With Nuggets' Spencer Jones Match
178088	team	6	NBA	new	Cleveland Cavaliers	Remembering the 76ers’ most significant transactions: From Wilt to Dr. J to LeBron
178092	player	210	NBA	new	Buddy Hield	Hawks have difficult point guard decision to make before season begins
178092	player	1028025242	NBA	new	Devin Carter	Hawks have difficult point guard decision to make before season begins
178092	player	1057847894	NBA	new	Ryan Nembhard	Hawks have difficult point guard decision to make before season begins
178107	player	666679	NBA	new	Cameron Johnson	Proposed NBA Trade Has Lakers Land $94 Million Starter in 1st Post-LeBron Move
178107	team	8	NBA	new	Denver Nuggets	Proposed NBA Trade Has Lakers Land $94 Million Starter in 1st Post-LeBron Move
178110	player	17553979	NBA	new	Jonathan Kuminga	The big signing that the Cavs are going to close in Free Agency
178110	team	6	NBA	new	Cleveland Cavaliers	The big signing that the Cavs are going to close in Free Agency
178111	player	666956	NBA	new	Coby White	Hornets Interested in Dennis Schroder: What He Actually Brings to Charlotte
178112	player	1028028244	NBA	new	Zaccharie Risacher	Dallas Mavericks Face a Franchise-Defining Decision With Zaccharie Risachers NBA Future in Question
178117	team	6	NBA	new	Cleveland Cavaliers	Kuminga's Contract Demands Continue To Put Kibosh On One Particular Trade
178117	team	14	NBA	new	Los Angeles Lakers	Kuminga's Contract Demands Continue To Put Kibosh On One Particular Trade
178120	player	70	NBA	new	Jaylen Brown	Boston Celtics Will Give Us Something We've Never Seen in 2026-27
178120	player	434	NBA	new	Jayson Tatum	Boston Celtics Will Give Us Something We've Never Seen in 2026-27
178120	player	473	NBA	new	Derrick White	Boston Celtics Will Give Us Something We've Never Seen in 2026-27
178120	player	3547276	NBA	new	Payton Pritchard	Boston Celtics Will Give Us Something We've Never Seen in 2026-27
178120	player	56677864	NBA	new	Jordan Walsh	Boston Celtics Will Give Us Something We've Never Seen in 2026-27
178120	player	1057396603	NBA	new	John Tonje	Boston Celtics Will Give Us Something We've Never Seen in 2026-27
178121	player	70	NBA	new	Jaylen Brown	How The Boston Celtics Could Have Reportedly Helped LeBron Get Back to Cleveland
178121	player	237	NBA	new	LeBron James	How The Boston Celtics Could Have Reportedly Helped LeBron Get Back to Cleveland
178121	player	322	NBA	new	Donovan Mitchell	How The Boston Celtics Could Have Reportedly Helped LeBron Get Back to Cleveland
178121	player	399	NBA	new	Mitchell Robinson	How The Boston Celtics Could Have Reportedly Helped LeBron Get Back to Cleveland
178121	player	434	NBA	new	Jayson Tatum	How The Boston Celtics Could Have Reportedly Helped LeBron Get Back to Cleveland
178121	player	666581	NBA	new	Darius Garland	How The Boston Celtics Could Have Reportedly Helped LeBron Get Back to Cleveland
178121	team	23	NBA	new	Philadelphia 76ers	How The Boston Celtics Could Have Reportedly Helped LeBron Get Back to Cleveland
178125	player	70	NBA	new	Jaylen Brown	Celtics’ Payton Pritchard Extension Talks Get Interesting Update
178125	player	17553967	NBA	new	Neemias Queta	Celtics’ Payton Pritchard Extension Talks Get Interesting Update
178125	player	56677864	NBA	new	Jordan Walsh	Celtics’ Payton Pritchard Extension Talks Get Interesting Update
178126	player	104	NBA	new	Mike Conley	Proposed Trade Lands Boston Celtics Their Point Guard Of The Future
178126	player	17896060	NBA	new	Sam Hauser	Proposed Trade Lands Boston Celtics Their Point Guard Of The Future
178126	player	38017717	NBA	new	Ron Harper Jr.	Proposed Trade Lands Boston Celtics Their Point Guard Of The Future
178126	player	56677747	NBA	new	Scoot Henderson	Proposed Trade Lands Boston Celtics Their Point Guard Of The Future
178128	player	70	NBA	new	Jaylen Brown	Who are the Boston Celtics biggest X-factors for the 2026-27 NBA season?
178128	player	104	NBA	new	Mike Conley	Who are the Boston Celtics biggest X-factors for the 2026-27 NBA season?
178128	player	399	NBA	new	Mitchell Robinson	Who are the Boston Celtics biggest X-factors for the 2026-27 NBA season?
178128	team	23	NBA	new	Philadelphia 76ers	Who are the Boston Celtics biggest X-factors for the 2026-27 NBA season?
178131	team	10	NBA	new	Golden State Warriors	Why Stephen Curry to the Celtics isn't as crazy as it sounds
178133	player	70	NBA	new	Jaylen Brown	Boston Celtics Will Give Us Something We've Never Seen in 2026-27
178133	player	172	NBA	new	Paul George	Boston Celtics Will Give Us Something We've Never Seen in 2026-27
178133	player	434	NBA	new	Jayson Tatum	Boston Celtics Will Give Us Something We've Never Seen in 2026-27
178133	player	473	NBA	new	Derrick White	Boston Celtics Will Give Us Something We've Never Seen in 2026-27
178133	player	3547276	NBA	new	Payton Pritchard	Boston Celtics Will Give Us Something We've Never Seen in 2026-27
178133	player	56677864	NBA	new	Jordan Walsh	Boston Celtics Will Give Us Something We've Never Seen in 2026-27
178133	player	1057396603	NBA	new	John Tonje	Boston Celtics Will Give Us Something We've Never Seen in 2026-27
178136	team	7	NBA	new	Dallas Mavericks	Cavaliers Proposed to Bring Back Kyrie Irving 3-Team Trade for James Harden
178143	team	23	NBA	new	Philadelphia 76ers	Brandon Jennings Is Right: Jayson Tatum Took a Shot at Jaylen Brown
178144	player	172	NBA	new	Paul George	Celtics Reportedly Turned Down Surprising Jaylen Brown Interest
178144	player	237	NBA	new	LeBron James	Celtics Reportedly Turned Down Surprising Jaylen Brown Interest
178144	team	23	NBA	new	Philadelphia 76ers	Celtics Reportedly Turned Down Surprising Jaylen Brown Interest
178145	player	434	NBA	new	Jayson Tatum	NBA Legend Gives Bold Take on Jaylen Brown-Boston Celtics Rift
178145	team	23	NBA	new	Philadelphia 76ers	NBA Legend Gives Bold Take on Jaylen Brown-Boston Celtics Rift
178146	team	1	NBA	new	Atlanta Hawks	Where the Sixers Stand in the Eastern Conference Hierarchy
178146	team	9	NBA	new	Detroit Pistons	Where the Sixers Stand in the Eastern Conference Hierarchy
178146	team	12	NBA	new	Indiana Pacers	Where the Sixers Stand in the Eastern Conference Hierarchy
178152	player	115	NBA	new	Steph Curry	Report: Steph Curry may play hardball with the Warriors
178157	player	666923	NBA	new	Matisse Thybulle	Magic Johnson Reacts To Los Angeles Lakers Signing 7-Year NBA Player
178163	team	23	NBA	new	Philadelphia 76ers	Jayson Tatum's potential dig at Jaylen Brown sent social media into a frenzy
178168	player	237	NBA	new	LeBron James	Philly soars as NBA title contender
178168	team	23	NBA	new	Philadelphia 76ers	Philly soars as NBA title contender
178186	team	23	NBA	new	Philadelphia 76ers	Jaylen Brown’s blunt Sixers reaction sends fans into frenzy
178195	player	268	NBA	new	Zach LaVine	Brooklyn Nets Predicted to Land Two-Time All-Star Guard for Michael Porter Jr.
178195	team	26	NBA	new	Sacramento Kings	Brooklyn Nets Predicted to Land Two-Time All-Star Guard for Michael Porter Jr.
178195	team	27	NBA	new	San Antonio Spurs	Brooklyn Nets Predicted to Land Two-Time All-Star Guard for Michael Porter Jr.
178203	player	375	NBA	new	Michael Porter Jr.	Nets rank 28th in NBA after LeBron James signs with 76ers
178203	player	387	NBA	new	Julius Randle	Nets rank 28th in NBA after LeBron James signs with 76ers
178203	player	38017714	NBA	new	Keon Ellis	Nets rank 28th in NBA after LeBron James signs with 76ers
178203	player	1057266813	NBA	new	Egor Demin	Nets rank 28th in NBA after LeBron James signs with 76ers
178204	player	115	NBA	new	Stephen Curry	Nets' Michael Porter Jr. Could be Pivot Option For Teams Following LeBron's Decision
178204	player	208	NBA	new	Mario Hezonja	Nets' Michael Porter Jr. Could be Pivot Option For Teams Following LeBron's Decision
178204	player	237	NBA	new	LeBron James	Nets' Michael Porter Jr. Could be Pivot Option For Teams Following LeBron's Decision
178204	team	10	NBA	new	Golden State Warriors	Nets' Michael Porter Jr. Could be Pivot Option For Teams Following LeBron's Decision
178204	team	23	NBA	new	Philadelphia 76ers	Nets' Michael Porter Jr. Could be Pivot Option For Teams Following LeBron's Decision
178206	player	88	NBA	new	Vince Carter	Nets Land 6 Players on B/R's Top 50 Dunkers List
178206	player	186	NBA	new	Gerald Green	Nets Land 6 Players on B/R's Top 50 Dunkers List
178206	player	189	NBA	new	Blake Griffin	Nets Land 6 Players on B/R's Top 50 Dunkers List
178206	player	250	NBA	new	DeAndre Jordan	Nets Land 6 Players on B/R's Top 50 Dunkers List
178219	player	169	NBA	new	Marc Gasol	“All You Did Was a Couple of Chase-Down Blocks”: NBA Legend Calls Out LeBron James’ DPOY Claim
178230	player	237	NBA	new	LeBron James	LeBron, the best 'bargain contract' in NBA history... Local media still shocked: "Same salary as a backup who played 12 games"
178230	team	23	NBA	new	Philadelphia 76ers	LeBron, the best 'bargain contract' in NBA history... Local media still shocked: "Same salary as a backup who played 12 games"
178231	team	26	NBA	new	Sacramento Kings	Could Hornets Make Sense as Potential Russell Westbrook Suitor?
178233	team	8	NBA	new	Denver Nuggets	Could the Charlotte Hornets Buy-Low on Restricted Free Agent Peyton Watson?
178234	player	115	NBA	new	Stephen Curry	"It's not Curry's fault": The real reason LeBron didn't go to GSW... "Because Philadelphia has a higher championship probability"
178234	player	237	NBA	new	LeBron James	"It's not Curry's fault": The real reason LeBron didn't go to GSW... "Because Philadelphia has a higher championship probability"
178234	team	10	NBA	new	Golden State Warriors	"It's not Curry's fault": The real reason LeBron didn't go to GSW... "Because Philadelphia has a higher championship probability"
178234	team	23	NBA	new	Philadelphia 76ers	"It's not Curry's fault": The real reason LeBron didn't go to GSW... "Because Philadelphia has a higher championship probability"
178237	player	667378	NBA	new	Naz Reid	Should Hornets Consider Trading Moussa Diabaté After Breakout Season?
178237	player	3547239	NBA	new	LaMelo Ball	Should Hornets Consider Trading Moussa Diabaté After Breakout Season?
178237	player	38017725	NBA	new	Moussa Diabaté	Should Hornets Consider Trading Moussa Diabaté After Breakout Season?
178237	player	56677823	NBA	new	Brandon Miller	Should Hornets Consider Trading Moussa Diabaté After Breakout Season?
178237	player	1057263194	NBA	new	Kon Knueppel	Should Hornets Consider Trading Moussa Diabaté After Breakout Season?
178237	player	1057384362	NBA	new	Ryan Kalkbrenner	Should Hornets Consider Trading Moussa Diabaté After Breakout Season?
178247	player	37	NBA	new	Bradley Beal	Report: Miami Heat Ramp Up Chase for 5x All-Star Guard to Pair With Giannis Antetokounmpo
178247	player	125	NBA	new	DeMar DeRozan	Report: Miami Heat Ramp Up Chase for 5x All-Star Guard to Pair With Giannis Antetokounmpo
178270	team	6	NBA	new	Cleveland Cavaliers	Chicago Bulls $33 Million Vet Gets Leading Trade Candidate Label
178274	player	27	NBA	new	Lonzo Ball	Bulls’ New Signing Already Drawing Trade Speculation
178274	player	380	NBA	new	Norman Powell	Bulls’ New Signing Already Drawing Trade Speculation
178274	player	1028025177	NBA	new	Matas Buzelis	Bulls’ New Signing Already Drawing Trade Speculation
178281	player	401	NBA	new	Derrick Rose	Bulls Bullets: Chicago Sets WNBA All-Star Attendance Record!
178283	player	380	NBA	new	Norman Powell	Bulls’ New Signing Already Drawing Trade Speculation
178283	player	1028025177	NBA	new	Matas Buzelis	Bulls’ New Signing Already Drawing Trade Speculation
178286	player	3547274	NBA	new	Tre Jones	Which Bulls Players Benefit The Most From Caleb Wilson's Arrival?
178286	player	17896065	NBA	new	Josh Giddey	Which Bulls Players Benefit The Most From Caleb Wilson's Arrival?
178286	player	1028025177	NBA	new	Matas Buzelis	Which Bulls Players Benefit The Most From Caleb Wilson's Arrival?
178288	player	1016384149	NBA	new	Tristan Vukcevic	An Anthony Davis Wizards extension could create a perfect Bulls rebuild target
178291	team	15	NBA	new	Memphis Grizzlies	Ex-Bulls Star Derrick Rose Sends Message To LeBron James
178291	team	23	NBA	new	Philadelphia 76ers	Ex-Bulls Star Derrick Rose Sends Message To LeBron James
178294	player	15	NBA	new	Giannis Antetokounmpo	Bulls Legend Derrick Rose Calls Caleb Wilson ‘Delusional’ in Positive Way
178294	player	185	NBA	new	Draymond Green	Bulls Legend Derrick Rose Calls Caleb Wilson ‘Delusional’ in Positive Way
178299	player	145	NBA	new	Joel Embiid	LeBron James, for his final act, will try to find fulfillment in Philadelphia - The Athletic
178299	player	3547254	NBA	new	Tyrese Maxey	LeBron James, for his final act, will try to find fulfillment in Philadelphia - The Athletic
178302	team	23	NBA	new	Philadelphia 76ers	President Donald Trump says NBA star LeBron James 'maybe a racist'
178307	player	3547238	NBA	new	Anthony Edwards	The Bulls' bizarre 2020 NBA Draft connection is a brutal reminder of what went wrong
178307	player	3547239	NBA	new	LaMelo Ball	The Bulls' bizarre 2020 NBA Draft connection is a brutal reminder of what went wrong
178307	player	3547245	NBA	new	Tyrese Haliburton	The Bulls' bizarre 2020 NBA Draft connection is a brutal reminder of what went wrong
178307	player	3547247	NBA	new	Isaac Okoro	The Bulls' bizarre 2020 NBA Draft connection is a brutal reminder of what went wrong
178307	player	3547248	NBA	new	Patrick Williams	The Bulls' bizarre 2020 NBA Draft connection is a brutal reminder of what went wrong
178307	player	3547264	NBA	new	Jalen Smith	The Bulls' bizarre 2020 NBA Draft connection is a brutal reminder of what went wrong
178307	team	4	NBA	new	Charlotte Hornets	The Bulls' bizarre 2020 NBA Draft connection is a brutal reminder of what went wrong
178307	team	6	NBA	new	Cleveland Cavaliers	The Bulls' bizarre 2020 NBA Draft connection is a brutal reminder of what went wrong
178307	team	18	NBA	new	Minnesota Timberwolves	The Bulls' bizarre 2020 NBA Draft connection is a brutal reminder of what went wrong
178307	team	24	NBA	new	Phoenix Suns	The Bulls' bizarre 2020 NBA Draft connection is a brutal reminder of what went wrong
178307	team	26	NBA	new	Sacramento Kings	The Bulls' bizarre 2020 NBA Draft connection is a brutal reminder of what went wrong
178312	player	219	NBA	new	Al Horford	Billy Donovan Drops Secret 4-Word Motivation That Fueled Florida’s 2007 Title
178312	player	1771	NBA	new	Joakim Noah	Billy Donovan Drops Secret 4-Word Motivation That Fueled Florida’s 2007 Title
178313	player	237	NBA	new	LeBron James	76ers trade packages for Yves Missi, Thomas Sorber and Leonard Miller to win an NBA title with LeBron
178313	team	21	NBA	new	Oklahoma City Thunder	76ers trade packages for Yves Missi, Thomas Sorber and Leonard Miller to win an NBA title with LeBron
178323	team	14	NBA	new	Los Angeles Lakers	Trump says of LeBron James: ‘Maybe he’s a racist’
178323	team	23	NBA	new	Philadelphia 76ers	Trump says of LeBron James: ‘Maybe he’s a racist’
178325	player	237	NBA	new	LeBron James	Scottie Pippen Says Michael Jordan Isn’t the NBA’s Only GOAT
178336	team	23	NBA	new	Philadelphia 76ers	Trump Calls LeBron James a Possible 'Racist' While Praising Michael Jordan as the Real GOAT in Oval Office
178351	player	208	NBA	new	Mario Hezonja	Former top-5 pick returns to the NBA
178353	player	208	NBA	new	Mario Hezonja	Cavs sign impactful wing scorer from Europe
178361	player	208	NBA	new	Mario Hezonja	Jonathan Kuminga’s Path to the Lakers Becomes Clearer After Cavaliers’ $2.8 Million Decision
178362	player	208	NBA	new	Mario Hezonja	Report: Cavs sign former top-5 pick, Euroleague star
178364	player	208	NBA	new	Mario Hezonja	Cavs to sign EuroLeague star and former top 5 pick to one-year deal
178369	player	208	NBA	new	Mario Hezonja	Cavs bring Hezonja back to NBA with 1-year, $2.8M deal
178370	team	25	NBA	new	Portland Trail Blazers	3 Main Things Cavaliers Fans Should Know About Mario Hezonja
178372	player	208	NBA	new	Mario Hezonja	Warriors miss out again as coveted EuroLeague free agent chooses Cavaliers
178376	team	25	NBA	new	Portland Trail Blazers	Mario Hezonja Joins Cleveland Cavaliers on One-Year Deal
178381	player	208	NBA	new	Mario Hezonja	Now Cleveland — after LeBron James chose Philadelphia …
178382	player	208	NBA	new	Mario Hezonja	Golden State Warriors Get Bad News On NBA Free Agent Target After Cavs Move
178382	player	237	NBA	new	LeBron James	Golden State Warriors Get Bad News On NBA Free Agent Target After Cavs Move
178389	player	208	NBA	new	Mario Hezonja	Cavs Reportedly Sign Former NBA Lottery Pick After Missing Out on LeBron James Contract
178389	team	23	NBA	new	Philadelphia 76ers	Cavs Reportedly Sign Former NBA Lottery Pick After Missing Out on LeBron James Contract
178395	player	208	NBA	new	Mario Hezonja	'He Can Be an Additive Piece' -- Analyst Explains How Former Top-5 Pick's NBA Comeback Could Elevate Cavaliers
178395	team	23	NBA	new	Philadelphia 76ers	'He Can Be an Additive Piece' -- Analyst Explains How Former Top-5 Pick's NBA Comeback Could Elevate Cavaliers
178403	player	208	NBA	new	Mario Hezonja	Hezonja heads back to the NBA: Cavaliers land the Croatian forward after beating out the Warriors
178410	team	1	NBA	new	Atlanta Hawks	Cleveland Cavaliers Target Free Agent Moves After Missing LeBron James
178410	team	2	NBA	new	Boston Celtics	Cleveland Cavaliers Target Free Agent Moves After Missing LeBron James
178410	team	11	NBA	new	Houston Rockets	Cleveland Cavaliers Target Free Agent Moves After Missing LeBron James
178410	team	14	NBA	new	Los Angeles Lakers	Cleveland Cavaliers Target Free Agent Moves After Missing LeBron James
178410	team	23	NBA	new	Philadelphia 76ers	Cleveland Cavaliers Target Free Agent Moves After Missing LeBron James
178412	player	117	NBA	new	Anthony Davis	LeBron James’ best teammates of all time, ranked
178412	player	228	NBA	new	Kyrie Irving	LeBron James’ best teammates of all time, ranked
178412	player	461	NBA	new	Dwyane Wade	LeBron James’ best teammates of all time, ranked
178415	team	25	NBA	new	Portland Trail Blazers	Mario Hezonja back in NBA, signs deal with Cavs
178421	player	208	NBA	new	Mario Hezonja	Lakers’ Jonathan Kuminga Odds Take Intriguing Turn After Cavaliers Move
178429	player	208	NBA	new	Mario Hezonja	Warriors miss out again as coveted EuroLeague free agent chooses Cavaliers
178430	player	208	NBA	new	Mario Hezonja	Cavaliers Sign EuroLeague Star Forward to One-Year Deal
178433	player	9	NBA	new	Jarrett Allen	Non-LeBron Cavaliers reunion trade can still save offseason
178433	player	231	NBA	new	Jaren Jackson Jr.	Non-LeBron Cavaliers reunion trade can still save offseason
178433	player	297	NBA	new	Lauri Markkanen	Non-LeBron Cavaliers reunion trade can still save offseason
178433	player	338	NBA	new	Svi Mykhailiuk	Non-LeBron Cavaliers reunion trade can still save offseason
178433	player	409	NBA	new	Dennis Schröder	Non-LeBron Cavaliers reunion trade can still save offseason
178433	player	3547299	NBA	new	Sam Merrill	Non-LeBron Cavaliers reunion trade can still save offseason
178433	player	17896076	NBA	new	Evan Mobley	Non-LeBron Cavaliers reunion trade can still save offseason
178433	player	38017705	NBA	new	Walker Kessler	Non-LeBron Cavaliers reunion trade can still save offseason
178437	team	1	NBA	new	Atlanta Hawks	Lakers Get Major Insider Message on Jonathan Kuminga After Cavs Signing
178439	player	115	NBA	new	Stephen Curry	Mavericks Proposed to Trade for Steph Curry in Massive 3-Team Deal for 4 Stars
178439	player	375	NBA	new	Michael Porter Jr.	Mavericks Proposed to Trade for Steph Curry in Massive 3-Team Deal for 4 Stars
178439	player	666577	NBA	new	Daniel Gafford	Mavericks Proposed to Trade for Steph Curry in Massive 3-Team Deal for 4 Stars
178439	player	666747	NBA	new	Caleb Martin	Mavericks Proposed to Trade for Steph Curry in Massive 3-Team Deal for 4 Stars
178439	player	666950	NBA	new	P.J. Washington	Mavericks Proposed to Trade for Steph Curry in Massive 3-Team Deal for 4 Stars
178439	player	3547293	NBA	new	Naji Marshall	Mavericks Proposed to Trade for Steph Curry in Massive 3-Team Deal for 4 Stars
178439	player	56677843	NBA	new	Noah Clowney	Mavericks Proposed to Trade for Steph Curry in Massive 3-Team Deal for 4 Stars
178439	player	57875092	NBA	new	Gui Santos	Mavericks Proposed to Trade for Steph Curry in Massive 3-Team Deal for 4 Stars
178439	team	3	NBA	new	Brooklyn Nets	Mavericks Proposed to Trade for Steph Curry in Massive 3-Team Deal for 4 Stars
178452	player	18	NBA	new	OG Anunoby	Masai Ujiri's bold Tobi Lawal comparison hints Mavericks found a hidden gem
178452	team	20	NBA	new	New York Knicks	Masai Ujiri's bold Tobi Lawal comparison hints Mavericks found a hidden gem
178453	player	208	NBA	new	Mario Hezonja	Golden State Warriors Get Bad News On NBA Free Agent Target After Cavs Move
178453	team	6	NBA	new	Cleveland Cavaliers	Golden State Warriors Get Bad News On NBA Free Agent Target After Cavs Move
178453	team	20	NBA	new	New York Knicks	Golden State Warriors Get Bad News On NBA Free Agent Target After Cavs Move
178461	team	16	NBA	new	Miami Heat	Has Klay Thompson Approached Mavs On Potential Buyout?
178469	player	38017696	NBA	new	Nikola Jovic	Mavericks' Klay Thompson trade rumors should put Heat's 6-foot-10 forward on radar
178484	player	125	NBA	new	DeMar DeRozan	DeMar DeRozans NBA Future: The One Team That Makes Sense for the Veteran Star in 2026
178484	team	14	NBA	new	Los Angeles Lakers	DeMar DeRozans NBA Future: The One Team That Makes Sense for the Veteran Star in 2026
178509	player	666679	NBA	new	Cameron Johnson	Denver Nuggets 7-Year NBA Veteran Gets Trade Prediction
178509	team	1	NBA	new	Atlanta Hawks	Denver Nuggets 7-Year NBA Veteran Gets Trade Prediction
178509	team	24	NBA	new	Phoenix Suns	Denver Nuggets 7-Year NBA Veteran Gets Trade Prediction
178516	player	38017721	NBA	new	Peyton Watson	By matching Jones' sheet, the Nuggets face a $32 …
178516	player	1028255289	NBA	new	Spencer Jones	By matching Jones' sheet, the Nuggets face a $32 …
178517	player	38017729	NBA	new	David Roddy	Hapoel Jerusalem adds NBA talent and Chinese League MVP to its lineup
178519	player	666541	NBA	new	Lu Dort	Thunder Get Bad News on Two-Way Wing After Spencer Jones’ $12 Million Deal
178519	player	3547272	NBA	new	Isaiah Joe	Thunder Get Bad News on Two-Way Wing After Spencer Jones’ $12 Million Deal
178519	player	17896078	NBA	new	Aaron Wiggins	Thunder Get Bad News on Two-Way Wing After Spencer Jones’ $12 Million Deal
178519	player	1057392335	NBA	new	Brooks Barnhizer	Thunder Get Bad News on Two-Way Wing After Spencer Jones’ $12 Million Deal
178524	player	1028255289	NBA	new	Spencer Jones	Thunder’s genius way of stealing underrated Nuggets player in free agency
178534	player	201	NBA	new	Isaiah Hartenstein	Fans are calling Sam Presti a ‘savage’ for his sneaky move that hurts Thunder rival
178534	player	38017685	NBA	new	Chet Holmgren	Fans are calling Sam Presti a ‘savage’ for his sneaky move that hurts Thunder rival
178534	player	38017706	NBA	new	Jaylin Williams	Fans are calling Sam Presti a ‘savage’ for his sneaky move that hurts Thunder rival
178534	player	38017721	NBA	new	Peyton Watson	Fans are calling Sam Presti a ‘savage’ for his sneaky move that hurts Thunder rival
178534	player	1028255289	NBA	new	Spencer Jones	Fans are calling Sam Presti a ‘savage’ for his sneaky move that hurts Thunder rival
178534	player	1057274983	NBA	new	Thomas Sorber	Fans are calling Sam Presti a ‘savage’ for his sneaky move that hurts Thunder rival
178535	player	1028255289	NBA	new	Spencer Jones	Shams: Nuggets match OKC offer sheet, retain Jones
178536	player	17553979	NBA	new	Jonathan Kuminga	Proposed NBA Trade Has Lakers Land $94 Million Starter in 1st Post-LeBron Move
178536	team	1	NBA	new	Atlanta Hawks	Proposed NBA Trade Has Lakers Land $94 Million Starter in 1st Post-LeBron Move
178549	player	115	NBA	new	Stephen Curry	Nikola Jokic, Giannis Antetokounmpo Headline What Could Be the Richest NBA Free Agent Class Ever in 2027
178549	player	117	NBA	new	Anthony Davis	Nikola Jokic, Giannis Antetokounmpo Headline What Could Be the Richest NBA Free Agent Class Ever in 2027
178549	player	274	NBA	new	Kawhi Leonard	Nikola Jokic, Giannis Antetokounmpo Headline What Could Be the Richest NBA Free Agent Class Ever in 2027
178565	player	101	NBA	new	John Collins	Detroit Pistons: Is Ron Holland II Due For A Breakout Season?
178565	player	196	NBA	new	Gary Harris	Detroit Pistons: Is Ron Holland II Due For A Breakout Season?
178565	player	383	NBA	new	Taurean Prince	Detroit Pistons: Is Ron Holland II Due For A Breakout Season?
178565	player	3547272	NBA	new	Isaiah Joe	Detroit Pistons: Is Ron Holland II Due For A Breakout Season?
178565	team	6	NBA	new	Cleveland Cavaliers	Detroit Pistons: Is Ron Holland II Due For A Breakout Season?
178571	player	101	NBA	new	John Collins	Breaking Down The Detroit Pistons’ Offensive Philosophy Last Season
178571	player	196	NBA	new	Gary Harris	Breaking Down The Detroit Pistons’ Offensive Philosophy Last Season
178571	player	200	NBA	new	Tobias Harris	Breaking Down The Detroit Pistons’ Offensive Philosophy Last Season
178571	player	277	NBA	new	Caris LeVert	Breaking Down The Detroit Pistons’ Offensive Philosophy Last Season
178571	player	383	NBA	new	Taurean Prince	Breaking Down The Detroit Pistons’ Offensive Philosophy Last Season
178571	player	3547267	NBA	new	Isaiah Stewart	Breaking Down The Detroit Pistons’ Offensive Philosophy Last Season
178571	player	3547272	NBA	new	Isaiah Joe	Breaking Down The Detroit Pistons’ Offensive Philosophy Last Season
178571	player	17896075	NBA	new	Cade Cunningham	Breaking Down The Detroit Pistons’ Offensive Philosophy Last Season
178571	player	38017686	NBA	new	Bennedict Mathurin	Breaking Down The Detroit Pistons’ Offensive Philosophy Last Season
178571	player	38017694	NBA	new	Jalen Duren	Breaking Down The Detroit Pistons’ Offensive Philosophy Last Season
178571	player	56677792	NBA	new	Marcus Sasser	Breaking Down The Detroit Pistons’ Offensive Philosophy Last Season
178572	player	200	NBA	new	Tobias Harris	Pistons receive reality check about Jalen Duren situation
178572	player	237	NBA	new	LeBron James	Pistons receive reality check about Jalen Duren situation
178572	player	277	NBA	new	Caris LeVert	Pistons receive reality check about Jalen Duren situation
178572	player	406	NBA	new	Domantas Sabonis	Pistons receive reality check about Jalen Duren situation
178572	player	3547267	NBA	new	Isaiah Stewart	Pistons receive reality check about Jalen Duren situation
178572	player	17896075	NBA	new	Cade Cunningham	Pistons receive reality check about Jalen Duren situation
178572	player	38017703	NBA	new	Jalen Williams	Pistons receive reality check about Jalen Duren situation
178572	player	56677826	NBA	new	Ausar Thompson	Pistons receive reality check about Jalen Duren situation
178574	player	81	NBA	new	Kentavious Caldwell-Pope	Former Georgia Bulldog is in the middle of LeBron James' free agency decision
178574	player	3547238	NBA	new	Anthony Edwards	Former Georgia Bulldog is in the middle of LeBron James' free agency decision
178574	team	23	NBA	new	Philadelphia 76ers	Former Georgia Bulldog is in the middle of LeBron James' free agency decision
178582	player	132	NBA	new	Luka Doncic	Wendell Moore Jr. Reportedly Drawing Overseas Interest
178616	team	23	NBA	new	Philadelphia 76ers	Stephen Curry lets LeBron James know how he feels after turning down the Warriors
178618	player	237	NBA	new	LeBron James	Curry unfazed by LeBron snubbing Warriors: 'Don't envision anything until it happens'
178623	player	115	NBA	new	Stephen Curry	Warriors come up short in trade package for Trey Murphy III
178623	player	17553992	NBA	new	Moses Moody	Warriors come up short in trade package for Trey Murphy III
178623	player	56677858	NBA	new	Brandin Podziemski	Warriors come up short in trade package for Trey Murphy III
178623	player	57875092	NBA	new	Gui Santos	Warriors come up short in trade package for Trey Murphy III
178623	team	19	NBA	new	New Orleans Pelicans	Warriors come up short in trade package for Trey Murphy III
178627	player	115	NBA	new	Steph Curry	Warriors Urged to Strike Blockbuster NBA Trade for Controversial $197 Million Star
178627	player	208	NBA	new	Mario Hezonja	Warriors Urged to Strike Blockbuster NBA Trade for Controversial $197 Million Star
178627	player	237	NBA	new	LeBron James	Warriors Urged to Strike Blockbuster NBA Trade for Controversial $197 Million Star
178627	player	666969	NBA	new	Zion Williamson	Warriors Urged to Strike Blockbuster NBA Trade for Controversial $197 Million Star
178631	player	79	NBA	new	Jimmy Butler	Steph Curry-Warriors rift emerges after another failed LeBron James chase
178631	player	115	NBA	new	Steph Curry	Steph Curry-Warriors rift emerges after another failed LeBron James chase
178631	player	185	NBA	new	Draymond Green	Steph Curry-Warriors rift emerges after another failed LeBron James chase
178631	player	378	NBA	new	Kristaps Porziņģis	Steph Curry-Warriors rift emerges after another failed LeBron James chase
178637	player	443	NBA	new	Klay Thompson	Miami still after former Warriors star despite failed LeBron James pursuit
178638	player	117	NBA	new	Anthony Davis	Warriors, Veteran Guard Have ‘Mutual Interest’ After LeBron, AD Misses
178638	player	237	NBA	new	LeBron James	Warriors, Veteran Guard Have ‘Mutual Interest’ After LeBron, AD Misses
178638	player	2189	NBA	new	Gary Payton II	Warriors, Veteran Guard Have ‘Mutual Interest’ After LeBron, AD Misses
178643	player	79	NBA	new	Jimmy Butler	Steph Curry Sends Concerning Post-LeBron Message to Warriors Amid Uncertain Future
178643	player	115	NBA	new	Steph Curry	Steph Curry Sends Concerning Post-LeBron Message to Warriors Amid Uncertain Future
178643	player	237	NBA	new	LeBron James	Steph Curry Sends Concerning Post-LeBron Message to Warriors Amid Uncertain Future
178648	team	23	NBA	new	Philadelphia 76ers	Steph Curry Reacts to LeBron James Not Joining the Warriors: 'There's a Lot of Moving Parts.'
178660	player	79	NBA	new	Jimmy Butler	Warriors Expected to Bring Back Two Key Veteran Free Agents
178660	player	185	NBA	new	Draymond Green	Warriors Expected to Bring Back Two Key Veteran Free Agents
178660	player	237	NBA	new	LeBron James	Warriors Expected to Bring Back Two Key Veteran Free Agents
178660	player	313	NBA	new	De'Anthony Melton	Warriors Expected to Bring Back Two Key Veteran Free Agents
178664	team	23	NBA	new	Philadelphia 76ers	Stephen Curry knows the Warriors are in trouble after LeBron James snubbed them
178677	team	23	NBA	new	Philadelphia 76ers	Stephen Curry Breaks Silence On Warriors Missing Out On LeBron James
178682	team	23	NBA	new	Philadelphia 76ers	LeBron James' decision fallout: Stephen Curry's reaction, LeBron's fit in Philadelphia
178710	team	23	NBA	new	Philadelphia 76ers	“That’s His Biggest Rival”: LeBron James Would Never Want His 5th Ring With Stephen Curry, Says Warriors Analyst
178717	player	70	NBA	new	Jaylen Brown	Kevin Durant Defends LeBron James’ Latest Decision in Online Debate
178717	player	145	NBA	new	Joel Embiid	Kevin Durant Defends LeBron James’ Latest Decision in Online Debate
178717	player	3547254	NBA	new	Tyrese Maxey	Kevin Durant Defends LeBron James’ Latest Decision in Online Debate
178717	player	1057261935	NBA	new	VJ Edgecombe	Kevin Durant Defends LeBron James’ Latest Decision in Online Debate
178717	team	6	NBA	new	Cleveland Cavaliers	Kevin Durant Defends LeBron James’ Latest Decision in Online Debate
178717	team	10	NBA	new	Golden State Warriors	Kevin Durant Defends LeBron James’ Latest Decision in Online Debate
178717	team	16	NBA	new	Miami Heat	Kevin Durant Defends LeBron James’ Latest Decision in Online Debate
178717	team	23	NBA	new	Philadelphia 76ers	Kevin Durant Defends LeBron James’ Latest Decision in Online Debate
178722	player	237	NBA	new	LeBron James	Western Conference Teams for the Rockets to Snag Players From
178722	player	443	NBA	new	Klay Thompson	Western Conference Teams for the Rockets to Snag Players From
178722	player	457	NBA	new	Jarred Vanderbilt	Western Conference Teams for the Rockets to Snag Players From
178722	player	666747	NBA	new	Caleb Martin	Western Conference Teams for the Rockets to Snag Players From
178722	player	38017728	NBA	new	Jake LaRavia	Western Conference Teams for the Rockets to Snag Players From
178722	player	56677792	NBA	new	Marcus Sasser	Western Conference Teams for the Rockets to Snag Players From
178722	player	1028026974	NBA	new	Dalton Knecht	Western Conference Teams for the Rockets to Snag Players From
178722	player	1028046517	NBA	new	Bronny James	Western Conference Teams for the Rockets to Snag Players From
178727	player	70	NBA	new	Jaylen Brown	LeBron James Reacts to Major 76ers News Less Than 48 Hours After ‘Last Decision’
178727	player	81	NBA	new	Kentavious Caldwell-Pope	LeBron James Reacts to Major 76ers News Less Than 48 Hours After ‘Last Decision’
178727	player	145	NBA	new	Joel Embiid	LeBron James Reacts to Major 76ers News Less Than 48 Hours After ‘Last Decision’
178727	player	3547254	NBA	new	Tyrese Maxey	LeBron James Reacts to Major 76ers News Less Than 48 Hours After ‘Last Decision’
178729	player	56677822	NBA	new	Victor Wembanyama	Video: In a Saint-Germain shirt and Mbappe's trademark move, NBA star shows off his skills in a football match
178733	team	23	NBA	new	Philadelphia 76ers	How Lakers' Playoff Win vs. Rockets Saved LeBron James' Career
178740	team	14	NBA	new	Los Angeles Lakers	"U in too deep my boy" - Kevin Durant blasted critics of LeBron James’ Philly signing
178740	team	23	NBA	new	Philadelphia 76ers	"U in too deep my boy" - Kevin Durant blasted critics of LeBron James’ Philly signing
178761	player	70	NBA	new	Jaylen Brown	Danny Green and Charles Barkley Criticize LeBron James Joining 76ers
178761	player	145	NBA	new	Joel Embiid	Danny Green and Charles Barkley Criticize LeBron James Joining 76ers
178761	player	3547254	NBA	new	Tyrese Maxey	Danny Green and Charles Barkley Criticize LeBron James Joining 76ers
178763	player	360	NBA	new	Kelly Oubre Jr.	Pacers Fans Will Be Ecstatic About Rumored New Jersey Leak
178763	player	493	NBA	new	Ivica Zubac	Pacers Fans Will Be Ecstatic About Rumored New Jersey Leak
178763	player	3547245	NBA	new	Tyrese Haliburton	Pacers Fans Will Be Ecstatic About Rumored New Jersey Leak
178777	player	145	NBA	new	Joel Embiid	76ers' blockbuster offseason gets proper validation
178777	player	237	NBA	new	LeBron James	76ers' blockbuster offseason gets proper validation
178777	player	493	NBA	new	Ivica Zubac	76ers' blockbuster offseason gets proper validation
178777	player	3547245	NBA	new	Tyrese Haliburton	76ers' blockbuster offseason gets proper validation
178777	team	1	NBA	new	Atlanta Hawks	76ers' blockbuster offseason gets proper validation
178777	team	6	NBA	new	Cleveland Cavaliers	76ers' blockbuster offseason gets proper validation
178777	team	14	NBA	new	Los Angeles Lakers	76ers' blockbuster offseason gets proper validation
178777	team	20	NBA	new	New York Knicks	76ers' blockbuster offseason gets proper validation
178777	team	28	NBA	new	Toronto Raptors	76ers' blockbuster offseason gets proper validation
178778	player	115	NBA	new	Stephen Curry	Career turning point: “I was getting frustrated with the process because I felt like the time that I had
178779	team	2	NBA	new	Boston Celtics	LeBron James joins 76ers: How adding The King impacts Philadelphia's NBA and East title chances on Kalshi
178784	player	19465584	NBA	new	Micah Potter	Wisconsin Badgers news: Carrington update, Tonje signing, Fickell ahead of Media Days
178784	player	1057396603	NBA	new	John Tonje	Wisconsin Badgers news: Carrington update, Tonje signing, Fickell ahead of Media Days
178786	player	304	NBA	new	T.J. McConnell	5 Surprising NBA Players Earning More Than LeBron James This Season
178786	player	419	NBA	new	Anfernee Simons	5 Surprising NBA Players Earning More Than LeBron James This Season
178786	player	3089	NBA	new	Gary Trent Jr.	5 Surprising NBA Players Earning More Than LeBron James This Season
178786	player	666940	NBA	new	Dean Wade	5 Surprising NBA Players Earning More Than LeBron James This Season
178786	player	1057261935	NBA	new	VJ Edgecombe	5 Surprising NBA Players Earning More Than LeBron James This Season
178786	team	23	NBA	new	Philadelphia 76ers	5 Surprising NBA Players Earning More Than LeBron James This Season
178789	team	2	NBA	new	Boston Celtics	Does Vanderbilt Basketball Freshman Gabe Nesmith Know Cousin Aaron Nesmith, Understand Name's Weight?
178816	player	227	NBA	new	Brandon Ingram	One Roster Hole Clippers Still Need to Fill This Offseason
178816	player	283	NBA	new	Brook Lopez	One Roster Hole Clippers Still Need to Fill This Offseason
178816	player	493	NBA	new	Ivica Zubac	One Roster Hole Clippers Still Need to Fill This Offseason
178816	player	666581	NBA	new	Darius Garland	One Roster Hole Clippers Still Need to Fill This Offseason
178816	player	666609	NBA	new	Rui Hachimura	One Roster Hole Clippers Still Need to Fill This Offseason
178816	player	17896035	NBA	new	Isaiah Jackson	One Roster Hole Clippers Still Need to Fill This Offseason
178816	player	56677828	NBA	new	Gradey Dick	One Roster Hole Clippers Still Need to Fill This Offseason
178816	player	1057279105	NBA	new	Yanic Konan Niederhauser	One Roster Hole Clippers Still Need to Fill This Offseason
178823	player	257	NBA	new	Maxi Kleber	Lakers Rumors: 9-Year Veteran Could Be Headed Overseas After LA’s Roster Overhaul
178828	player	115	NBA	new	Steph Curry	Austin Reaves Chooses Between NBA Legends for His All-Time Starting Five
178828	player	237	NBA	new	LeBron James	Austin Reaves Chooses Between NBA Legends for His All-Time Starting Five
178836	player	237	NBA	new	LeBron James	Lakers held a mini-camp this month in Las Vegas
178836	player	254	NBA	new	Luke Kennard	Lakers held a mini-camp this month in Las Vegas
178836	player	282	NBA	new	Kevon Looney	Lakers held a mini-camp this month in Las Vegas
178836	player	413	NBA	new	Collin Sexton	Lakers held a mini-camp this month in Las Vegas
178836	player	420	NBA	new	Marcus Smart	Lakers held a mini-camp this month in Las Vegas
178836	player	666609	NBA	new	Rui Hachimura	Lakers held a mini-camp this month in Las Vegas
178836	player	666626	NBA	new	Jaxson Hayes	Lakers held a mini-camp this month in Las Vegas
178836	player	17895858	NBA	new	Quentin Grimes	Lakers held a mini-camp this month in Las Vegas
178836	player	17896059	NBA	new	Sandro Mamukelashvili	Lakers held a mini-camp this month in Las Vegas
178836	player	38017679	NBA	new	Jaden Hardy	Lakers held a mini-camp this month in Las Vegas
178836	player	38017705	NBA	new	Walker Kessler	Lakers held a mini-camp this month in Las Vegas
178837	player	145	NBA	new	Joel Embiid	Both once teenage sensations, can LeBron, Harper help Philly win championship?
178837	player	237	NBA	new	LeBron James	Both once teenage sensations, can LeBron, Harper help Philly win championship?
178844	player	237	NBA	new	LeBron James	He said if the Lakers really feel like Bronny is an …
178844	player	1028046517	NBA	new	Bronny James	He said if the Lakers really feel like Bronny is an …
178844	team	23	NBA	new	Philadelphia 76ers	He said if the Lakers really feel like Bronny is an …
178849	player	237	NBA	new	LeBron James	Unlike his prior stops in Cleveland and LA Lakers, …
178849	team	23	NBA	new	Philadelphia 76ers	Unlike his prior stops in Cleveland and LA Lakers, …
178858	player	132	NBA	new	Luka Doncic	Lakers’ Sandro Mamukelashvili Makes Bold Statement Ahead of New Season
178858	player	17553995	NBA	new	Austin Reaves	Lakers’ Sandro Mamukelashvili Makes Bold Statement Ahead of New Season
178876	player	237	NBA	new	LeBron James	3-Time Lakers Champion Makes Strong Case for Keeping Bronny James
178876	team	23	NBA	new	Philadelphia 76ers	3-Time Lakers Champion Makes Strong Case for Keeping Bronny James
178878	player	56677838	NBA	new	Kobe Bufkin	Former Lakers guard finds new home in free agency
178880	player	208	NBA	new	Mario Hezonja	Lakers Path to Jonathan Kuminga Contract Gets Concerning Update
178880	team	1	NBA	new	Atlanta Hawks	Lakers Path to Jonathan Kuminga Contract Gets Concerning Update
178882	player	81	NBA	new	Kentavious Caldwell-Pope	Caldwell-Pope reaches buyout agreement with Grizzlies
178886	player	81	NBA	new	Kentavious Caldwell-Pope	LeBron James Answers One Wizards Question While Raising Another
178886	player	117	NBA	new	Anthony Davis	LeBron James Answers One Wizards Question While Raising Another
178886	team	23	NBA	new	Philadelphia 76ers	LeBron James Answers One Wizards Question While Raising Another
178903	team	23	NBA	new	Philadelphia 76ers	Should LeBron James’ Lakers Tenure Be Viewed as a Success?
178906	player	282	NBA	new	Kevon Looney	Luka Doncic gives Lakers a golden opportunity to restore their glory
178906	player	413	NBA	new	Collin Sexton	Luka Doncic gives Lakers a golden opportunity to restore their glory
178906	player	17553979	NBA	new	Jonathan Kuminga	Luka Doncic gives Lakers a golden opportunity to restore their glory
178906	player	17553995	NBA	new	Austin Reaves	Luka Doncic gives Lakers a golden opportunity to restore their glory
178906	player	38017705	NBA	new	Walker Kessler	Luka Doncic gives Lakers a golden opportunity to restore their glory
178909	player	70	NBA	new	Jaylen Brown	LeBron James Gets Harsh Reality Check from Former Teammate After Signing with Sixers
178909	player	145	NBA	new	Joel Embiid	LeBron James Gets Harsh Reality Check from Former Teammate After Signing with Sixers
178909	player	184	NBA	new	Danny Green	LeBron James Gets Harsh Reality Check from Former Teammate After Signing with Sixers
178909	player	3547254	NBA	new	Tyrese Maxey	LeBron James Gets Harsh Reality Check from Former Teammate After Signing with Sixers
178909	player	1057261935	NBA	new	VJ Edgecombe	LeBron James Gets Harsh Reality Check from Former Teammate After Signing with Sixers
178916	team	2	NBA	new	Boston Celtics	LeBron moves Philly up, but OKC and Spurs remain NBA favorites, according to books and markets
178916	team	6	NBA	new	Cleveland Cavaliers	LeBron moves Philly up, but OKC and Spurs remain NBA favorites, according to books and markets
178916	team	8	NBA	new	Denver Nuggets	LeBron moves Philly up, but OKC and Spurs remain NBA favorites, according to books and markets
178916	team	9	NBA	new	Detroit Pistons	LeBron moves Philly up, but OKC and Spurs remain NBA favorites, according to books and markets
178916	team	18	NBA	new	Minnesota Timberwolves	LeBron moves Philly up, but OKC and Spurs remain NBA favorites, according to books and markets
178916	team	20	NBA	new	New York Knicks	LeBron moves Philly up, but OKC and Spurs remain NBA favorites, according to books and markets
178916	team	21	NBA	new	Oklahoma City Thunder	LeBron moves Philly up, but OKC and Spurs remain NBA favorites, according to books and markets
178916	team	23	NBA	new	Philadelphia 76ers	LeBron moves Philly up, but OKC and Spurs remain NBA favorites, according to books and markets
178923	player	81	NBA	new	Kentavious Caldwell-Pope	Grizzlies Hold the Exception the Lakers Need to Finish Their Offseason
178923	player	405	NBA	new	D'Angelo Russell	Grizzlies Hold the Exception the Lakers Need to Finish Their Offseason
178923	player	413	NBA	new	Collin Sexton	Grizzlies Hold the Exception the Lakers Need to Finish Their Offseason
178923	player	3547267	NBA	new	Isaiah Stewart	Grizzlies Hold the Exception the Lakers Need to Finish Their Offseason
178923	player	17553979	NBA	new	Jonathan Kuminga	Grizzlies Hold the Exception the Lakers Need to Finish Their Offseason
178923	player	17553995	NBA	new	Austin Reaves	Grizzlies Hold the Exception the Lakers Need to Finish Their Offseason
178923	player	38017705	NBA	new	Walker Kessler	Grizzlies Hold the Exception the Lakers Need to Finish Their Offseason
178927	player	81	NBA	new	Kentavious Caldwell-Pope	Caldwell-Pope to join 76ers after Grizzlies buyout
178936	player	81	NBA	new	Kentavious Caldwell-Pope	Forward Dalen Terry waived by Philadelphia
178936	team	23	NBA	new	Philadelphia 76ers	Forward Dalen Terry waived by Philadelphia
178937	player	89	NBA	new	Alex Caruso	Bennett Stirtz proved why OKC made him a priority after a dynamic Summer League
178937	player	175	NBA	new	Shai Gilgeous-Alexander	Bennett Stirtz proved why OKC made him a priority after a dynamic Summer League
178937	player	17896078	NBA	new	Aaron Wiggins	Bennett Stirtz proved why OKC made him a priority after a dynamic Summer League
178937	player	56677833	NBA	new	Cason Wallace	Bennett Stirtz proved why OKC made him a priority after a dynamic Summer League
178937	player	1028027372	NBA	new	Jared McCain	Bennett Stirtz proved why OKC made him a priority after a dynamic Summer League
178937	player	1028028932	NBA	new	Nikola Topic	Bennett Stirtz proved why OKC made him a priority after a dynamic Summer League
178937	player	1028037477	NBA	new	Ajay Mitchell	Bennett Stirtz proved why OKC made him a priority after a dynamic Summer League
178958	player	38017732	NBA	new	Kenneth Lofton Jr.	Hapoel Jerusalem signs Kenneth Lofton Jr
178958	team	23	NBA	new	Philadelphia 76ers	Hapoel Jerusalem signs Kenneth Lofton Jr
178959	team	8	NBA	new	Denver Nuggets	Kentavious Caldwell-Pope set to join Sixers, reunite with LeBron James after buyout with Grizzlies, report says
178959	team	14	NBA	new	Los Angeles Lakers	Kentavious Caldwell-Pope set to join Sixers, reunite with LeBron James after buyout with Grizzlies, report says
178959	team	22	NBA	new	Orlando Magic	Kentavious Caldwell-Pope set to join Sixers, reunite with LeBron James after buyout with Grizzlies, report says
178959	team	23	NBA	new	Philadelphia 76ers	Kentavious Caldwell-Pope set to join Sixers, reunite with LeBron James after buyout with Grizzlies, report says
178962	team	8	NBA	new	Denver Nuggets	Kentavious Caldwell-Pope reacts to joining Sixers while on golf course
178962	team	14	NBA	new	Los Angeles Lakers	Kentavious Caldwell-Pope reacts to joining Sixers while on golf course
178962	team	23	NBA	new	Philadelphia 76ers	Kentavious Caldwell-Pope reacts to joining Sixers while on golf course
178967	player	666486	NBA	new	Devontae Cacok	NBA fan favorite takes his talents to Europe: Kenneth Lofton Jr. joins Hapoel Jerusalem
178967	player	666616	NBA	new	Jared Harper	NBA fan favorite takes his talents to Europe: Kenneth Lofton Jr. joins Hapoel Jerusalem
178967	player	38017729	NBA	new	David Roddy	NBA fan favorite takes his talents to Europe: Kenneth Lofton Jr. joins Hapoel Jerusalem
178981	player	15	NBA	new	Giannis Antetokounmpo	Three Free Agent Targets For Miami Heat After Missing Out On LeBron James
178981	player	114	NBA	new	Seth Curry	Three Free Agent Targets For Miami Heat After Missing Out On LeBron James
178981	player	147	NBA	new	Drew Eubanks	Three Free Agent Targets For Miami Heat After Missing Out On LeBron James
178981	player	56677846	NBA	new	Nick Smith Jr.	Three Free Agent Targets For Miami Heat After Missing Out On LeBron James
178981	team	23	NBA	new	Philadelphia 76ers	Three Free Agent Targets For Miami Heat After Missing Out On LeBron James
178984	player	1028255289	NBA	new	Spencer Jones	Report: Nuggets matching OKC’s offer sheet to Jones
178984	team	21	NBA	new	Oklahoma City Thunder	Report: Nuggets matching OKC’s offer sheet to Jones
179014	player	4	NBA	new	Bam Adebayo	Heat Have New Top Free Agency Target After Missing Out on LeBron James
179014	player	15	NBA	new	Giannis Antetokounmpo	Heat Have New Top Free Agency Target After Missing Out on LeBron James
179014	player	125	NBA	new	DeMar DeRozan	Heat Have New Top Free Agency Target After Missing Out on LeBron James
179023	team	7	NBA	new	Dallas Mavericks	Klay Thompson remains Miami's priority
179024	player	117	NBA	new	Anthony Davis	NBA Offseason Trade/Free Agent Rumors 2026: Jonathan Kuminga's dilemma, Heat eye Klay Thompson
179024	player	125	NBA	new	DeMar DeRozan	NBA Offseason Trade/Free Agent Rumors 2026: Jonathan Kuminga's dilemma, Heat eye Klay Thompson
179024	player	375	NBA	new	Michael Porter Jr.	NBA Offseason Trade/Free Agent Rumors 2026: Jonathan Kuminga's dilemma, Heat eye Klay Thompson
179024	player	18677986	NBA	new	Trey Murphy III	NBA Offseason Trade/Free Agent Rumors 2026: Jonathan Kuminga's dilemma, Heat eye Klay Thompson
179024	team	6	NBA	new	Cleveland Cavaliers	NBA Offseason Trade/Free Agent Rumors 2026: Jonathan Kuminga's dilemma, Heat eye Klay Thompson
179024	team	7	NBA	new	Dallas Mavericks	NBA Offseason Trade/Free Agent Rumors 2026: Jonathan Kuminga's dilemma, Heat eye Klay Thompson
179028	player	37	NBA	new	Bradley Beal	Heat reportedly favorites to sign $645M veteran duo to join Giannis Antetokounmpo, Bam Adebayo
179028	player	125	NBA	new	DeMar DeRozan	Heat reportedly favorites to sign $645M veteran duo to join Giannis Antetokounmpo, Bam Adebayo
179028	player	237	NBA	new	LeBron James	Heat reportedly favorites to sign $645M veteran duo to join Giannis Antetokounmpo, Bam Adebayo
179033	player	37	NBA	new	Bradley Beal	Though the Heat spoke with free agent guard Bradley …
179046	player	37	NBA	new	Bradley Beal	Miami Heat Shift Focus After LeBron James Joins 76ers
179046	player	125	NBA	new	DeMar DeRozan	Miami Heat Shift Focus After LeBron James Joins 76ers
179054	player	15	NBA	new	Giannis Antetokounmpo	Grading every move the Miami Heat made this offseason (so far)
179056	team	7	NBA	new	Dallas Mavericks	Klay Thompson is still Heat’s top target
179078	player	38017630	NBA	new	Johnny Juzang	Former Timberwolves forward nears EuroLeague contract amid NBA free agency
179082	player	7	NBA	new	Rawle Alkins	Bucks rookie Brayden Burries pulled up to play in the Drew League
179082	player	41	NBA	new	Jordan Bell	Bucks rookie Brayden Burries pulled up to play in the Drew League
179082	player	125	NBA	new	DeMar DeRozan	Bucks rookie Brayden Burries pulled up to play in the Drew League
179082	player	192	NBA	new	James Harden	Bucks rookie Brayden Burries pulled up to play in the Drew League
179082	player	194	NBA	new	Montrezl Harrell	Bucks rookie Brayden Burries pulled up to play in the Drew League
179082	player	237	NBA	new	LeBron James	Bucks rookie Brayden Burries pulled up to play in the Drew League
179106	player	265	NBA	new	Kyle Kuzma	NBA star rips socialist NYC Mayor Zohran Mamdani as 'mayor playing president' after Netanyahu video
179119	player	265	NBA	new	Kyle Kuzma	'Don't Fall for Distractions' -- NBA Champion Calls Out Zohran Mamdani As 'a Mayor Playing President'
179126	player	237	NBA	new	LeBron James	Which NBA stars provide the best value for their contracts?
179126	player	3547256	NBA	new	Saddiq Bey	Which NBA stars provide the best value for their contracts?
179126	player	3547276	NBA	new	Payton Pritchard	Which NBA stars provide the best value for their contracts?
179126	player	4197387	NBA	new	Vit Krejčí	Which NBA stars provide the best value for their contracts?
179126	player	38017712	NBA	new	Ryan Rollins	Which NBA stars provide the best value for their contracts?
179126	player	1028037477	NBA	new	Ajay Mitchell	Which NBA stars provide the best value for their contracts?
179145	player	237	NBA	new	LeBron James	"The biggest pay cut in NBA history: LeBron goes from earning $52.6 million to $3.8 million
179150	player	145	NBA	new	Joel Embiid	LeBron James chooses Philadelphia for 24th NBA season
179150	team	23	NBA	new	Philadelphia 76ers	LeBron James chooses Philadelphia for 24th NBA season
179153	player	296	NBA	new	Boban Marjanović	SGA signs ex-NBA center Marjanović for Jones Cup title defense
179158	player	237	NBA	new	LeBron James	LeBron joining 76ers for title shot
179162	team	23	NBA	new	Philadelphia 76ers	20 LeBron James Stats Every NBA Fan Should Know Following His Move to Philadelphia (10-1)
179167	player	237	NBA	new	LeBron James	Which NBA stars provide the best value for their contracts?
179167	player	3547256	NBA	new	Saddiq Bey	Which NBA stars provide the best value for their contracts?
179167	player	3547276	NBA	new	Payton Pritchard	Which NBA stars provide the best value for their contracts?
179167	player	4197387	NBA	new	Vit Krejčí	Which NBA stars provide the best value for their contracts?
179167	player	38017712	NBA	new	Ryan Rollins	Which NBA stars provide the best value for their contracts?
179167	player	1028037477	NBA	new	Ajay Mitchell	Which NBA stars provide the best value for their contracts?
179167	team	21	NBA	new	Oklahoma City Thunder	Which NBA stars provide the best value for their contracts?
179167	team	23	NBA	new	Philadelphia 76ers	Which NBA stars provide the best value for their contracts?
179181	team	7	NBA	new	Dallas Mavericks	Former Toronto Raptors Guard Ventures Overseas to Spain
179210	player	210	NBA	new	Buddy Hield	Four Former Pelicans Standouts Mentioned Among Best Shooters In NBA History
179210	player	303	NBA	new	CJ McCollum	Four Former Pelicans Standouts Mentioned Among Best Shooters In NBA History
179210	player	389	NBA	new	JJ Redick	Four Former Pelicans Standouts Mentioned Among Best Shooters In NBA History
179210	player	18677986	NBA	new	Trey Murphy III	Four Former Pelicans Standouts Mentioned Among Best Shooters In NBA History
179229	player	214	NBA	new	Jrue Holiday	Trail Blazers’ Trey Murphy Trade Dream Is Dead After Pelicans’ Asking Price Revealed
179229	player	278	NBA	new	Damian Lillard	Trail Blazers’ Trey Murphy Trade Dream Is Dead After Pelicans’ Asking Price Revealed
179229	player	666786	NBA	new	Ja Morant	Trail Blazers’ Trey Murphy Trade Dream Is Dead After Pelicans’ Asking Price Revealed
179229	player	3547242	NBA	new	Deni Avdija	Trail Blazers’ Trey Murphy Trade Dream Is Dead After Pelicans’ Asking Price Revealed
179229	player	18677986	NBA	new	Trey Murphy III	Trail Blazers’ Trey Murphy Trade Dream Is Dead After Pelicans’ Asking Price Revealed
179229	player	38017690	NBA	new	Shaedon Sharpe	Trail Blazers’ Trey Murphy Trade Dream Is Dead After Pelicans’ Asking Price Revealed
179229	player	56677747	NBA	new	Scoot Henderson	Trail Blazers’ Trey Murphy Trade Dream Is Dead After Pelicans’ Asking Price Revealed
179229	player	56677850	NBA	new	Toumani Camara	Trail Blazers’ Trey Murphy Trade Dream Is Dead After Pelicans’ Asking Price Revealed
179229	player	1057267077	NBA	new	Jeremiah Fears	Trail Blazers’ Trey Murphy Trade Dream Is Dead After Pelicans’ Asking Price Revealed
179229	player	1057274415	NBA	new	Derik Queen	Trail Blazers’ Trey Murphy Trade Dream Is Dead After Pelicans’ Asking Price Revealed
179232	team	1	NBA	new	Atlanta Hawks	Pelicans sign Kobe Bufkin
179232	team	14	NBA	new	Los Angeles Lakers	Pelicans sign Kobe Bufkin
179233	player	56677838	NBA	new	Kobe Bufkin	Ex-Michigan basketball player signs new NBA deal
179233	player	1057845705	NBA	new	Hunter Dickinson	Ex-Michigan basketball player signs new NBA deal
179233	team	1	NBA	new	Atlanta Hawks	Ex-Michigan basketball player signs new NBA deal
179233	team	3	NBA	new	Brooklyn Nets	Ex-Michigan basketball player signs new NBA deal
179233	team	14	NBA	new	Los Angeles Lakers	Ex-Michigan basketball player signs new NBA deal
179234	team	14	NBA	new	Los Angeles Lakers	Kobe Bufkin Signs Training Camp Deal With New Orleans Pelicans
179243	player	137	NBA	new	Andre Drummond	The Knicks should sign a Kings free agent
179243	player	147	NBA	new	Drew Eubanks	The Knicks should sign a Kings free agent
179243	player	447	NBA	new	Karl-Anthony Towns	The Knicks should sign a Kings free agent
179243	player	1057390745	NBA	new	Maxime Raynaud	The Knicks should sign a Kings free agent
179243	player	1057845274	NBA	new	Dylan Cardwell	The Knicks should sign a Kings free agent
179244	player	38017705	NBA	new	Walker Kessler	Kevon Looney reveals Lakers legend as favorite player growing up
179247	team	23	NBA	new	Philadelphia 76ers	Sixers Waive Dalen Terry
179248	player	237	NBA	new	LeBron James	Keeler: Broncos training camp can’t get here fast enough when scouts are spying on Rockies
179248	team	8	NBA	new	Denver Nuggets	Keeler: Broncos training camp can’t get here fast enough when scouts are spying on Rockies
179258	player	265	NBA	new	Kyle Kuzma	‘Don’t Fall for Distractions’ — NBA Champion Calls Out Zohran Mamdani As ‘a Mayor Playing President’
179269	player	73	NBA	new	Jalen Brunson	Knicks’ Karl-Anthony Towns drops revelations on iconic OG Anunoby’s Game 4 winner
179269	player	56677822	NBA	new	Victor Wembanyama	Knicks’ Karl-Anthony Towns drops revelations on iconic OG Anunoby’s Game 4 winner
179269	team	27	NBA	new	San Antonio Spurs	Knicks’ Karl-Anthony Towns drops revelations on iconic OG Anunoby’s Game 4 winner
179274	player	137	NBA	new	Andre Drummond	Knicks’ Jose Alvarado Deal Draws Strong Praise
179278	player	15	NBA	new	Giannis Antetokounmpo	Knicks Have Serious New Problems After the East’s Blockbuster Offseason Moves
179278	player	73	NBA	new	Jalen Brunson	Knicks Have Serious New Problems After the East’s Blockbuster Offseason Moves
179278	player	237	NBA	new	LeBron James	Knicks Have Serious New Problems After the East’s Blockbuster Offseason Moves
179278	player	274	NBA	new	Kawhi Leonard	Knicks Have Serious New Problems After the East’s Blockbuster Offseason Moves
179278	player	399	NBA	new	Mitchell Robinson	Knicks Have Serious New Problems After the East’s Blockbuster Offseason Moves
179285	player	375	NBA	new	Michael Porter Jr.	Jalen Brunson's Knicks status on full display as he walks in venue with wife while Nets star checks guest list
179287	player	73	NBA	new	Jalen Brunson	Karl-Anthony Towns shares Mike Brown's adjustment that unlocked his game in the 2026 playoffs: "Something I asked for all year"
179287	team	1	NBA	new	Atlanta Hawks	Karl-Anthony Towns shares Mike Brown's adjustment that unlocked his game in the 2026 playoffs: "Something I asked for all year"
179290	player	237	NBA	new	LeBron James	Knicks’ Karl-Anthony Towns drops truth bomb on why Spurs were such chokers in NBA Finals
179290	player	56677822	NBA	new	Victor Wembanyama	Knicks’ Karl-Anthony Towns drops truth bomb on why Spurs were such chokers in NBA Finals
179290	team	2	NBA	new	Boston Celtics	Knicks’ Karl-Anthony Towns drops truth bomb on why Spurs were such chokers in NBA Finals
179290	team	6	NBA	new	Cleveland Cavaliers	Knicks’ Karl-Anthony Towns drops truth bomb on why Spurs were such chokers in NBA Finals
179290	team	9	NBA	new	Detroit Pistons	Knicks’ Karl-Anthony Towns drops truth bomb on why Spurs were such chokers in NBA Finals
179292	team	27	NBA	new	San Antonio Spurs	Knicks’ Karl-Anthony Towns fires back at Tom Thibodeau critics after winning NBA title
179295	player	18	NBA	new	OG Anunoby	Karl-Anthony Towns Reflects On Bringing NBA Title To New York
179295	player	73	NBA	new	Jalen Brunson	Karl-Anthony Towns Reflects On Bringing NBA Title To New York
179295	player	399	NBA	new	Mitchell Robinson	Karl-Anthony Towns Reflects On Bringing NBA Title To New York
179296	player	228	NBA	new	Kyrie Irving	Knicks star Karl Anthony-Towns reportedly attends Jewish fundraiser as other NBA players take opposite stand
179296	player	447	NBA	new	Karl Anthony-Towns	Knicks star Karl Anthony-Towns reportedly attends Jewish fundraiser as other NBA players take opposite stand
179296	player	56677822	NBA	new	Victor Wembanyama	Knicks star Karl Anthony-Towns reportedly attends Jewish fundraiser as other NBA players take opposite stand
179309	player	137	NBA	new	Andre Drummond	Knicks Have 2 Advantages and 1 Concern for Future 76ers Matchups
179309	player	145	NBA	new	Joel Embiid	Knicks Have 2 Advantages and 1 Concern for Future 76ers Matchups
179309	player	237	NBA	new	LeBron James	Knicks Have 2 Advantages and 1 Concern for Future 76ers Matchups
179309	player	399	NBA	new	Mitchell Robinson	Knicks Have 2 Advantages and 1 Concern for Future 76ers Matchups
179309	player	414	NBA	new	Landry Shamet	Knicks Have 2 Advantages and 1 Concern for Future 76ers Matchups
179309	player	17896097	NBA	new	Jose Alvarado	Knicks Have 2 Advantages and 1 Concern for Future 76ers Matchups
179309	player	1028034846	NBA	new	Adem Bona	Knicks Have 2 Advantages and 1 Concern for Future 76ers Matchups
179309	player	1028046422	NBA	new	Ariel Hukporti	Knicks Have 2 Advantages and 1 Concern for Future 76ers Matchups
179320	player	38017721	NBA	new	Peyton Watson	Jalen Brunson strolls into club while Nets’ Michael Porter Jr. stopped for ID
179322	player	237	NBA	new	LeBron James	Philly soars as NBA title contender
179322	team	23	NBA	new	Philadelphia 76ers	Philly soars as NBA title contender
179334	player	358	NBA	new	Kelly Olynyk	New York Knicks Rumors: 3 Free Agent Centers Still Available
179334	player	371	NBA	new	Mason Plumlee	New York Knicks Rumors: 3 Free Agent Centers Still Available
179334	player	1057845382	NBA	new	Moussa Cisse	New York Knicks Rumors: 3 Free Agent Centers Still Available
179353	player	399	NBA	new	Mitchell Robinson	Karl-Anthony Towns Discusses Knicks’ NBA Title and Coaching Impact
179353	player	414	NBA	new	Landry Shamet	Karl-Anthony Towns Discusses Knicks’ NBA Title and Coaching Impact
179353	team	2	NBA	new	Boston Celtics	Karl-Anthony Towns Discusses Knicks’ NBA Title and Coaching Impact
179373	player	666541	NBA	new	Lu Dort	Spencer Jones Is the Perfect Direction OKC Thunder Could Have Gone in Free Agency
179373	player	17896078	NBA	new	Aaron Wiggins	Spencer Jones Is the Perfect Direction OKC Thunder Could Have Gone in Free Agency
179373	player	38017721	NBA	new	Peyton Watson	Spencer Jones Is the Perfect Direction OKC Thunder Could Have Gone in Free Agency
179373	team	8	NBA	new	Denver Nuggets	Spencer Jones Is the Perfect Direction OKC Thunder Could Have Gone in Free Agency
179385	player	666541	NBA	new	Lu Dort	OKC Thunder Need Cason Wallace To Up 3-Point Volume in 2026-27
179385	team	1	NBA	new	Atlanta Hawks	OKC Thunder Need Cason Wallace To Up 3-Point Volume in 2026-27
179386	player	38017721	NBA	new	Peyton Watson	OKC Thunder force Nuggets into major financial trouble
179386	player	1028255289	NBA	new	Spencer Jones	OKC Thunder force Nuggets into major financial trouble
179387	player	1028255289	NBA	new	Spencer Jones	OKC Thunder back to having a vacant 15th standard roster spot
179387	team	8	NBA	new	Denver Nuggets	OKC Thunder back to having a vacant 15th standard roster spot
179389	player	666541	NBA	new	Lu Dort	OKC Thunder Need Cason Wallace To Up 3-Point Volume in 2026-27
179389	team	1	NBA	new	Atlanta Hawks	OKC Thunder Need Cason Wallace To Up 3-Point Volume in 2026-27
179392	player	1028255289	NBA	new	Spencer Jones	Thunder have Nuggets to thank for helping keep biggest win from Lu Dort trade
179395	player	38017685	NBA	new	Chet Holmgren	The Revamped OKC Thunder Frontcourt Will Be A Challenge To Defend
179402	player	480	NBA	new	Kenrich Williams	OKC Thunder Rebounding Could See Unintentional Boost Next Season
179402	player	666541	NBA	new	Lu Dort	OKC Thunder Rebounding Could See Unintentional Boost Next Season
179402	player	3547272	NBA	new	Isaiah Joe	OKC Thunder Rebounding Could See Unintentional Boost Next Season
179402	player	17896078	NBA	new	Aaron Wiggins	OKC Thunder Rebounding Could See Unintentional Boost Next Season
179402	player	38017703	NBA	new	Jalen Williams	OKC Thunder Rebounding Could See Unintentional Boost Next Season
179402	player	1028255289	NBA	new	Spencer Jones	OKC Thunder Rebounding Could See Unintentional Boost Next Season
179402	player	1057274983	NBA	new	Thomas Sorber	OKC Thunder Rebounding Could See Unintentional Boost Next Season
179407	player	237	NBA	new	LeBron James	Can the Sixers Overcome OKC and Spurs in the West?
179407	team	23	NBA	new	Philadelphia 76ers	Can the Sixers Overcome OKC and Spurs in the West?
179408	team	14	NBA	new	Los Angeles Lakers	LeBron James Joins The 76ers For One Reason
179428	player	666541	NBA	new	Lu Dort	Oklahoma City Thunder Sign Spencer Jones to Two Year Offer Sheet
179428	player	3547272	NBA	new	Isaiah Joe	Oklahoma City Thunder Sign Spencer Jones to Two Year Offer Sheet
179428	player	17896078	NBA	new	Aaron Wiggins	Oklahoma City Thunder Sign Spencer Jones to Two Year Offer Sheet
179428	player	1057392335	NBA	new	Brooks Barnhizer	Oklahoma City Thunder Sign Spencer Jones to Two Year Offer Sheet
179428	team	8	NBA	new	Denver Nuggets	Oklahoma City Thunder Sign Spencer Jones to Two Year Offer Sheet
179436	player	15	NBA	new	Giannis Antetokounmpo	Major Takeaways From Orlando Magic's Offseason
179436	player	117	NBA	new	Anthony Davis	Major Takeaways From Orlando Magic's Offseason
179436	player	490	NBA	new	Trae Young	Major Takeaways From Orlando Magic's Offseason
179436	team	2	NBA	new	Boston Celtics	Major Takeaways From Orlando Magic's Offseason
179436	team	12	NBA	new	Indiana Pacers	Major Takeaways From Orlando Magic's Offseason
179436	team	23	NBA	new	Philadelphia 76ers	Major Takeaways From Orlando Magic's Offseason
179438	player	87	NBA	new	Jevon Carter	How free agency has changed Magic's postseason outlook
179438	player	229	NBA	new	Jonathan Isaac	How free agency has changed Magic's postseason outlook
179438	player	460	NBA	new	Nikola Vucevic	How free agency has changed Magic's postseason outlook
179438	player	3547287	NBA	new	Desmond Bane	How free agency has changed Magic's postseason outlook
179438	player	17896026	NBA	new	Franz Wagner	How free agency has changed Magic's postseason outlook
179438	player	17896073	NBA	new	Jalen Suggs	How free agency has changed Magic's postseason outlook
179438	player	38017683	NBA	new	Paolo Banchero	How free agency has changed Magic's postseason outlook
179438	player	56677827	NBA	new	Anthony Black	How free agency has changed Magic's postseason outlook
179443	team	14	NBA	new	Los Angeles Lakers	Magic Johnson shares two major questions for the 76ers to answer after signing LeBron James
179447	team	6	NBA	new	Cleveland Cavaliers	Mario Hezonja back in NBA, signs deal with Cavs
179454	player	208	NBA	new	Mario Hezonja	Cavaliers Sign Former No. 5 Pick After Missing on LeBron James
179462	team	14	NBA	new	Los Angeles Lakers	Magic big Wendell Carter Jr. gives thoughts on LeBron James to Sixers
179477	player	70	NBA	new	Jaylen Brown	Why Orlando Magic's Free Agent Signings Are Not Enough
179477	player	87	NBA	new	Jevon Carter	Why Orlando Magic's Free Agent Signings Are Not Enough
179477	player	229	NBA	new	Jonathan Isaac	Why Orlando Magic's Free Agent Signings Are Not Enough
179477	player	237	NBA	new	LeBron James	Why Orlando Magic's Free Agent Signings Are Not Enough
179477	player	460	NBA	new	Nikola Vucevic	Why Orlando Magic's Free Agent Signings Are Not Enough
179477	team	12	NBA	new	Indiana Pacers	Why Orlando Magic's Free Agent Signings Are Not Enough
179477	team	23	NBA	new	Philadelphia 76ers	Why Orlando Magic's Free Agent Signings Are Not Enough
179478	player	208	NBA	new	Mario Hezonja	Cavs sign impactful wing scorer from Europe
179478	team	6	NBA	new	Cleveland Cavaliers	Cavs sign impactful wing scorer from Europe
179489	player	81	NBA	new	Kentavious Caldwell-Pope	Caldwell-Pope follows LeBron in NBA title chase with Philadelphia
179489	player	237	NBA	new	LeBron James	Caldwell-Pope follows LeBron in NBA title chase with Philadelphia
179489	team	23	NBA	new	Philadelphia 76ers	Caldwell-Pope follows LeBron in NBA title chase with Philadelphia
179505	player	70	NBA	new	Jaylen Brown	What Is a Trade Kicker? New Details From LeBron James’ 76ers Signing Emerge as It Turns Official
179505	player	145	NBA	new	Joel Embiid	What Is a Trade Kicker? New Details From LeBron James’ 76ers Signing Emerge as It Turns Official
179505	player	3547254	NBA	new	Tyrese Maxey	What Is a Trade Kicker? New Details From LeBron James’ 76ers Signing Emerge as It Turns Official
179518	player	145	NBA	new	Joel Embiid	76ers Waive Beloved Locker Room Favorite After LeBron James Move
179527	player	70	NBA	new	Jaylen Brown	LeBron James' 76ers Move Compared to Tom Brady’s Career-Changing Decision
179527	player	145	NBA	new	Joel Embiid	LeBron James' 76ers Move Compared to Tom Brady’s Career-Changing Decision
179527	player	3547254	NBA	new	Tyrese Maxey	LeBron James' 76ers Move Compared to Tom Brady’s Career-Changing Decision
179531	player	81	NBA	new	Kentavious Caldwell-Pope	Philadelphia 76ers announce they will waive wing player Dalen Terry
179531	player	237	NBA	new	LeBron James	Philadelphia 76ers announce they will waive wing player Dalen Terry
179537	player	208	NBA	new	Mario Hezonja	‘He Can Be an Additive Piece’ — Analyst Explains How Former Top-5 Pick’s NBA Comeback Could Elevate Cavaliers
179554	team	14	NBA	new	Los Angeles Lakers	The skepticism about LeBron James and the Sixers is out of hand
179566	player	70	NBA	new	Jaylen Brown	LeBron makes the Sixers one of the best teams in the …
179566	player	145	NBA	new	Joel Embiid	LeBron makes the Sixers one of the best teams in the …
179566	player	237	NBA	new	LeBron James	LeBron makes the Sixers one of the best teams in the …
179566	player	3547254	NBA	new	Tyrese Maxey	LeBron makes the Sixers one of the best teams in the …
179571	player	227	NBA	new	Brandon Ingram	76ers Acquired 'Hidden Gem' This Offseason That Few Are Talking About
179571	player	237	NBA	new	LeBron James	76ers Acquired 'Hidden Gem' This Offseason That Few Are Talking About
179571	player	419	NBA	new	Anfernee Simons	76ers Acquired 'Hidden Gem' This Offseason That Few Are Talking About
179571	player	666940	NBA	new	Dean Wade	76ers Acquired 'Hidden Gem' This Offseason That Few Are Talking About
179571	player	17896055	NBA	new	Scottie Barnes	76ers Acquired 'Hidden Gem' This Offseason That Few Are Talking About
179575	player	81	NBA	new	Kentavious Caldwell-Pope	Philadelphia 76ers have been looking for a trade for …
179575	player	1057382509	NBA	new	Johni Broome	Philadelphia 76ers have been looking for a trade for …
179582	player	145	NBA	new	Joel Embiid	LeBron James Signs With Sixers
179582	player	3547254	NBA	new	Tyrese Maxey	LeBron James Signs With Sixers
179583	player	81	NBA	new	Kentavious Caldwell-Pope	Sixers waive Dalen Terry following James and Caldwell-Pope deals
179583	player	237	NBA	new	LeBron James	Sixers waive Dalen Terry following James and Caldwell-Pope deals
179585	player	70	NBA	new	Jaylen Brown	NBA All-Star Makes Bold Claim About 76ers' Playoff Hopes
179585	player	107	NBA	new	DeMarcus Cousins	NBA All-Star Makes Bold Claim About 76ers' Playoff Hopes
179585	player	237	NBA	new	LeBron James	NBA All-Star Makes Bold Claim About 76ers' Playoff Hopes
179585	player	419	NBA	new	Anfernee Simons	NBA All-Star Makes Bold Claim About 76ers' Playoff Hopes
179585	player	3547254	NBA	new	Tyrese Maxey	NBA All-Star Makes Bold Claim About 76ers' Playoff Hopes
179590	player	208	NBA	new	Mario Hezonja	The latest Late Night NBA Intel
179590	player	237	NBA	new	LeBron James	The latest Late Night NBA Intel
179590	player	1028255289	NBA	new	Spencer Jones	The latest Late Night NBA Intel
179596	team	14	NBA	new	Los Angeles Lakers	Rich Paul confirms just how important 76ers’ Jaylen Brown trade, Tyrese Maxey were to LeBron James’ decision
179606	player	62	NBA	new	Miles Bridges	This Phoenix Suns’ offseason could be their most important yet
179606	player	237	NBA	new	LeBron James	This Phoenix Suns’ offseason could be their most important yet
179613	team	23	NBA	new	Philadelphia 76ers	Suns Receive Mixed Reviews in NBA Power Rankings After LeBron James Signing
179622	player	237	NBA	new	LeBron James	2026 NBA free agency: Grades for offseason signings, extensions
179622	player	3089	NBA	new	Gary Trent Jr.	2026 NBA free agency: Grades for offseason signings, extensions
179622	player	56677822	NBA	new	Victor Wembanyama	2026 NBA free agency: Grades for offseason signings, extensions
179622	player	1028047928	NBA	new	Quinten Post	2026 NBA free agency: Grades for offseason signings, extensions
179633	player	1057383369	NBA	new	Rasheer Fleming	Can Ryan Dunn secure a role for the Suns in the face of increased competition?
179644	player	401	NBA	new	Derrick Rose	Victor Wembanyama reveals his favorite part of the NBA 2K27 cover, and it's not about him
179644	player	3547246	NBA	new	Devin Vassell	Victor Wembanyama reveals his favorite part of the NBA 2K27 cover, and it's not about him
179644	player	1057262518	NBA	new	Dylan Harper	Victor Wembanyama reveals his favorite part of the NBA 2K27 cover, and it's not about him
179677	team	14	NBA	new	Lakers	Matisse Thybulle is fully healthy this offseason after injury-plagued seasons with Blazers
179679	team	14	NBA	new	Los Angeles Lakers	Former Portland Trail Blazers Star Arrested in Arizona
179679	team	18	NBA	new	Minnesota Timberwolves	Former Portland Trail Blazers Star Arrested in Arizona
179683	team	6	NBA	new	Cleveland Cavaliers	Mar 10, 2020; Portland, OR, USA; Portland Trail Blazers forward Mario Hezonja (44) reacts after making a three point basket against the Phoenix Suns during the fourth quarter at the Moda Center. Mandatory Credit: Craig Mitchelldyer-USA TODAY Sports
179690	player	104	NBA	new	Mike Conley	Proposed Trade Lands Boston Celtics Their Point Guard Of The Future
179690	player	17896060	NBA	new	Sam Hauser	Proposed Trade Lands Boston Celtics Their Point Guard Of The Future
179690	player	38017717	NBA	new	Ron Harper Jr.	Proposed Trade Lands Boston Celtics Their Point Guard Of The Future
179690	player	56677747	NBA	new	Scoot Henderson	Proposed Trade Lands Boston Celtics Their Point Guard Of The Future
179715	player	237	NBA	new	LeBron James	Will Kings’ Karaban Thrive Around Better Players?
179715	player	1057262985	NBA	new	Tre Johnson	Will Kings’ Karaban Thrive Around Better Players?
179718	player	268	NBA	new	Zach LaVine	Kings G LaVine 'Impressed' With Acuff's Game
179722	player	268	NBA	new	Zach LaVine	Will Kings’ Karaban Thrive Around Better Players?
179722	player	406	NBA	new	Domantas Sabonis	Will Kings’ Karaban Thrive Around Better Players?
179722	team	6	NBA	new	Cleveland Cavaliers	Will Kings’ Karaban Thrive Around Better Players?
179724	player	268	NBA	new	Zach LaVine	One Stat Shows Why Acuff and LaVine Could Be a Dynamic Duo
179724	team	14	NBA	new	Los Angeles Lakers	One Stat Shows Why Acuff and LaVine Could Be a Dynamic Duo
179735	team	6	NBA	new	Cleveland Cavaliers	LeBron James' $70 Million Real Estate Empire Spans Three States
179735	team	14	NBA	new	Los Angeles Lakers	LeBron James' $70 Million Real Estate Empire Spans Three States
179735	team	16	NBA	new	Miami Heat	LeBron James' $70 Million Real Estate Empire Spans Three States
179735	team	23	NBA	new	Philadelphia 76ers	LeBron James' $70 Million Real Estate Empire Spans Three States
179750	player	256	NBA	new	George King	Rain or Shine Beats Ginebra as Alapag Faces San Miguel Test
179758	player	666656	NBA	new	De'Andre Hunter	Lakers Target Power Forward Upgrades as Kyle Kuzma Sparks Controversy
179758	player	17553979	NBA	new	Jonathan Kuminga	Lakers Target Power Forward Upgrades as Kyle Kuzma Sparks Controversy
179758	team	17	NBA	new	Milwaukee Bucks	Lakers Target Power Forward Upgrades as Kyle Kuzma Sparks Controversy
179775	player	56677822	NBA	new	Victor Wembanyama	Wearing a Paris Saint-Germain shirt and Mbappe's celebration: an NBA star shows off his skills in a football match
179778	player	200	NBA	new	Tobias Harris	Victor Wembanyama gets kudos for what he did heading into Spurs season
179778	team	21	NBA	new	Oklahoma City Thunder	Victor Wembanyama gets kudos for what he did heading into Spurs season
179780	player	200	NBA	new	Tobias Harris	Spurs receive strong marks for offseason moves as championship pursuit continues
179780	player	666767	NBA	new	Jordan McLaughlin	Spurs receive strong marks for offseason moves as championship pursuit continues
179780	player	56677822	NBA	new	Victor Wembanyama	Spurs receive strong marks for offseason moves as championship pursuit continues
179782	player	237	NBA	new	LeBron James	Can the Sixers Overcome OKC and Spurs in the West?
179782	team	21	NBA	new	OKC	Can the Sixers Overcome OKC and Spurs in the West?
179782	team	23	NBA	new	Philadelphia 76ers	Can the Sixers Overcome OKC and Spurs in the West?
179790	player	1028046464	NBA	new	Harrison Ingram	Young Spurs talent finds fresh opportunity after San Antonio moves on
179813	player	200	NBA	new	Tobias Harris	Spurs receive strong marks for offseason moves as championship pursuit continues
179813	player	666767	NBA	new	Jordan McLaughlin	Spurs receive strong marks for offseason moves as championship pursuit continues
179813	player	56677822	NBA	new	Victor Wembanyama	Spurs receive strong marks for offseason moves as championship pursuit continues
179815	player	56677822	NBA	new	Victor Wembanyama	Wild Stephen Curry hypothetical completely ignores massive Spurs reality
179815	player	1028025261	NBA	new	Stephon Castle	Wild Stephen Curry hypothetical completely ignores massive Spurs reality
179815	player	1057262518	NBA	new	Dylan Harper	Wild Stephen Curry hypothetical completely ignores massive Spurs reality
179816	player	200	NBA	new	Tobias Harris	Victor Wembanyama gets kudos for what he did heading into Spurs season
179816	team	21	NBA	new	Oklahoma City Thunder	Victor Wembanyama gets kudos for what he did heading into Spurs season
179817	player	56677822	NBA	new	Victor Wembanyama	Wearing a Paris Saint-Germain shirt and Mbappé's trademark celebration: NBA star shows off his skills in a football match
179832	team	6	NBA	new	Cleveland Cavaliers	Former Toronto Raptors Guard Ventures Overseas to Spain
179832	team	7	NBA	new	Dallas Mavericks	Former Toronto Raptors Guard Ventures Overseas to Spain
179832	team	18	NBA	new	Minnesota Timberwolves	Former Toronto Raptors Guard Ventures Overseas to Spain
179855	player	70	NBA	new	Jaylen Brown	Four NBA teams are built to rule Eastern Conference in 2026-27
179855	player	145	NBA	new	Joel Embiid	Four NBA teams are built to rule Eastern Conference in 2026-27
179855	player	172	NBA	new	Paul George	Four NBA teams are built to rule Eastern Conference in 2026-27
179855	player	237	NBA	new	LeBron James	Four NBA teams are built to rule Eastern Conference in 2026-27
179855	player	274	NBA	new	Kawhi Leonard	Four NBA teams are built to rule Eastern Conference in 2026-27
179855	player	666423	NBA	new	RJ Barrett	Four NBA teams are built to rule Eastern Conference in 2026-27
179855	player	3547254	NBA	new	Tyrese Maxey	Four NBA teams are built to rule Eastern Conference in 2026-27
179855	player	17896055	NBA	new	Scottie Barnes	Four NBA teams are built to rule Eastern Conference in 2026-27
179855	team	23	NBA	new	Philadelphia 76ers	Four NBA teams are built to rule Eastern Conference in 2026-27
179867	player	408	NBA	new	Tomas Satoransky	Hapoel Tel Aviv part ways with Collin Malcolm
179884	player	56677778	NBA	new	Oscar Tshiebwe	Three Former Utah Jazz Prospects Find Homes With Other NBA Franchises
179884	player	1028203085	NBA	new	Trey Alexander	Three Former Utah Jazz Prospects Find Homes With Other NBA Franchises
179884	player	1028214958	NBA	new	Blake Hinson	Three Former Utah Jazz Prospects Find Homes With Other NBA Franchises
179884	player	1028264794	NBA	new	Elijah Harkless	Three Former Utah Jazz Prospects Find Homes With Other NBA Franchises
179884	player	1057396603	NBA	new	John Tonje	Three Former Utah Jazz Prospects Find Homes With Other NBA Franchises
179884	player	1057844839	NBA	new	Tamar Bates	Three Former Utah Jazz Prospects Find Homes With Other NBA Franchises
179884	team	9	NBA	new	Detroit Pistons	Three Former Utah Jazz Prospects Find Homes With Other NBA Franchises
179884	team	11	NBA	new	Houston Rockets	Three Former Utah Jazz Prospects Find Homes With Other NBA Franchises
179884	team	19	NBA	new	New Orleans Pelicans	Three Former Utah Jazz Prospects Find Homes With Other NBA Franchises
179884	team	25	NBA	new	Portland Trail Blazers	Three Former Utah Jazz Prospects Find Homes With Other NBA Franchises
179889	player	1028046464	NBA	new	Harrison Ingram	Utah Jazz sign former UNC small forward
179889	team	27	NBA	new	San Antonio Spurs	Utah Jazz sign former UNC small forward
179891	player	1057391756	NBA	new	Jamir Watkins	Darryn Peterson’s Summer League Approach Sent Strong Message to NBA
179922	player	81	NBA	new	Kentavious Caldwell-Pope	LeBron James Answers One Wizards Question While Raising Another
179922	player	117	NBA	new	Anthony Davis	LeBron James Answers One Wizards Question While Raising Another
179922	player	145	NBA	new	Joel Embiid	LeBron James Answers One Wizards Question While Raising Another
179922	team	23	NBA	new	Philadelphia 76ers	LeBron James Answers One Wizards Question While Raising Another
179925	player	56677822	NBA	new	Victor Wembanyama	Wizards will quickly learn what still makes Anthony Davis a star
179932	team	20	NBA	new	New York Knicks	With camp, NBA alum Jeremy Lin offering unique perspective on basketball for Asian athletes
179964	team	2	NBA	new	Boston Celtics	"It's sad for me" - Larry Bird named which ringless NBA Hall of Famer deserved a title the most
179964	team	20	NBA	new	New York Knicks	"It's sad for me" - Larry Bird named which ringless NBA Hall of Famer deserved a title the most
179974	team	23	NBA	new	Philadelphia 76ers	Dalen Terry News: Waived by Philadelphia
179984	player	117	NBA	new	Anthony Davis	LeBron James never pushed teams to acquire former teammates
179984	player	228	NBA	new	Kyrie Irving	LeBron James never pushed teams to acquire former teammates
179984	team	7	NBA	new	Dallas Mavericks	LeBron James never pushed teams to acquire former teammates
179984	team	23	NBA	new	Philadelphia 76ers	LeBron James never pushed teams to acquire former teammates
180008	player	2354	NFL	new	Marcus Jones	Patriots' defense talking about dominating in 2026
180009	player	811	NFL	new	A.J. Brown	Patriots' Drake Maye goes deep to Brown to start camp, looking for fast start to 2026
180009	player	1675	NFL	new	Christian Gonzalez	Patriots' Drake Maye goes deep to Brown to start camp, looking for fast start to 2026
180014	player	95	NFL	new	DeAndre Hopkins	How will Patriots QB Drake Maye adjust to his new center?
180014	player	1200	NFL	new	Kayshon Boutte	How will Patriots QB Drake Maye adjust to his new center?
180014	player	1675	NFL	new	Christian Gonzalez	How will Patriots QB Drake Maye adjust to his new center?
180014	player	57791	NFL	new	Ben Jones	How will Patriots QB Drake Maye adjust to his new center?
180014	player	13874994	NFL	new	Jared Wilson	How will Patriots QB Drake Maye adjust to his new center?
180014	player	33934883	NFL	new	Eli Raridon	How will Patriots QB Drake Maye adjust to his new center?
180016	team	28	NFL	new	Tampa Bay Buccaneers	‘Time to Be a Winner’ — Antonio Brown Revisits Giving Up $30,000,000 to Play With Tom Brady on Patriots
180020	player	811	NFL	new	A.J. Brown	New England Patriots’ 24-Year-Old Receiver Making Highlights Early in Training Camp
180020	player	861	NFL	new	Romeo Doubs	New England Patriots’ 24-Year-Old Receiver Making Highlights Early in Training Camp
180020	player	967	NFL	new	Mack Hollins	New England Patriots’ 24-Year-Old Receiver Making Highlights Early in Training Camp
180020	player	1200	NFL	new	Kayshon Boutte	New England Patriots’ 24-Year-Old Receiver Making Highlights Early in Training Camp
180020	player	1789	NFL	new	Kevin Byard	New England Patriots’ 24-Year-Old Receiver Making Highlights Early in Training Camp
180020	player	2099	NFL	new	Carlton Davis III	New England Patriots’ 24-Year-Old Receiver Making Highlights Early in Training Camp
180020	player	279866	NFL	new	Drake Maye	New England Patriots’ 24-Year-Old Receiver Making Highlights Early in Training Camp
180020	player	13874369	NFL	new	Efton Chism III	New England Patriots’ 24-Year-Old Receiver Making Highlights Early in Training Camp
180022	player	1461	NFL	new	Trent McDuffie	Two Huge Positives for New England Patriots Training Camp Opens
180022	player	1675	NFL	new	Christian Gonzalez	Two Huge Positives for New England Patriots Training Camp Opens
180022	player	2647	NFL	new	Sauce Gardner	Two Huge Positives for New England Patriots Training Camp Opens
180022	player	33935767	NFL	new	Gabe Jacas	Two Huge Positives for New England Patriots Training Camp Opens
180022	team	10	NFL	new	Houston Texans	Two Huge Positives for New England Patriots Training Camp Opens
180022	team	31	NFL	new	Seattle Seahawks	Two Huge Positives for New England Patriots Training Camp Opens
180024	player	63	NFL	new	Matthew Stafford	New England Patriots Quarterback Drake Maye Had an Alarming Day Two at Training Camp
180024	player	811	NFL	new	A.J. Brown	New England Patriots Quarterback Drake Maye Had an Alarming Day Two at Training Camp
180024	player	13880592	NFL	new	Craig Woodson	New England Patriots Quarterback Drake Maye Had an Alarming Day Two at Training Camp
180025	player	1956	NFL	new	Mason Cole	Can Fairmont's Zach Frazier follow in the footsteps of other greats at center?
180025	player	67447	NFL	new	Isaac Seumalo	Can Fairmont's Zach Frazier follow in the footsteps of other greats at center?
180025	player	278672	NFL	new	Mason Mccormick	Can Fairmont's Zach Frazier follow in the footsteps of other greats at center?
180025	player	278674	NFL	new	Troy Fautanu	Can Fairmont's Zach Frazier follow in the footsteps of other greats at center?
180027	player	95	NFL	new	DeAndre Hopkins	Mike Vrabel's 'Shameless' Press Conference Stunt Irks NFL Fans
180027	player	21511	NFL	new	Adam Jones	Mike Vrabel's 'Shameless' Press Conference Stunt Irks NFL Fans
180030	player	13874536	NFL	new	Jeremiah Webb	Patriots placing Year 2 receiver on season-ending injured reserve
180030	player	33935767	NFL	new	Gabe Jacas	Patriots placing Year 2 receiver on season-ending injured reserve
180031	player	608	NFL	new	Kevin Harris	REDBLACKS transactions July 26
180035	player	1310	NFL	new	Harold Landry III	Dre’Mont Jones sees bright future for Patriots’ young, underrated pass rush
180035	player	1398	NFL	new	Dre’Mont Jones	Dre’Mont Jones sees bright future for Patriots’ young, underrated pass rush
180035	player	1789	NFL	new	Kevin Byard	Dre’Mont Jones sees bright future for Patriots’ young, underrated pass rush
180035	player	13878199	NFL	new	Elijah Ponder	Dre’Mont Jones sees bright future for Patriots’ young, underrated pass rush
180035	player	13878369	NFL	new	Bradyn Swinson	Dre’Mont Jones sees bright future for Patriots’ young, underrated pass rush
180035	player	33935767	NFL	new	Gabe Jacas	Dre’Mont Jones sees bright future for Patriots’ young, underrated pass rush
180037	player	13874536	NFL	new	Jeremiah Webb	Patriots place receiver on season-ending IR
180040	player	13874536	NFL	new	Jeremiah Webb	Patriots place rookie LB on non-football injury list, wide receiver on injured reserve
180040	player	33935767	NFL	new	Gabe Jacas	Patriots place rookie LB on non-football injury list, wide receiver on injured reserve
180044	player	13874536	NFL	new	Jeremiah Webb	Patriots place receiver on injured reserve, add second-rounder Gabe Jacas to NFI list
180045	player	1310	NFL	new	Harold Landry III	Patriots place rookie Gabe Jacas on NFI, receiver on injured reserve
180045	player	2279	NFL	new	Brenden Schooler	Patriots place rookie Gabe Jacas on NFI, receiver on injured reserve
180045	player	281849	NFL	new	Terrell Jennings	Patriots place rookie Gabe Jacas on NFI, receiver on injured reserve
180045	player	13874536	NFL	new	Jeremiah Webb	Patriots place rookie Gabe Jacas on NFI, receiver on injured reserve
180045	player	13874686	NFL	new	CJ Dippre	Patriots place rookie Gabe Jacas on NFI, receiver on injured reserve
180046	player	811	NFL	new	A.J. Brown	Patriots S Kevin Byard's initial thoughts on matchups with Drake Maye
180046	player	861	NFL	new	Romeo Doubs	Patriots S Kevin Byard's initial thoughts on matchups with Drake Maye
180046	player	911	NFL	new	Hunter Henry	Patriots S Kevin Byard's initial thoughts on matchups with Drake Maye
180046	player	1200	NFL	new	Kayshon Boutte	Patriots S Kevin Byard's initial thoughts on matchups with Drake Maye
180048	player	811	NFL	new	A.J. Brown	5 standouts from Day 2 of Patriots training camp practice
180048	player	1675	NFL	new	Christian Gonzalez	5 standouts from Day 2 of Patriots training camp practice
180048	player	1789	NFL	new	Kevin Byard	5 standouts from Day 2 of Patriots training camp practice
180048	player	279866	NFL	new	Drake Maye	5 standouts from Day 2 of Patriots training camp practice
180048	player	13880592	NFL	new	Craig Woodson	5 standouts from Day 2 of Patriots training camp practice
180051	player	1467	NFL	new	Devon Witherspoon	Patriots rumors: NFL insider reveals why Christian Gonzalez hasn’t signed record-setting contract offer
180053	player	1675	NFL	new	Christian Gonzalez	5 performances of note from the Patriots’ second training camp practice
180053	player	279866	NFL	new	Drake Maye	5 performances of note from the Patriots’ second training camp practice
180053	player	13879033	NFL	new	John Saunders Jr.	5 performances of note from the Patriots’ second training camp practice
180053	player	13880594	NFL	new	Andy Borregales	5 performances of note from the Patriots’ second training camp practice
180053	player	33934736	NFL	new	Tanner Arkin	5 performances of note from the Patriots’ second training camp practice
180057	player	95	NFL	new	DeAndre Hopkins	Maye hungry, focused after sting of Pats' Super Bowl loss -
180057	player	279866	NFL	new	Drake Maye	Maye hungry, focused after sting of Pats' Super Bowl loss -
180057	player	13874994	NFL	new	Jared Wilson	Maye hungry, focused after sting of Pats' Super Bowl loss -
180059	player	69359	NFL	new	Dion Dawkins	Patriots’ Will Campbell has new pal he wants to learn from in Bills rival
180062	player	811	NFL	new	A.J. Brown	5 takeaways from Day 2 of Patriots training camp
180062	player	1327	NFL	new	Christian Barmore	5 takeaways from Day 2 of Patriots training camp
180062	player	1693	NFL	new	Milton Williams	5 takeaways from Day 2 of Patriots training camp
180062	player	279866	NFL	new	Drake Maye	5 takeaways from Day 2 of Patriots training camp
180062	player	13880592	NFL	new	Craig Woodson	5 takeaways from Day 2 of Patriots training camp
180062	player	13880594	NFL	new	Andy Borregales	5 takeaways from Day 2 of Patriots training camp
180062	player	33934883	NFL	new	Eli Raridon	5 takeaways from Day 2 of Patriots training camp
180066	player	1461	NFL	new	Trent McDuffie	Robert Kraft confirms record-breaking NFL contract offer to Patriots star
180066	player	1467	NFL	new	Devon Witherspoon	Robert Kraft confirms record-breaking NFL contract offer to Patriots star
180066	player	1675	NFL	new	Christian Gonzalez	Robert Kraft confirms record-breaking NFL contract offer to Patriots star
180066	team	14	NFL	new	Kansas City Chiefs	Robert Kraft confirms record-breaking NFL contract offer to Patriots star
180066	team	30	NFL	new	San Francisco 49ers	Robert Kraft confirms record-breaking NFL contract offer to Patriots star
180066	team	32	NFL	new	Los Angeles Rams	Robert Kraft confirms record-breaking NFL contract offer to Patriots star
180067	player	811	NFL	new	A.J. Brown	Romeo Doubs Brushes Off Early Footing Issues at Patriots Training Camp
180071	player	18	NFL	new	Jacoby Brissett	Ex-Patriots QB Gets $21 Million Contract
180071	team	33	NFL	new	Arizona Cardinals	Ex-Patriots QB Gets $21 Million Contract
180073	player	63	NFL	new	Matthew Stafford	Patriots Offensive Trio Rises to Top 10 Ahead of 2026 NFL Season
180073	player	499	NFL	new	Rhamondre Stevenson	Patriots Offensive Trio Rises to Top 10 Ahead of 2026 NFL Season
180073	player	811	NFL	new	A.J. Brown	Patriots Offensive Trio Rises to Top 10 Ahead of 2026 NFL Season
180073	player	279866	NFL	new	Drake Maye	Patriots Offensive Trio Rises to Top 10 Ahead of 2026 NFL Season
180074	player	69359	NFL	new	Dion Dawkins	What Will Campbell said about training with his Buffalo Bills counterpart
180076	player	33935767	NFL	new	Gabe Jacas	Patriots Roster Moves: WR Jeremiah Webb Heads To Season-Ending IR
180077	player	21225	NFL	new	Tom Brady	The 10 Greatest NFL Players of All Time: Ranking the Legends Who Defined Football History
180078	player	499	NFL	new	Rhamondre Stevenson	Patriots offensive trio cracks top 10 ahead of 2026 NFL season
180078	player	811	NFL	new	A.J. Brown	Patriots offensive trio cracks top 10 ahead of 2026 NFL season
180078	player	279866	NFL	new	Drake Maye	Patriots offensive trio cracks top 10 ahead of 2026 NFL season
180083	player	1398	NFL	new	Dre’Mont Jones	New Patriot bemoans losing to New England twice last season: ‘I’m expecting us to kick some ass this year’
180083	player	1789	NFL	new	Kevin Byard	New Patriot bemoans losing to New England twice last season: ‘I’m expecting us to kick some ass this year’
180083	player	279866	NFL	new	Drake Maye	New Patriot bemoans losing to New England twice last season: ‘I’m expecting us to kick some ass this year’
180086	player	33935767	NFL	new	Gabe Jacas	Patriots officially sign second-round pick after brief holdout
180088	player	1398	NFL	new	Dre'Mont Jones	Kevin Byard locks down communication in elite Patriots secondary
180088	player	1675	NFL	new	Christian Gonzalez	Kevin Byard locks down communication in elite Patriots secondary
180088	player	2053	NFL	new	Jaylinn Hawkins	Kevin Byard locks down communication in elite Patriots secondary
180088	player	2099	NFL	new	Carlton Davis III	Kevin Byard locks down communication in elite Patriots secondary
180088	player	13880592	NFL	new	Craig Woodson	Kevin Byard locks down communication in elite Patriots secondary
180088	player	33934883	NFL	new	Eli Raridon	Kevin Byard locks down communication in elite Patriots secondary
180089	player	95	NFL	new	DeAndre Hopkins	Sunday Patriots Notes: Offense looking for increased urgency
180089	player	861	NFL	new	Romeo Doubs	Sunday Patriots Notes: Offense looking for increased urgency
180089	player	911	NFL	new	Hunter Henry	Sunday Patriots Notes: Offense looking for increased urgency
180089	player	279866	NFL	new	Drake Maye	Sunday Patriots Notes: Offense looking for increased urgency
180089	player	33935767	NFL	new	Gabe Jacas	Sunday Patriots Notes: Offense looking for increased urgency
180090	player	811	NFL	new	A.J. Brown	Patriots training camp: Live updates from Day 2 practice
180090	player	1200	NFL	new	Kayshon Boutte	Patriots training camp: Live updates from Day 2 practice
180090	player	1675	NFL	new	Christian Gonzalez	Patriots training camp: Live updates from Day 2 practice
180090	player	279866	NFL	new	Drake Maye	Patriots training camp: Live updates from Day 2 practice
180091	player	1398	NFL	new	Dre’Mont Jones	Dre’Mont Jones shares longstanding gripe with PFF
180092	player	1200	NFL	new	Kayshon Boutte	Will Campbell learned from some of the best in the offseason, and other observations at Patriots training camp
180092	player	1675	NFL	new	Christian Gonzalez	Will Campbell learned from some of the best in the offseason, and other observations at Patriots training camp
180092	player	2318	NFL	new	Tristan Wirfs	Will Campbell learned from some of the best in the offseason, and other observations at Patriots training camp
180092	player	2341	NFL	new	Creed Humphrey	Will Campbell learned from some of the best in the offseason, and other observations at Patriots training camp
180092	player	57867	NFL	new	Lane Johnson	Will Campbell learned from some of the best in the offseason, and other observations at Patriots training camp
180092	player	69359	NFL	new	Dion Dawkins	Will Campbell learned from some of the best in the offseason, and other observations at Patriots training camp
180092	player	279866	NFL	new	Drake Maye	Will Campbell learned from some of the best in the offseason, and other observations at Patriots training camp
180092	player	280356	NFL	new	Tyler Guyton	Will Campbell learned from some of the best in the offseason, and other observations at Patriots training camp
180096	player	811	NFL	new	A.J. Brown	New England Patriots’ Drake Maye Runs Into Trouble During Training Camp
180096	player	911	NFL	new	Hunter Henry	New England Patriots’ Drake Maye Runs Into Trouble During Training Camp
180096	player	1200	NFL	new	Kayshon Boutte	New England Patriots’ Drake Maye Runs Into Trouble During Training Camp
180096	player	1675	NFL	new	Christian Gonzalez	New England Patriots’ Drake Maye Runs Into Trouble During Training Camp
180096	player	1693	NFL	new	Milton Williams	New England Patriots’ Drake Maye Runs Into Trouble During Training Camp
180096	player	2099	NFL	new	Carlton Davis III	New England Patriots’ Drake Maye Runs Into Trouble During Training Camp
180096	player	13880592	NFL	new	Craig Woodson	New England Patriots’ Drake Maye Runs Into Trouble During Training Camp
180099	player	2318	NFL	new	Tristan Wirfs	Patriots’ Will Campbell hopes to continue to learn from unlikely ally
180099	player	57867	NFL	new	Lane Johnson	Patriots’ Will Campbell hopes to continue to learn from unlikely ally
180099	player	69359	NFL	new	Dion Dawkins	Patriots’ Will Campbell hopes to continue to learn from unlikely ally
180100	player	630	NFL	new	DeMario Douglas	The Patriots camp buzz around Kayshon Boutte is impossible to ignore
180100	player	811	NFL	new	A.J. Brown	The Patriots camp buzz around Kayshon Boutte is impossible to ignore
180100	player	967	NFL	new	Mack Hollins	The Patriots camp buzz around Kayshon Boutte is impossible to ignore
180100	player	279866	NFL	new	Drake Maye	The Patriots camp buzz around Kayshon Boutte is impossible to ignore
180101	player	1675	NFL	new	Christian Gonzalez	8 Players that stood out on day 2 of Patriots training camp
180101	player	1693	NFL	new	Milton Williams	8 Players that stood out on day 2 of Patriots training camp
180101	player	2099	NFL	new	Carlton Davis III	8 Players that stood out on day 2 of Patriots training camp
180101	player	279310	NFL	new	Andrew Rupcich	8 Players that stood out on day 2 of Patriots training camp
180101	player	279504	NFL	new	Ben Brown	8 Players that stood out on day 2 of Patriots training camp
180101	player	279866	NFL	new	Drake Maye	8 Players that stood out on day 2 of Patriots training camp
180101	player	13880592	NFL	new	Craig Woodson	8 Players that stood out on day 2 of Patriots training camp
180101	player	13880594	NFL	new	Andy Borregales	8 Players that stood out on day 2 of Patriots training camp
180101	player	33935240	NFL	new	Caleb Lomu	8 Players that stood out on day 2 of Patriots training camp
180108	player	37	NFL	new	Jakobi Meyers	Bills’ Slight Flaw Revealed That Could Come Back to ‘Haunt’ Them This Season
180108	player	38	NFL	new	Josh Allen	Bills’ Slight Flaw Revealed That Could Come Back to ‘Haunt’ Them This Season
180108	player	735	NFL	new	Stefon Diggs	Bills’ Slight Flaw Revealed That Could Come Back to ‘Haunt’ Them This Season
180108	player	2605	NFL	new	Christian Benford	Bills’ Slight Flaw Revealed That Could Come Back to ‘Haunt’ Them This Season
180114	player	69359	NFL	new	Dion Dawkins	“I’m Retiring”: Josh Allen’s Protector Reveals the One Joe Brady Decision That Would End His Career
180117	player	38	NFL	new	Josh Allen	Ed Oliver Among Three Bills X-Factors for NFL Preseason
180117	player	2162	NFL	new	C.J. Gardner-Johnson	Ed Oliver Among Three Bills X-Factors for NFL Preseason
180117	player	2347	NFL	new	Phidarian Mathis	Ed Oliver Among Three Bills X-Factors for NFL Preseason
180117	player	279678	NFL	new	DeWayne Carter	Ed Oliver Among Three Bills X-Factors for NFL Preseason
180117	player	279696	NFL	new	Cole Bishop	Ed Oliver Among Three Bills X-Factors for NFL Preseason
180124	player	673	NFL	new	DJ Moore	Bills news: Previewing Buffalo’s pass-catching group
180124	player	712	NFL	new	Khalil Shakir	Bills news: Previewing Buffalo’s pass-catching group
180124	player	732	NFL	new	Joshua Palmer	Bills news: Previewing Buffalo’s pass-catching group
180124	player	862	NFL	new	Dalton Kincaid	Bills news: Previewing Buffalo’s pass-catching group
180124	player	1012	NFL	new	Dawson Knox	Bills news: Previewing Buffalo’s pass-catching group
180124	player	277567	NFL	new	Keon Coleman	Bills news: Previewing Buffalo’s pass-catching group
180124	player	13874537	NFL	new	Jackson Hawes	Bills news: Previewing Buffalo’s pass-catching group
180124	player	33934214	NFL	new	Skyler Bell	Bills news: Previewing Buffalo’s pass-catching group
180125	player	568	NFL	new	Ty Johnson	Every Player on Buffalo Bills' Roster Bubble: Who's In, Who's Out
180125	player	750	NFL	new	Mecole Hardman Jr.	Every Player on Buffalo Bills' Roster Bubble: Who's In, Who's Out
180125	player	1352	NFL	new	Mike Danna	Every Player on Buffalo Bills' Roster Bubble: Who's In, Who's Out
180125	player	7642	NFL	new	Mitch Wishnowsky	Every Player on Buffalo Bills' Roster Bubble: Who's In, Who's Out
180125	player	82283	NFL	new	Jalen Virgil	Every Player on Buffalo Bills' Roster Bubble: Who's In, Who's Out
180125	player	277567	NFL	new	Keon Coleman	Every Player on Buffalo Bills' Roster Bubble: Who's In, Who's Out
180125	player	279701	NFL	new	Shane Buechele	Every Player on Buffalo Bills' Roster Bubble: Who's In, Who's Out
180125	player	279708	NFL	new	Frank Gore Jr.	Every Player on Buffalo Bills' Roster Bubble: Who's In, Who's Out
180125	player	33934537	NFL	new	Max Tomczak	Every Player on Buffalo Bills' Roster Bubble: Who's In, Who's Out
180127	player	38	NFL	new	Josh Allen	One Questionable Bills' Offseason Decision 'That Could Haunt Them' This Fall
180127	player	712	NFL	new	Khalil Shakir	One Questionable Bills' Offseason Decision 'That Could Haunt Them' This Fall
180127	player	735	NFL	new	Stefon Diggs	One Questionable Bills' Offseason Decision 'That Could Haunt Them' This Fall
180127	player	2605	NFL	new	Christian Benford	One Questionable Bills' Offseason Decision 'That Could Haunt Them' This Fall
180127	player	2691	NFL	new	Kaiir Elam	One Questionable Bills' Offseason Decision 'That Could Haunt Them' This Fall
180127	player	277567	NFL	new	Keon Coleman	One Questionable Bills' Offseason Decision 'That Could Haunt Them' This Fall
180137	player	65	NFL	new	Gardner Minshew	Jacoby Brissett agrees to reworked 1-year deal with Cardinals and is likely Week 1 starter
180137	player	2014	NFL	new	Budda Baker	Jacoby Brissett agrees to reworked 1-year deal with Cardinals and is likely Week 1 starter
180137	player	33934043	NFL	new	Carson Beck	Jacoby Brissett agrees to reworked 1-year deal with Cardinals and is likely Week 1 starter
180137	team	29	NFL	new	Carolina Panthers	Jacoby Brissett agrees to reworked 1-year deal with Cardinals and is likely Week 1 starter
180142	player	38	NFL	new	Josh Allen	Week 1 prediction already has Bills fans embracing for disappointment
180142	player	57	NFL	new	C.J. Stroud	Week 1 prediction already has Bills fans embracing for disappointment
180142	player	93	NFL	new	Davis Mills	Week 1 prediction already has Bills fans embracing for disappointment
180142	player	1296	NFL	new	Danielle Hunter	Week 1 prediction already has Bills fans embracing for disappointment
180142	player	1346	NFL	new	Will Anderson Jr.	Week 1 prediction already has Bills fans embracing for disappointment
180143	player	1311	NFL	new	Nick Bosa	Kyle Shanahan makes a cameo appearance at 49ers practice following recent car crash
180143	player	1478	NFL	new	Fred Warner	Kyle Shanahan makes a cameo appearance at 49ers practice following recent car crash
180143	player	1716	NFL	new	Trent Williams	Kyle Shanahan makes a cameo appearance at 49ers practice following recent car crash
180143	player	2315	NFL	new	Vederian Lowe	Kyle Shanahan makes a cameo appearance at 49ers practice following recent car crash
180147	team	10	NFL	new	Houston Texans	Buffalo Bills Face Tough Start Under Joe Brady in Houston
180157	player	38	NFL	new	Josh Allen	Bills will enter 2026 with one major roster issue that has been ignored
180157	player	55	NFL	new	Case Keenum	Bills will enter 2026 with one major roster issue that has been ignored
180157	player	62	NFL	new	Mitchell Trubisky	Bills will enter 2026 with one major roster issue that has been ignored
180157	player	793	NFL	new	Matt Barkley	Bills will enter 2026 with one major roster issue that has been ignored
180157	player	805	NFL	new	Kyle Allen	Bills will enter 2026 with one major roster issue that has been ignored
180157	player	279701	NFL	new	Shane Buechele	Bills will enter 2026 with one major roster issue that has been ignored
180158	player	673	NFL	new	DJ Moore	Steve Smith Sr. Sends Strong Message About Bears WR Room Heading Into Camp
180158	player	277866	NFL	new	Rome Odunze	Steve Smith Sr. Sends Strong Message About Bears WR Room Heading Into Camp
180158	player	13874242	NFL	new	Luther Burden III	Steve Smith Sr. Sends Strong Message About Bears WR Room Heading Into Camp
180158	player	33934612	NFL	new	Zavion Thomas	Steve Smith Sr. Sends Strong Message About Bears WR Room Heading Into Camp
180159	player	25	NFL	new	Dak Prescott	2026 NFL Predictions: Predicting the league's top quarterbacks at season's end
180159	player	35	NFL	new	Joe Burrow	2026 NFL Predictions: Predicting the league's top quarterbacks at season's end
180159	player	38	NFL	new	Josh Allen	2026 NFL Predictions: Predicting the league's top quarterbacks at season's end
180159	player	63	NFL	new	Matthew Stafford	2026 NFL Predictions: Predicting the league's top quarterbacks at season's end
180159	team	9	NFL	new	Cincinnati Bengals	2026 NFL Predictions: Predicting the league's top quarterbacks at season's end
180159	team	19	NFL	new	Dallas Cowboys	2026 NFL Predictions: Predicting the league's top quarterbacks at season's end
180159	team	25	NFL	new	Detroit Lions	2026 NFL Predictions: Predicting the league's top quarterbacks at season's end
180159	team	32	NFL	new	Los Angeles Rams	2026 NFL Predictions: Predicting the league's top quarterbacks at season's end
180164	player	34	NFL	new	Patrick Mahomes	NFL Picks: Aaron Donald, Mahomes Health Lead Biggest Training Camp Betting Storylines
180164	team	14	NFL	new	Kansas City Chiefs	NFL Picks: Aaron Donald, Mahomes Health Lead Biggest Training Camp Betting Storylines
180164	team	25	NFL	new	Detroit Lions	NFL Picks: Aaron Donald, Mahomes Health Lead Biggest Training Camp Betting Storylines
180164	team	31	NFL	new	Seattle Seahawks	NFL Picks: Aaron Donald, Mahomes Health Lead Biggest Training Camp Betting Storylines
180164	team	32	NFL	new	Los Angeles Rams	NFL Picks: Aaron Donald, Mahomes Health Lead Biggest Training Camp Betting Storylines
180171	team	31	NFL	new	Seahawks	FanDuel Predicts promo code: Sign up and unlock your offer for NFL markets
180171	team	32	NFL	new	Rams	FanDuel Predicts promo code: Sign up and unlock your offer for NFL markets
180172	team	12	NFL	new	Colts	NFL Offensive Linemen Out to Prove Their Worthiness of an Extension
180172	team	18	NFL	new	Eagles	NFL Offensive Linemen Out to Prove Their Worthiness of an Extension
180172	team	23	NFL	new	Vikings	NFL Offensive Linemen Out to Prove Their Worthiness of an Extension
180179	player	38	NFL	new	Josh Allen	Buffalo Bills Unveil New Features at Highmark Stadium
180179	team	25	NFL	new	Detroit Lions	Buffalo Bills Unveil New Features at Highmark Stadium
180190	player	63	NFL	new	Matthew Stafford	How new veteran leaders are transforming Rams at training camp
180190	player	463	NFL	new	Kyren Williams	How new veteran leaders are transforming Rams at training camp
180190	player	1298	NFL	new	Myles Garrett	How new veteran leaders are transforming Rams at training camp
180190	player	1323	NFL	new	Kobie Turner	How new veteran leaders are transforming Rams at training camp
180190	player	1461	NFL	new	Trent McDuffie	How new veteran leaders are transforming Rams at training camp
180190	player	1521	NFL	new	Nate Landman	How new veteran leaders are transforming Rams at training camp
180190	player	1532	NFL	new	Jaylen Watson	How new veteran leaders are transforming Rams at training camp
180190	player	2422	NFL	new	Quentin Lake	How new veteran leaders are transforming Rams at training camp
180190	player	7704	NFL	new	Ethan Evans	How new veteran leaders are transforming Rams at training camp
180193	player	50	NFL	new	Geno Smith	Aaron Glenn's rebuilt defense won't come together overnight
180193	player	1348	NFL	new	Demario Davis	Aaron Glenn's rebuilt defense won't come together overnight
180193	player	1415	NFL	new	David Onyemata	Aaron Glenn's rebuilt defense won't come together overnight
180193	player	1652	NFL	new	Joseph Ossai	Aaron Glenn's rebuilt defense won't come together overnight
180193	player	2121	NFL	new	Minkah Fitzpatrick	Aaron Glenn's rebuilt defense won't come together overnight
180193	player	366116	NFL	new	Jowon Briggs	Aaron Glenn's rebuilt defense won't come together overnight
180193	player	33935768	NFL	new	David Bailey	Aaron Glenn's rebuilt defense won't come together overnight
180199	player	13874782	NFL	new	Mason Taylor	Jets fans should keep a close eye on this second-year player at camp
180199	player	33934299	NFL	new	Omar Cooper Jr.	Jets fans should keep a close eye on this second-year player at camp
180199	player	33934695	NFL	new	Kenyon Sadiq	Jets fans should keep a close eye on this second-year player at camp
180201	player	34	NFL	new	Patrick Mahomes	A reset in Kansas City: Andy Reid brings Chiefs rookies and QBs in early again after a 6-11 collapse
180201	player	69	NFL	new	Justin Fields	A reset in Kansas City: Andy Reid brings Chiefs rookies and QBs in early again after a 6-11 collapse
180201	player	33934037	NFL	new	Garrett Nussmeier	A reset in Kansas City: Andy Reid brings Chiefs rookies and QBs in early again after a 6-11 collapse
180201	player	33935540	NFL	new	R Mason Thomas	A reset in Kansas City: Andy Reid brings Chiefs rookies and QBs in early again after a 6-11 collapse
180201	player	33935694	NFL	new	Peter Woods	A reset in Kansas City: Andy Reid brings Chiefs rookies and QBs in early again after a 6-11 collapse
180201	player	33935961	NFL	new	Mansoor Delane	A reset in Kansas City: Andy Reid brings Chiefs rookies and QBs in early again after a 6-11 collapse
180203	team	1	NFL	new	New England Patriots	Jets fan pokes fun at Mike Vrabel, Dianna Russini scandal
180207	player	1525	NFL	new	Kingsley Enagbare	How many sacks will Jets DE Joseph Ossai have in 2026?
180207	player	33935768	NFL	new	David Bailey	How many sacks will Jets DE Joseph Ossai have in 2026?
180210	team	1	NFL	new	New England Patriots	The team ‘intriguing’ Stefon Diggs as he draws interest with NFL training camps starting
180215	team	14	NFL	new	Kansas City Chiefs	Draft Watch Show: Countdown To Kickoff
180219	player	50	NFL	new	Geno Smith	3 biggest concerns facing the 2026 New York Jets
180219	player	1950	NFL	new	Jamal Adams	3 biggest concerns facing the 2026 New York Jets
180219	player	278420	NFL	new	Adonai Mitchell	3 biggest concerns facing the 2026 New York Jets
180219	player	33934299	NFL	new	Omar Cooper Jr.	3 biggest concerns facing the 2026 New York Jets
180219	player	33934695	NFL	new	Kenyon Sadiq	3 biggest concerns facing the 2026 New York Jets
180219	player	33935768	NFL	new	David Bailey	3 biggest concerns facing the 2026 New York Jets
180219	player	33936202	NFL	new	D’Angelo Ponds	3 biggest concerns facing the 2026 New York Jets
180221	player	33935768	NFL	new	David Bailey	How many sacks will Jets DE Joseph Ossai have in 2026?
180224	player	1661	NFL	new	Mazi Smith	3 Jets Clearly on the Hot Seat Entering Training Camp
180224	player	1705	NFL	new	Andre Cisco	3 Jets Clearly on the Hot Seat Entering Training Camp
180224	player	280825	NFL	new	Eric Watts	3 Jets Clearly on the Hot Seat Entering Training Camp
180226	team	6	NFL	new	Baltimore Ravens	Former Clemson stars named NFL players who could shaped the 2026 season
180226	team	9	NFL	new	Bengals	Former Clemson stars named NFL players who could shaped the 2026 season
180226	team	18	NFL	new	Philadelphia Eagles	Former Clemson stars named NFL players who could shaped the 2026 season
180226	team	20	NFL	new	New York Giants	Former Clemson stars named NFL players who could shaped the 2026 season
180232	player	13880679	NFL	new	Lenny Krieg	Packers to work out German-born kicker before start of training camp
180242	player	50	NFL	new	Geno Smith	NFL Power Rankings, 2026: Full league rankings with training camps beginning
180242	player	13873931	NFL	new	Cam Ward	NFL Power Rankings, 2026: Full league rankings with training camps beginning
180242	team	11	NFL	new	Tennessee Titans	NFL Power Rankings, 2026: Full league rankings with training camps beginning
180247	team	19	NFL	new	Dallas Cowboys	Tony Romo withdraws from next golf tournament after DUI arrest
180249	player	12	NFL	new	Kenneth Gainwell	Bucs should get the best of Bucky Irving in 2026, thanks to a notable trend from the Falcons last year
180249	player	475	NFL	new	Bijan Robinson	Bucs should get the best of Bucky Irving in 2026, thanks to a notable trend from the Falcons last year
180249	player	494	NFL	new	Tyler Allgeier	Bucs should get the best of Bucky Irving in 2026, thanks to a notable trend from the Falcons last year
180251	player	69	NFL	new	Justin Fields	Chiefs’ training camp video of Patrick Mahomes and QB room goes viral
180251	player	585591	NFL	new	Chris Oladokun	Chiefs’ training camp video of Patrick Mahomes and QB room goes viral
180251	player	33934037	NFL	new	Garrett Nussmeier	Chiefs’ training camp video of Patrick Mahomes and QB room goes viral
180256	player	33935919	NFL	new	Jadon Canady	Justin Fields Left Red-Faced After Chiefs Rookie Gets the Better of Him at Training Camp
180258	player	1810	NFL	new	Riley Dixon	Ranking the Top NFC South Special Teams For 2026
180258	player	7495	NFL	new	Nick Folk	Ranking the Top NFC South Special Teams For 2026
180258	player	7523	NFL	new	Chase McLaughlin	Ranking the Top NFC South Special Teams For 2026
180258	player	7638	NFL	new	Jake Bailey	Ranking the Top NFC South Special Teams For 2026
180258	player	13879086	NFL	new	Ryan Fitzgerald	Ranking the Top NFC South Special Teams For 2026
180272	player	17	NFL	new	Malik Willis	Miami Dolphins Fans On 2026 QB Roster Depth
180272	player	13873786	NFL	new	Quinn Ewers	Miami Dolphins Fans On 2026 QB Roster Depth
180276	player	17	NFL	new	Malik Willis	Dolphins Sunday Mailbag: Examining the Reasons to Be Positive Heading into Camp
180276	player	28	NFL	new	Tua Tagovailoa	Dolphins Sunday Mailbag: Examining the Reasons to Be Positive Heading into Camp
180276	player	114	NFL	new	De'Von Achane	Dolphins Sunday Mailbag: Examining the Reasons to Be Positive Heading into Camp
180276	player	651	NFL	new	Tutu Atwell	Dolphins Sunday Mailbag: Examining the Reasons to Be Positive Heading into Camp
180276	player	961	NFL	new	Jalen Tolbert	Dolphins Sunday Mailbag: Examining the Reasons to Be Positive Heading into Camp
180276	player	277936	NFL	new	Xavier Legette	Dolphins Sunday Mailbag: Examining the Reasons to Be Positive Heading into Camp
180276	player	279738	NFL	new	Patrick Paul	Dolphins Sunday Mailbag: Examining the Reasons to Be Positive Heading into Camp
180276	player	13874764	NFL	new	Jonah Savaiinaea	Dolphins Sunday Mailbag: Examining the Reasons to Be Positive Heading into Camp
180276	player	33934412	NFL	new	Caleb Douglas	Dolphins Sunday Mailbag: Examining the Reasons to Be Positive Heading into Camp
180276	player	33935275	NFL	new	Kadyn Proctor	Dolphins Sunday Mailbag: Examining the Reasons to Be Positive Heading into Camp
180277	player	18	NFL	new	Jacoby Brissett	The latest NFL contract has the Miami Dolphins’ Malik Willis gamble looking better than ever
180277	team	33	NFL	new	Arizona Cardinals	The latest NFL contract has the Miami Dolphins’ Malik Willis gamble looking better than ever
180280	player	961	NFL	new	Jalen Tolbert	New Dolphins WR identified as a fantasy football sleeper
180282	player	17	NFL	new	Malik Willis	This Stat Encapsulates Dolphins’ Early-Down Struggles in 2025
180282	player	114	NFL	new	De’Von Achane	This Stat Encapsulates Dolphins’ Early-Down Struggles in 2025
180288	player	45	NFL	new	Justin Herbert	Chargers training camp preview: Can new OC Mike McDaniel ignite offense?
180289	player	18	NFL	new	Jacoby Brissett	5 Key Stories: 7/19/26 – 7/26/26 - NFL Rumors
180289	player	493	NFL	new	Alvin Kamara	5 Key Stories: 7/19/26 – 7/26/26 - NFL Rumors
180289	player	1375	NFL	new	Devonte Wyatt	5 Key Stories: 7/19/26 – 7/26/26 - NFL Rumors
180289	player	1400	NFL	new	Jordyn Brooks	5 Key Stories: 7/19/26 – 7/26/26 - NFL Rumors
180289	player	1546	NFL	new	Kevin Givens	5 Key Stories: 7/19/26 – 7/26/26 - NFL Rumors
180289	player	73469	NFL	new	Taylor Moton	5 Key Stories: 7/19/26 – 7/26/26 - NFL Rumors
180289	player	13878243	NFL	new	Nic Scourton	5 Key Stories: 7/19/26 – 7/26/26 - NFL Rumors
180290	player	1188	NFL	new	Greg Dulcich	5 breakout candidates for Miami Dolphins in 2026
180290	player	279725	NFL	new	Malik Washington	5 breakout candidates for Miami Dolphins in 2026
180290	player	279751	NFL	new	Chop Robinson	5 breakout candidates for Miami Dolphins in 2026
180290	player	13874764	NFL	new	Jonah Savaiinaea	5 breakout candidates for Miami Dolphins in 2026
180290	player	13875175	NFL	new	Kenneth Grant	5 breakout candidates for Miami Dolphins in 2026
180292	player	1313	NFL	new	Zach Sieler	Dolphins Defense Can Evolve Under Sean Duggan in 2026
180292	player	1400	NFL	new	Jordyn Brooks	Dolphins Defense Can Evolve Under Sean Duggan in 2026
180292	player	1479	NFL	new	Tyrel Dodson	Dolphins Defense Can Evolve Under Sean Duggan in 2026
180292	player	33936190	NFL	new	Jacob Rodriguez	Dolphins Defense Can Evolve Under Sean Duggan in 2026
180295	player	18	NFL	new	Jacoby Brissett	Former Dolphins QB gets re-worked deal with NFC West squad
180295	team	33	NFL	new	Arizona Cardinals	Former Dolphins QB gets re-worked deal with NFC West squad
180302	player	1412	NFL	new	Kaden Elliss	Which Falcons Linebacker Room Addition Will Step Up in 2026?
180302	player	1529	NFL	new	Christian Harris	Which Falcons Linebacker Room Addition Will Step Up in 2026?
180302	player	1618	NFL	new	Divine Deablo	Which Falcons Linebacker Room Addition Will Step Up in 2026?
180302	player	2604	NFL	new	Channing Tindall	Which Falcons Linebacker Room Addition Will Step Up in 2026?
180302	player	33935619	NFL	new	Kendal Daniels	Which Falcons Linebacker Room Addition Will Step Up in 2026?
180302	player	33935849	NFL	new	Harold Perkins Jr.	Which Falcons Linebacker Room Addition Will Step Up in 2026?
180305	player	2014	NFL	new	Budda Baker	Jacoby Brissett agrees to reworked 1-year deal with Cardinals and is likely starter at QB for Week 1
180309	player	34	NFL	new	Patrick Mahomes	A reset in Kansas City: Andy Reid brings Chiefs rookies and QBs in early again after a 6-11 collapse
180309	player	69	NFL	new	Justin Fields	A reset in Kansas City: Andy Reid brings Chiefs rookies and QBs in early again after a 6-11 collapse
180309	player	33934037	NFL	new	Garrett Nussmeier	A reset in Kansas City: Andy Reid brings Chiefs rookies and QBs in early again after a 6-11 collapse
180309	player	33935540	NFL	new	R Mason Thomas	A reset in Kansas City: Andy Reid brings Chiefs rookies and QBs in early again after a 6-11 collapse
180309	player	33935694	NFL	new	Peter Woods	A reset in Kansas City: Andy Reid brings Chiefs rookies and QBs in early again after a 6-11 collapse
180309	player	33935961	NFL	new	Mansoor Delane	A reset in Kansas City: Andy Reid brings Chiefs rookies and QBs in early again after a 6-11 collapse
180312	player	34	NFL	new	Patrick Mahomes	Chargers named potential landing spot for All-Pro wide receiver
180312	player	45	NFL	new	Justin Herbert	Chargers named potential landing spot for All-Pro wide receiver
180312	player	689	NFL	new	Tyreek Hill	Chargers named potential landing spot for All-Pro wide receiver
180312	player	718	NFL	new	Quentin Johnston	Chargers named potential landing spot for All-Pro wide receiver
180312	player	277681	NFL	new	Ladd McConkey	Chargers named potential landing spot for All-Pro wide receiver
180312	player	13874411	NFL	new	Tre' Harris	Chargers named potential landing spot for All-Pro wide receiver
180318	player	2140	NFL	new	Zayne Anderson	Don’t sleep on this Miami Dolphins defender as the answer to one pressing question entering training camp
180318	player	13879058	NFL	new	Dante Trader Jr.	Don’t sleep on this Miami Dolphins defender as the answer to one pressing question entering training camp
180318	player	33935967	NFL	new	Kyle Louis	Don’t sleep on this Miami Dolphins defender as the answer to one pressing question entering training camp
180318	player	33936520	NFL	new	Chris Johnson	Don’t sleep on this Miami Dolphins defender as the answer to one pressing question entering training camp
180332	team	27	NFL	new	Atlanta Falcons	Alabama Legend Tua Tagovailoa Already Under Fire Before NFL Season
180348	player	94	NFL	new	Aaron Rodgers	Ravens Analyst’s Understandable Reason to Laugh at Prediction
180348	player	13878849	NFL	new	Tyler Loop	Ravens Analyst’s Understandable Reason to Laugh at Prediction
180348	team	7	NFL	new	Pittsburgh Steelers	Ravens Analyst’s Understandable Reason to Laugh at Prediction
180348	team	9	NFL	new	Cincinnati Bengals	Ravens Analyst’s Understandable Reason to Laugh at Prediction
180355	player	729	NFL	new	Sterling Shepard	Former Buccaneers WR Works Out With Ravens
180359	player	11	NFL	new	Ja’ Marr Chase	2 NFL Teams Under Pressure To Succeed In 2026
180359	player	35	NFL	new	Joe Burrow	2 NFL Teams Under Pressure To Succeed In 2026
180359	player	1465	NFL	new	Nick Herbig	2 NFL Teams Under Pressure To Succeed In 2026
180359	player	88197	NFL	new	Nate Wiggins	2 NFL Teams Under Pressure To Succeed In 2026
180359	team	7	NFL	new	Pittsburgh Steelers	2 NFL Teams Under Pressure To Succeed In 2026
180362	player	95	NFL	new	DeAndre Hopkins	Ravens Weren’t Interested in Signing 4-Time Pro Bowl WR: Report
180362	player	637	NFL	new	Chris Moore	Ravens Weren’t Interested in Signing 4-Time Pro Bowl WR: Report
180362	player	735	NFL	new	Stefon Diggs	Ravens Weren’t Interested in Signing 4-Time Pro Bowl WR: Report
180362	team	1	NFL	new	New England Patriots	Ravens Weren’t Interested in Signing 4-Time Pro Bowl WR: Report
180364	player	28	NFL	new	Tua Tagovailoa	Ravens Weren’t Interested in Signing 4-Time Pro Bowl WR: Report
180364	player	615	NFL	new	Zay Flowers	Ravens Weren’t Interested in Signing 4-Time Pro Bowl WR: Report
180364	player	637	NFL	new	Chris Moore	Ravens Weren’t Interested in Signing 4-Time Pro Bowl WR: Report
180364	player	683	NFL	new	Rashod Bateman	Ravens Weren’t Interested in Signing 4-Time Pro Bowl WR: Report
180364	player	735	NFL	new	Stefon Diggs	Ravens Weren’t Interested in Signing 4-Time Pro Bowl WR: Report
180364	player	33934342	NFL	new	Zachariah Branch	Ravens Weren’t Interested in Signing 4-Time Pro Bowl WR: Report
180366	team	3	NFL	new	Buffalo Bills	ESPN Ranks the Top 10 Most Likely Super Bowl LXI Matchups
180366	team	14	NFL	new	Kansas City Chiefs	ESPN Ranks the Top 10 Most Likely Super Bowl LXI Matchups
180366	team	17	NFL	new	Los Angeles Chargers	ESPN Ranks the Top 10 Most Likely Super Bowl LXI Matchups
180366	team	25	NFL	new	Detroit Lions	ESPN Ranks the Top 10 Most Likely Super Bowl LXI Matchups
180366	team	30	NFL	new	San Francisco 49ers	ESPN Ranks the Top 10 Most Likely Super Bowl LXI Matchups
180366	team	31	NFL	new	Seattle Seahawks	ESPN Ranks the Top 10 Most Likely Super Bowl LXI Matchups
180366	team	32	NFL	new	Los Angeles Rams	ESPN Ranks the Top 10 Most Likely Super Bowl LXI Matchups
180372	player	52	NFL	new	Baker Mayfield	Ravens Host Ex-Giants Wide Receiver on Tryout Despite Retirement Speculation
180372	player	729	NFL	new	Sterling Shepard	Ravens Host Ex-Giants Wide Receiver on Tryout Despite Retirement Speculation
180376	player	1468	NFL	new	Kyle Hamilton	Baltimore Ravens 2026 training camp preview: Safety
180376	player	2053	NFL	new	Jaylinn Hawkins	Baltimore Ravens 2026 training camp preview: Safety
180376	player	13878716	NFL	new	Keondre Jackson	Baltimore Ravens 2026 training camp preview: Safety
180376	player	13878786	NFL	new	Malaki Starks	Baltimore Ravens 2026 training camp preview: Safety
180376	player	33936377	NFL	new	Silas Walters	Baltimore Ravens 2026 training camp preview: Safety
180377	player	26	NFL	new	Kirk Cousins	Official Site of the National Football League
180377	player	66	NFL	new	Aidan O’Connell	Official Site of the National Football League
180377	player	21225	NFL	new	Tom Brady	Official Site of the National Football League
180377	player	33934028	NFL	new	Jacob Clark	Official Site of the National Football League
180377	player	33934106	NFL	new	Fernando Mendoza	Official Site of the National Football League
180378	player	615	NFL	new	Zay Flowers	10 Ravens questions that must be answered before Week 1
180378	player	637	NFL	new	Chris Moore	10 Ravens questions that must be answered before Week 1
180378	player	683	NFL	new	Rashod Bateman	10 Ravens questions that must be answered before Week 1
180378	player	1300	NFL	new	Nnamdi Madubuike	10 Ravens questions that must be answered before Week 1
180378	player	278521	NFL	new	Devontez Walker	10 Ravens questions that must be answered before Week 1
180378	player	33934304	NFL	new	Ja’Kobi Lane	10 Ravens questions that must be answered before Week 1
180378	player	33934357	NFL	new	Elijah Sarratt	10 Ravens questions that must be answered before Week 1
180378	player	33936465	NFL	new	Ryan Eckley	10 Ravens questions that must be answered before Week 1
180379	player	637	NFL	new	Chris Moore	Ravens place Madubuike, five others on active PUP list before start of training camp
180379	player	1300	NFL	new	Nnamdi Madubuike	Ravens place Madubuike, five others on active PUP list before start of training camp
180379	player	1553	NFL	new	Travis Jones	Ravens place Madubuike, five others on active PUP list before start of training camp
180379	player	1562	NFL	new	John Jenkins	Ravens place Madubuike, five others on active PUP list before start of training camp
180379	player	67921	NFL	new	Ethan Pocic	Ravens place Madubuike, five others on active PUP list before start of training camp
180379	player	278543	NFL	new	Adisa Isaac	Ravens place Madubuike, five others on active PUP list before start of training camp
180379	player	366473	NFL	new	Corey Bullock	Ravens place Madubuike, five others on active PUP list before start of training camp
180379	player	13877780	NFL	new	Teddye Buchanan	Ravens place Madubuike, five others on active PUP list before start of training camp
180379	player	13878403	NFL	new	Bilhal Kone	Ravens place Madubuike, five others on active PUP list before start of training camp
180379	player	33937227	NFL	new	Diego Pavia	Ravens place Madubuike, five others on active PUP list before start of training camp
180390	team	8	NFL	new	Cleveland Browns	Former Vikings Backup Carves Out Role with NFL Team
180390	team	19	NFL	new	Dallas Cowboys	Former Vikings Backup Carves Out Role with NFL Team
180394	team	1	NFL	new	New England Patriots	Super Bowl-winner Jordan Devey dies at 38
180394	team	3	NFL	new	Buffalo Bills	Super Bowl-winner Jordan Devey dies at 38
180394	team	14	NFL	new	Kansas City Chiefs	Super Bowl-winner Jordan Devey dies at 38
180394	team	30	NFL	new	San Francisco 49ers	Super Bowl-winner Jordan Devey dies at 38
180394	team	31	NFL	new	Seattle Seahawks	Super Bowl-winner Jordan Devey dies at 38
180396	player	33937227	NFL	new	Diego Pavia	Former Virginia Tech QBs could be joined in NFL camp by overvalued SEC quarterback
180397	player	637	NFL	new	Chris Moore	Former Commanders receiver signs with Ravens
180412	player	46566	NFL	new	Cam Newton	Ryan Clark Receives Unexpected Job Opportunity Outside Football After ESPN Firing
180415	player	32	NFL	new	Jared Goff	Top 10 NFL Quarterback-Head Coach Duos Entering the 2026 Season: Ranking the Partnerships Built to Chase a Super Bowl
180415	player	34	NFL	new	Patrick Mahomes	Top 10 NFL Quarterback-Head Coach Duos Entering the 2026 Season: Ranking the Partnerships Built to Chase a Super Bowl
180415	player	38	NFL	new	Josh Allen	Top 10 NFL Quarterback-Head Coach Duos Entering the 2026 Season: Ranking the Partnerships Built to Chase a Super Bowl
180415	player	43	NFL	new	Jalen Hurts	Top 10 NFL Quarterback-Head Coach Duos Entering the 2026 Season: Ranking the Partnerships Built to Chase a Super Bowl
180415	player	63	NFL	new	Matthew Stafford	Top 10 NFL Quarterback-Head Coach Duos Entering the 2026 Season: Ranking the Partnerships Built to Chase a Super Bowl
180416	team	1	NFL	new	Patriots	"Y'all was the BLACK Team" - Perk on Ravens Legacy + Ray Lewis' PRANK on Terrell Suggs as a Rookie
180417	player	94	NFL	new	Aaron Rodgers	5 Steelers Offensive Storylines Ravens Must Watch in 2026
180418	team	1	NFL	new	New England Patriots	Ranking The Top AFC West Special Teamers For 2026
180418	team	4	NFL	new	New York Jets	Ranking The Top AFC West Special Teamers For 2026
180418	team	5	NFL	new	Miami Dolphins	Ranking The Top AFC West Special Teamers For 2026
180418	team	7	NFL	new	Pittsburgh Steelers	Ranking The Top AFC West Special Teamers For 2026
180418	team	10	NFL	new	Houston Texans	Ranking The Top AFC West Special Teamers For 2026
180418	team	14	NFL	new	Kansas City Chiefs	Ranking The Top AFC West Special Teamers For 2026
180418	team	30	NFL	new	San Francisco 49ers	Ranking The Top AFC West Special Teamers For 2026
180418	team	31	NFL	new	Seattle Seahawks	Ranking The Top AFC West Special Teamers For 2026
180418	team	32	NFL	new	Los Angeles Rams	Ranking The Top AFC West Special Teamers For 2026
180423	team	1	NFL	new	New England Patriots	Jaheim Bell Looks to Flash Ability Within Steelers Tight End Room
180441	player	22	NFL	new	Mason Rudolph	Will Howard in ‘pole position’ for Steelers backup QB job
180441	player	94	NFL	new	Aaron Rodgers	Will Howard in ‘pole position’ for Steelers backup QB job
180441	player	33934017	NFL	new	Drew Allar	Will Howard in ‘pole position’ for Steelers backup QB job
180442	player	18	NFL	new	Jacoby Brissett	Steelers lose potential trade partner after Cardinals update
180446	player	69359	NFL	new	Dion Dawkins	Steelers veteran can turn one quiet concern into a strength at camp
180446	player	244917	NFL	new	Charles Cross	Steelers veteran can turn one quiet concern into a strength at camp
180446	player	278671	NFL	new	Spencer Anderson	Steelers veteran can turn one quiet concern into a strength at camp
180446	player	278709	NFL	new	Dylan Cook	Steelers veteran can turn one quiet concern into a strength at camp
180446	player	280266	NFL	new	Brock Hoffman	Steelers veteran can turn one quiet concern into a strength at camp
180446	player	33934977	NFL	new	Gennings Dunker	Steelers veteran can turn one quiet concern into a strength at camp
180446	player	33935216	NFL	new	Max Iheanachor	Steelers veteran can turn one quiet concern into a strength at camp
180448	team	4	NFL	new	New York Jets	Sharp Football 2027 NFL Mock Draft: 32 First Round Picks
180448	team	5	NFL	new	Miami Dolphins	Sharp Football 2027 NFL Mock Draft: 32 First Round Picks
180448	team	8	NFL	new	Cleveland Browns	Sharp Football 2027 NFL Mock Draft: 32 First Round Picks
180448	team	16	NFL	new	Las Vegas Raiders	Sharp Football 2027 NFL Mock Draft: 32 First Round Picks
180448	team	20	NFL	new	New York Giants	Sharp Football 2027 NFL Mock Draft: 32 First Round Picks
180448	team	26	NFL	new	New Orleans Saints	Sharp Football 2027 NFL Mock Draft: 32 First Round Picks
180448	team	27	NFL	new	Atlanta Falcons	Sharp Football 2027 NFL Mock Draft: 32 First Round Picks
180448	team	29	NFL	new	Carolina Panthers	Sharp Football 2027 NFL Mock Draft: 32 First Round Picks
180448	team	32	NFL	new	Los Angeles Rams	Sharp Football 2027 NFL Mock Draft: 32 First Round Picks
180450	player	94	NFL	new	Aaron Rodgers	Madden Monday: ‘Mike McCarthy really wants to win. Mike Tomlin wanted to win 9 games’
180451	player	94	NFL	new	Aaron Rodgers	Steelers HC Mike McCarthy Already Facing Immense Pressure
180453	player	1123	NFL	new	Darnell Washington	Yahya Black had priceless reaction to meeting one huge Steelers player
180454	player	1342	NFL	new	Javon Hargrave	The Steelers We Wish Never Left
180454	player	40328	NFL	new	Mike Wallace	The Steelers We Wish Never Left
180454	player	43835	NFL	new	Emmanuel Sanders	The Steelers We Wish Never Left
180454	player	43917	NFL	new	Antonio Brown	The Steelers We Wish Never Left
180460	team	1	NFL	new	New England Patriots	20 Scenarios in 20 Days: The Pittsburgh Steelers will win the AFC North
180460	team	3	NFL	new	Buffalo Bills	20 Scenarios in 20 Days: The Pittsburgh Steelers will win the AFC North
180460	team	6	NFL	new	Baltimore Ravens	20 Scenarios in 20 Days: The Pittsburgh Steelers will win the AFC North
180460	team	9	NFL	new	Cincinnati Bengals	20 Scenarios in 20 Days: The Pittsburgh Steelers will win the AFC North
180460	team	14	NFL	new	Kansas City Chiefs	20 Scenarios in 20 Days: The Pittsburgh Steelers will win the AFC North
180460	team	15	NFL	new	Denver Broncos	20 Scenarios in 20 Days: The Pittsburgh Steelers will win the AFC North
180464	player	1431	NFL	new	Patrick Queen	Steelers forgotten man has a real chance to crash the depth chart
180464	player	1972	NFL	new	Cole Holcomb	Steelers forgotten man has a real chance to crash the depth chart
180464	player	277992	NFL	new	Payton Wilson	Steelers forgotten man has a real chance to crash the depth chart
180465	player	99	NFL	new	Jonnu Smith	Freiermuth, Washington Each Make PFF’s List Of Top Tight Ends
180465	player	734	NFL	new	Chig Okonkwo	Freiermuth, Washington Each Make PFF’s List Of Top Tight Ends
180465	player	759	NFL	new	Cole Kmet	Freiermuth, Washington Each Make PFF’s List Of Top Tight Ends
180465	player	917	NFL	new	Isaiah Likely	Freiermuth, Washington Each Make PFF’s List Of Top Tight Ends
180465	player	950	NFL	new	Pat Freiermuth	Freiermuth, Washington Each Make PFF’s List Of Top Tight Ends
180465	player	971	NFL	new	Mike Gesicki	Freiermuth, Washington Each Make PFF’s List Of Top Tight Ends
180465	player	1123	NFL	new	Darnell Washington	Freiermuth, Washington Each Make PFF’s List Of Top Tight Ends
180465	player	277793	NFL	new	Theo Johnson	Freiermuth, Washington Each Make PFF’s List Of Top Tight Ends
180465	player	13874670	NFL	new	Colston Loveland	Freiermuth, Washington Each Make PFF’s List Of Top Tight Ends
180468	player	467	NFL	new	Najee Harris	3 former Steelers sitting as free agents who could help the team
180468	player	1590	NFL	new	Jabrill Peppers	3 former Steelers sitting as free agents who could help the team
180468	player	83287	NFL	new	Calvin Anderson	3 former Steelers sitting as free agents who could help the team
180469	player	1311	NFL	new	Nick Bosa	Kyle Shanahan makes a cameo appearance at 49ers practice following recent car crash
180469	player	1478	NFL	new	Fred Warner	Kyle Shanahan makes a cameo appearance at 49ers practice following recent car crash
180469	player	1716	NFL	new	Trent Williams	Kyle Shanahan makes a cameo appearance at 49ers practice following recent car crash
180473	player	34	NFL	new	Patrick Mahomes	A reset in Kansas City: Andy Reid brings Chiefs rookies and QBs in early again after a 6-11 collapse
180473	player	69	NFL	new	Justin Fields	A reset in Kansas City: Andy Reid brings Chiefs rookies and QBs in early again after a 6-11 collapse
180473	player	33934037	NFL	new	Garrett Nussmeier	A reset in Kansas City: Andy Reid brings Chiefs rookies and QBs in early again after a 6-11 collapse
180473	player	33935540	NFL	new	R Mason Thomas	A reset in Kansas City: Andy Reid brings Chiefs rookies and QBs in early again after a 6-11 collapse
180473	player	33935694	NFL	new	Peter Woods	A reset in Kansas City: Andy Reid brings Chiefs rookies and QBs in early again after a 6-11 collapse
180473	player	33935961	NFL	new	Mansoor Delane	A reset in Kansas City: Andy Reid brings Chiefs rookies and QBs in early again after a 6-11 collapse
180486	player	94	NFL	new	Aaron Rodgers	Fittipaldo Expects Pat Freiermuth to Take Bigger Role in Steelers’ Offense
180486	player	33934318	NFL	new	Germie Bernard	Fittipaldo Expects Pat Freiermuth to Take Bigger Role in Steelers’ Offense
180488	player	22	NFL	new	Mason Rudolph	Will Howard Leads Steelers QB2 Competition Ahead of Training Camp
180488	player	33934017	NFL	new	Drew Allar	Will Howard Leads Steelers QB2 Competition Ahead of Training Camp
180501	player	68	NFL	new	Deshaun Watson	Browns' Jerry Jeudy disputes video appearing to show QB pick
180501	player	13873908	NFL	new	Shedeur Sanders	Browns' Jerry Jeudy disputes video appearing to show QB pick
180503	player	68	NFL	new	Deshaun Watson	NFL Showdown: Watson vs. Sanders in Cleveland Camp
180505	player	13873908	NFL	new	Shedeur Sanders	ESPN's Pat McAfee wants to see the Browns win
180505	player	13878538	NFL	new	Carson Schwesinger	ESPN's Pat McAfee wants to see the Browns win
180513	player	68	NFL	new	Deshaun Watson	Browns WR already finds himself in hot water as training camp starts
180513	player	854	NFL	new	Jerry Jeudy	Browns WR already finds himself in hot water as training camp starts
180513	player	13873908	NFL	new	Shedeur Sanders	Browns WR already finds himself in hot water as training camp starts
180516	player	1298	NFL	new	Myles Garrett	Cleveland Browns still looking for help at defensive end
180516	player	1306	NFL	new	Haason Reddick	Cleveland Browns still looking for help at defensive end
180516	player	1316	NFL	new	Jadeveon Clowney	Cleveland Browns still looking for help at defensive end
180516	player	1319	NFL	new	Kyle Van Noy	Cleveland Browns still looking for help at defensive end
180516	player	1350	NFL	new	Joey Bosa	Cleveland Browns still looking for help at defensive end
180516	player	278249	NFL	new	Jared Verse	Cleveland Browns still looking for help at defensive end
180516	player	33935366	NFL	new	Logan Fano	Cleveland Browns still looking for help at defensive end
180516	player	33935457	NFL	new	Tyreak Sapp	Cleveland Browns still looking for help at defensive end
180519	player	722	NFL	new	Cedric Tillman	One Browns WR tabbed as clear training camp trade candidate
180523	player	68	NFL	new	Deshaun Watson	Browns land new franchise QB in way too early 2027 NFL mock draft
180523	player	13873908	NFL	new	Shedeur Sanders	Browns land new franchise QB in way too early 2027 NFL mock draft
180528	player	68	NFL	new	Deshaun Watson	NFL Showdown: Watson vs. Sanders in Cleveland Camp
180529	player	68	NFL	new	Deshaun Watson	Browns WR Jerry Jeudy Calls Out Lying Amid QB Controversy
180529	player	13873908	NFL	new	Shedeur Sanders	Browns WR Jerry Jeudy Calls Out Lying Amid QB Controversy
180530	player	1549	NFL	new	Grant Delpit	Browns fans may need to temper expectations for a celebrated draft pick
180530	player	1620	NFL	new	Myles Bryant	Browns fans may need to temper expectations for a celebrated draft pick
180530	player	2038	NFL	new	D’Angelo Ross	Browns fans may need to temper expectations for a celebrated draft pick
180530	player	2176	NFL	new	Daniel Thomas	Browns fans may need to temper expectations for a celebrated draft pick
180530	player	2703	NFL	new	Ronnie Hickman	Browns fans may need to temper expectations for a celebrated draft pick
180530	player	278643	NFL	new	Myles Harden	Browns fans may need to temper expectations for a celebrated draft pick
180530	player	33936387	NFL	new	Emmanuel McNeil-Warren	Browns fans may need to temper expectations for a celebrated draft pick
180533	player	105	NFL	new	Josh Jacobs	Start 'Em, Sit 'Em Week 3: Injuries impact the fantasy landscape
180533	player	468	NFL	new	Joe Mixon	Start 'Em, Sit 'Em Week 3: Injuries impact the fantasy landscape
180533	player	634	NFL	new	Leonard Fournette	Start 'Em, Sit 'Em Week 3: Injuries impact the fantasy landscape
180533	player	43917	NFL	new	Antonio Brown	Start 'Em, Sit 'Em Week 3: Injuries impact the fantasy landscape
180533	team	6	NFL	new	Baltimore Ravens	Start 'Em, Sit 'Em Week 3: Injuries impact the fantasy landscape
180533	team	7	NFL	new	Pittsburgh Steelers	Start 'Em, Sit 'Em Week 3: Injuries impact the fantasy landscape
180533	team	9	NFL	new	Cincinnati Bengals	Start 'Em, Sit 'Em Week 3: Injuries impact the fantasy landscape
180533	team	14	NFL	new	Kansas City Chiefs	Start 'Em, Sit 'Em Week 3: Injuries impact the fantasy landscape
180533	team	16	NFL	new	Raiders	Start 'Em, Sit 'Em Week 3: Injuries impact the fantasy landscape
180533	team	20	NFL	new	New York Giants	Start 'Em, Sit 'Em Week 3: Injuries impact the fantasy landscape
180533	team	23	NFL	new	Minnesota Vikings	Start 'Em, Sit 'Em Week 3: Injuries impact the fantasy landscape
180533	team	28	NFL	new	Tampa Bay Buccaneers	Start 'Em, Sit 'Em Week 3: Injuries impact the fantasy landscape
180538	team	32	NFL	new	Los Angeles Rams	Myles Garrett closes Cleveland chapter with $2.1 million decision
180541	player	2024	NFL	new	Tytus Howard	Cleveland Browns training camp 2026: OL preview, Part 1 – Who starts at offensive tackle?
180541	player	271327	NFL	new	Dawand Jones	Cleveland Browns training camp 2026: OL preview, Part 1 – Who starts at offensive tackle?
180541	player	281549	NFL	new	KT Leveston	Cleveland Browns training camp 2026: OL preview, Part 1 – Who starts at offensive tackle?
180541	player	33935187	NFL	new	Spencer Fano	Cleveland Browns training camp 2026: OL preview, Part 1 – Who starts at offensive tackle?
180544	player	1760	NFL	new	Joel Bitonio	Predicting Cleveland Browns Starting Offensive Line Before Training Camp
180544	player	1955	NFL	new	Elgton Jenkins	Predicting Cleveland Browns Starting Offensive Line Before Training Camp
180544	player	2024	NFL	new	Tytus Howard	Predicting Cleveland Browns Starting Offensive Line Before Training Camp
180544	player	83572	NFL	new	Teven Jenkins	Predicting Cleveland Browns Starting Offensive Line Before Training Camp
180544	player	279595	NFL	new	Zion Johnson	Predicting Cleveland Browns Starting Offensive Line Before Training Camp
180544	player	33935187	NFL	new	Spencer Fano	Predicting Cleveland Browns Starting Offensive Line Before Training Camp
180549	player	722	NFL	new	Cedric Tillman	Struggling Browns draft pick gets his best chance yet to prove Andrew Berry right
180549	player	1298	NFL	new	Myles Garrett	Struggling Browns draft pick gets his best chance yet to prove Andrew Berry right
180549	player	1380	NFL	new	Maliek Collins	Struggling Browns draft pick gets his best chance yet to prove Andrew Berry right
180549	player	1534	NFL	new	Shelby Harris	Struggling Browns draft pick gets his best chance yet to prove Andrew Berry right
180549	player	1637	NFL	new	Kalia Davis	Struggling Browns draft pick gets his best chance yet to prove Andrew Berry right
180549	player	2155	NFL	new	Sam Kamara	Struggling Browns draft pick gets his best chance yet to prove Andrew Berry right
180549	player	278611	NFL	new	Mike Hall Jr.	Struggling Browns draft pick gets his best chance yet to prove Andrew Berry right
180549	player	13875277	NFL	new	Adin Huntington	Struggling Browns draft pick gets his best chance yet to prove Andrew Berry right
180549	player	13878110	NFL	new	Mason Graham	Struggling Browns draft pick gets his best chance yet to prove Andrew Berry right
180551	player	854	NFL	new	Jerry Jeudy	Teammate’s Reaction Raises Eyebrows About Former Texans QB Deshaun Watson
180552	player	68	NFL	new	Deshaun Watson	Browns WR Jerry Jeudy shuts down narrative that he has QB preference
180552	player	1298	NFL	new	Myles Garrett	Browns WR Jerry Jeudy shuts down narrative that he has QB preference
180552	player	13873898	NFL	new	Dillon Gabriel	Browns WR Jerry Jeudy shuts down narrative that he has QB preference
180552	player	13873908	NFL	new	Shedeur Sanders	Browns WR Jerry Jeudy shuts down narrative that he has QB preference
180554	player	68	NFL	new	Deshaun Watson	Daily Dawg Chow: Training camp battles, expectations, fan preparation
180554	player	1298	NFL	new	Myles Garrett	Daily Dawg Chow: Training camp battles, expectations, fan preparation
180554	player	1675	NFL	new	Christian Gonzalez	Daily Dawg Chow: Training camp battles, expectations, fan preparation
180554	player	2085	NFL	new	Denzel Ward	Daily Dawg Chow: Training camp battles, expectations, fan preparation
180554	player	2201	NFL	new	DJ Turner	Daily Dawg Chow: Training camp battles, expectations, fan preparation
180554	player	13873908	NFL	new	Shedeur Sanders	Daily Dawg Chow: Training camp battles, expectations, fan preparation
180554	player	13874001	NFL	new	Quinshon Judkins	Daily Dawg Chow: Training camp battles, expectations, fan preparation
180560	player	1316	NFL	new	Jadeveon Clowney	Browns Eyeing Move to Fill Myles Garrett Void
180560	player	1350	NFL	new	Joey Bosa	Browns Eyeing Move to Fill Myles Garrett Void
180560	player	1389	NFL	new	Alex Wright	Browns Eyeing Move to Fill Myles Garrett Void
180560	player	1721	NFL	new	Von Miller	Browns Eyeing Move to Fill Myles Garrett Void
180560	player	2085	NFL	new	Denzel Ward	Browns Eyeing Move to Fill Myles Garrett Void
180560	player	278249	NFL	new	Jared Verse	Browns Eyeing Move to Fill Myles Garrett Void
180561	player	1298	NFL	new	Myles Garrett	Browns Make Final Call on Trading $100M Pro Bowler Ahead of Camp
180561	player	2085	NFL	new	Denzel Ward	Browns Make Final Call on Trading $100M Pro Bowler Ahead of Camp
180563	player	68	NFL	new	Deshaun Watson	Jerry Jeudy is trying to put out the fire he started by choosing Watson over Shedeur Sanders
180565	team	32	NFL	new	Los Angeles Rams	NFL record-setter Myles Garrett works out at UCLA football facilities
180566	player	18	NFL	new	Jacoby Brissett	Cleveland's Quest for a Quarterback (Chapter 8): From Reveled to Reviled in a Flash
180566	player	52	NFL	new	Baker Mayfield	Cleveland's Quest for a Quarterback (Chapter 8): From Reveled to Reviled in a Flash
180566	player	68	NFL	new	Deshaun Watson	Cleveland's Quest for a Quarterback (Chapter 8): From Reveled to Reviled in a Flash
180567	player	68	NFL	new	Deshaun Watson	Browns WR Jerry Jeudy Makes His Pick in QB Battle
180567	player	13873908	NFL	new	Shedeur Sanders	Browns WR Jerry Jeudy Makes His Pick in QB Battle
180568	player	68	NFL	new	Deshaun Watson	Browns WR Jerry Jeudy Calls Out Lying Amid QB Controversy
180568	player	13873908	NFL	new	Shedeur Sanders	Browns WR Jerry Jeudy Calls Out Lying Amid QB Controversy
180575	player	2351	NFL	new	Jedrick Wills Jr.	Former Browns First-Round Pick Named Among ‘Most Disappointing’ Since 2020
180582	player	854	NFL	new	Jerry Jeudy	Analyst Loves How the Browns Built One Position Group
180582	player	13874698	NFL	new	Harold Fannin Jr.	Analyst Loves How the Browns Built One Position Group
180582	player	13882104	NFL	new	Isaiah Bond	Analyst Loves How the Browns Built One Position Group
180582	player	33934369	NFL	new	Denzel Boston	Analyst Loves How the Browns Built One Position Group
180582	player	33934397	NFL	new	KC Concepcion	Analyst Loves How the Browns Built One Position Group
180590	player	11	NFL	new	Ja’Marr Chase	Ja’Marr Chase Sends Strong Message Before Bengals Training Camp
180590	player	35	NFL	new	Joe Burrow	Ja’Marr Chase Sends Strong Message Before Bengals Training Camp
180590	player	1322	NFL	new	Boye Mafe	Ja’Marr Chase Sends Strong Message Before Bengals Training Camp
180590	player	1368	NFL	new	Jonathan Allen	Ja’Marr Chase Sends Strong Message Before Bengals Training Camp
180590	player	2413	NFL	new	Bryan Cook	Ja’Marr Chase Sends Strong Message Before Bengals Training Camp
180594	player	63	NFL	new	Matthew Stafford	Myles Garrett wows the Rams on his first day of training camp with his new team
180594	player	1461	NFL	new	Trent McDuffie	Myles Garrett wows the Rams on his first day of training camp with his new team
180594	player	1532	NFL	new	Jaylen Watson	Myles Garrett wows the Rams on his first day of training camp with his new team
180594	player	33934033	NFL	new	Ty Simpson	Myles Garrett wows the Rams on his first day of training camp with his new team
180602	player	11	NFL	new	Ja’Marr Chase	Cincinnati Bengals’ Touchdown Imbalance Puts Record-Setting RB in Spotlight
180602	player	35	NFL	new	Joe Burrow	Cincinnati Bengals’ Touchdown Imbalance Puts Record-Setting RB in Spotlight
180602	player	551	NFL	new	Chase Brown	Cincinnati Bengals’ Touchdown Imbalance Puts Record-Setting RB in Spotlight
180602	player	866	NFL	new	Tee Higgins	Cincinnati Bengals’ Touchdown Imbalance Puts Record-Setting RB in Spotlight
180617	player	11	NFL	new	Ja’Marr Chase	Is Bengals WR Ja’Marr Chase WR 1 in Fantasy Football this year?
180617	player	35	NFL	new	Joe Burrow	Is Bengals WR Ja’Marr Chase WR 1 in Fantasy Football this year?
180624	player	277804	NFL	new	Malik Nabers	1-on-1 with UH Football's Jordan Allen
180632	player	1311	NFL	new	Nick Bosa	Kyle Shanahan makes a cameo appearance at 49ers practice following recent car crash
180632	player	1478	NFL	new	Fred Warner	Kyle Shanahan makes a cameo appearance at 49ers practice following recent car crash
180632	player	1716	NFL	new	Trent Williams	Kyle Shanahan makes a cameo appearance at 49ers practice following recent car crash
180633	player	1311	NFL	new	Nick Bosa	Kyle Shanahan makes a cameo appearance at 49ers practice following recent car crash
180633	player	1478	NFL	new	Fred Warner	Kyle Shanahan makes a cameo appearance at 49ers practice following recent car crash
180637	player	34	NFL	new	Patrick Mahomes	A reset in Kansas City: Andy Reid brings Chiefs rookies and QBs in early again after a 6-11 collapse
180637	player	69	NFL	new	Justin Fields	A reset in Kansas City: Andy Reid brings Chiefs rookies and QBs in early again after a 6-11 collapse
180637	player	33934037	NFL	new	Garrett Nussmeier	A reset in Kansas City: Andy Reid brings Chiefs rookies and QBs in early again after a 6-11 collapse
180637	player	33935540	NFL	new	R Mason Thomas	A reset in Kansas City: Andy Reid brings Chiefs rookies and QBs in early again after a 6-11 collapse
180637	player	33935694	NFL	new	Peter Woods	A reset in Kansas City: Andy Reid brings Chiefs rookies and QBs in early again after a 6-11 collapse
180637	player	33935961	NFL	new	Mansoor Delane	A reset in Kansas City: Andy Reid brings Chiefs rookies and QBs in early again after a 6-11 collapse
180638	player	57	NFL	new	C.J. Stroud	New Texans TE Foster Moreau believes C.J. has 'some of the best arm talent' in the NFL
180640	player	34	NFL	new	Patrick Mahomes	A reset in Kansas City: Andy Reid brings Chiefs rookies and QBs in early again after a 6-11 collapse
180640	player	69	NFL	new	Justin Fields	A reset in Kansas City: Andy Reid brings Chiefs rookies and QBs in early again after a 6-11 collapse
180640	player	33934037	NFL	new	Garrett Nussmeier	A reset in Kansas City: Andy Reid brings Chiefs rookies and QBs in early again after a 6-11 collapse
180640	player	33935540	NFL	new	R Mason Thomas	A reset in Kansas City: Andy Reid brings Chiefs rookies and QBs in early again after a 6-11 collapse
180640	player	33935694	NFL	new	Peter Woods	A reset in Kansas City: Andy Reid brings Chiefs rookies and QBs in early again after a 6-11 collapse
180640	player	33935961	NFL	new	Mansoor Delane	A reset in Kansas City: Andy Reid brings Chiefs rookies and QBs in early again after a 6-11 collapse
180653	team	1	NFL	new	New England Patriots	What Could Have Been: DeAndre Hopkins’ Next Chapter Could Be In New England
180657	team	1	NFL	new	New England Patriots	What Could Have Been: DeAndre Hopkins’ Next Chapter Could Be In New England
180659	player	27	NFL	new	Brock Purdy	5 Underrated Fantasy Football Quarterbacks to Target for 2026
180659	player	45	NFL	new	Justin Herbert	5 Underrated Fantasy Football Quarterbacks to Target for 2026
180659	player	57	NFL	new	C.J. Stroud	5 Underrated Fantasy Football Quarterbacks to Target for 2026
180659	player	13874050	NFL	new	Tyler Shough	5 Underrated Fantasy Football Quarterbacks to Target for 2026
180659	team	30	NFL	new	San Francisco 49ers	5 Underrated Fantasy Football Quarterbacks to Target for 2026
180666	player	1311	NFL	new	Nick Bosa	Kyle Shanahan makes a cameo appearance at 49ers practice following recent car crash
180666	player	1478	NFL	new	Fred Warner	Kyle Shanahan makes a cameo appearance at 49ers practice following recent car crash
180666	player	1716	NFL	new	Trent Williams	Kyle Shanahan makes a cameo appearance at 49ers practice following recent car crash
180666	player	2315	NFL	new	Vederian Lowe	Kyle Shanahan makes a cameo appearance at 49ers practice following recent car crash
180666	player	13874768	NFL	new	Connor Colby	Kyle Shanahan makes a cameo appearance at 49ers practice following recent car crash
180668	player	1491	NFL	new	Alex Singleton	Broncos place linebacker on non-football injury (NFI) list
180668	player	2115	NFL	new	Justin Strnad	Broncos place linebacker on non-football injury (NFI) list
180668	player	366114	NFL	new	Nick Gargiulo	Broncos place linebacker on non-football injury (NFI) list
180668	player	13878457	NFL	new	Karene Reid	Broncos place linebacker on non-football injury (NFI) list
180668	player	13878620	NFL	new	Jordan Turner	Broncos place linebacker on non-football injury (NFI) list
180668	player	33935754	NFL	new	Red Murdock	Broncos place linebacker on non-football injury (NFI) list
180668	player	33936030	NFL	new	Taurean York	Broncos place linebacker on non-football injury (NFI) list
180670	player	2014	NFL	new	Budda Baker	Jacoby Brissett agrees to reworked 1-year deal with Cardinals and is likely Week 1 starter
180684	player	73	NFL	new	Zach Wilson	BYU football's ho-hum class of 2018 produced three of the most unlikely NFL draft picks in program history
180684	player	494	NFL	new	Tyler Allgeier	BYU football's ho-hum class of 2018 produced three of the most unlikely NFL draft picks in program history
180684	player	78552	NFL	new	Dax Milne	BYU football's ho-hum class of 2018 produced three of the most unlikely NFL draft picks in program history
180717	player	1298	NFL	new	Myles Garrett	10 Bold NFL Predictions for 2026: ESPN's Forecasts That Could Completely Reshape the Season
180717	player	277679	NFL	new	Brock Bowers	10 Bold NFL Predictions for 2026: ESPN's Forecasts That Could Completely Reshape the Season
180717	team	14	NFL	new	Kansas City Chiefs	10 Bold NFL Predictions for 2026: ESPN's Forecasts That Could Completely Reshape the Season
180717	team	19	NFL	new	Dallas Cowboys	10 Bold NFL Predictions for 2026: ESPN's Forecasts That Could Completely Reshape the Season
180717	team	23	NFL	new	Minnesota Vikings	10 Bold NFL Predictions for 2026: ESPN's Forecasts That Could Completely Reshape the Season
180717	team	24	NFL	new	Chicago Bears	10 Bold NFL Predictions for 2026: ESPN's Forecasts That Could Completely Reshape the Season
180717	team	25	NFL	new	Detroit Lions	10 Bold NFL Predictions for 2026: ESPN's Forecasts That Could Completely Reshape the Season
180717	team	26	NFL	new	New Orleans Saints	10 Bold NFL Predictions for 2026: ESPN's Forecasts That Could Completely Reshape the Season
180717	team	29	NFL	new	Carolina Panthers	10 Bold NFL Predictions for 2026: ESPN's Forecasts That Could Completely Reshape the Season
180718	player	33936520	NFL	new	Chris Johnson	Middle Tennessee man with former Titan’s old number helps deliver messages of support after ALS diagnosis
180720	player	734	NFL	new	Chig Okonkwo	PFF gives Titans' Gunnar Helm Extra Motivation Ahead of Highly Anticipated Second Season
180720	player	759	NFL	new	Cole Kmet	PFF gives Titans' Gunnar Helm Extra Motivation Ahead of Highly Anticipated Second Season
180720	player	836	NFL	new	Evan Engram	PFF gives Titans' Gunnar Helm Extra Motivation Ahead of Highly Anticipated Second Season
180720	player	966	NFL	new	Daniel Bellinger	PFF gives Titans' Gunnar Helm Extra Motivation Ahead of Highly Anticipated Second Season
180720	player	277793	NFL	new	Theo Johnson	PFF gives Titans' Gunnar Helm Extra Motivation Ahead of Highly Anticipated Second Season
180720	player	13873931	NFL	new	Cam Ward	PFF gives Titans' Gunnar Helm Extra Motivation Ahead of Highly Anticipated Second Season
180723	player	869	NFL	new	Jaxon Smith-Njigba	How Julian Sayin Can Cement First-Round NFL Draft Status at Ohio State This Season
180723	team	31	NFL	new	Seattle Seahawks	How Julian Sayin Can Cement First-Round NFL Draft Status at Ohio State This Season
180727	player	591	NFL	new	Wan’Dale Robinson	PFF names Cam Ward starting QB on 2026 All-Breakout Team as Titans' upgraded supporting cast fuels Year 2 optimism
180727	player	13874089	NFL	new	Elic Ayomanor	PFF names Cam Ward starting QB on 2026 All-Breakout Team as Titans' upgraded supporting cast fuels Year 2 optimism
180727	player	13874439	NFL	new	Gunnar Helm	PFF names Cam Ward starting QB on 2026 All-Breakout Team as Titans' upgraded supporting cast fuels Year 2 optimism
180727	player	33934712	NFL	new	Carnell Tate	PFF names Cam Ward starting QB on 2026 All-Breakout Team as Titans' upgraded supporting cast fuels Year 2 optimism
180733	player	24830	NFL	new	Frank Gore	Ranking the 10 Greatest Players in San Francisco 49ers History
180734	player	279306	NFL	new	JC Latham	Will Levis headlines Tennessee Titans players in need of a "fresh start" when 2026 training camp begins
180749	player	28	NFL	new	Tua Tagovailoa	Sagapolutele’s development aided by Hawaii’s competitive QB culture
180749	player	44	NFL	new	Marcus Mariota	Sagapolutele’s development aided by Hawaii’s competitive QB culture
180757	team	14	NFL	new	Kansas City Chiefs	San Francisco 49ers head coach Kyle Shanahan injured in car crash
180762	player	734	NFL	new	Chig Okonkwo	Titans TE Gunnar Helm Given Bulletin Board Material Before Training Camp
180762	player	743	NFL	new	Van Jefferson	Titans TE Gunnar Helm Given Bulletin Board Material Before Training Camp
180762	player	759	NFL	new	Cole Kmet	Titans TE Gunnar Helm Given Bulletin Board Material Before Training Camp
180762	player	841	NFL	new	Tyler Lockett	Titans TE Gunnar Helm Given Bulletin Board Material Before Training Camp
180762	player	917	NFL	new	Isaiah Likely	Titans TE Gunnar Helm Given Bulletin Board Material Before Training Camp
180762	player	966	NFL	new	Daniel Bellinger	Titans TE Gunnar Helm Given Bulletin Board Material Before Training Camp
180762	player	971	NFL	new	Mike Gesicki	Titans TE Gunnar Helm Given Bulletin Board Material Before Training Camp
180762	player	13873931	NFL	new	Cam Ward	Titans TE Gunnar Helm Given Bulletin Board Material Before Training Camp
180767	player	48706	NFL	new	Prince Amukamara	Big Ten Football Beach Read: When will Nebraska net a B1G first-round NFL draft pick?
180782	player	33934251	NFL	new	Deion Burks	Sooners have one of the best returning players in college football, and he wasn't even wearing Crimson and Cream last season
180783	player	63	NFL	new	Matthew Stafford	Garrett wows Rams on 1st day of training camp with new team
180783	player	1298	NFL	new	Myles Garrett	Garrett wows Rams on 1st day of training camp with new team
180783	player	1461	NFL	new	Trent McDuffie	Garrett wows Rams on 1st day of training camp with new team
180783	player	1532	NFL	new	Jaylen Watson	Garrett wows Rams on 1st day of training camp with new team
180783	player	33934033	NFL	new	Ty Simpson	Garrett wows Rams on 1st day of training camp with new team
180793	player	33934106	NFL	new	Fernando Mendoza	NFL Offensive Rookie Of The Year Picks: Carnell Tate's Odds Are A Value
180793	player	33934502	NFL	new	De’Zhaun Stribling	NFL Offensive Rookie Of The Year Picks: Carnell Tate's Odds Are A Value
180796	team	5	NFL	new	Miami Dolphins	The Sporting News 2027 NFL Mock Draft: 32 First Round Picks
180796	team	8	NFL	new	Cleveland Browns	The Sporting News 2027 NFL Mock Draft: 32 First Round Picks
180796	team	33	NFL	new	Arizona Cardinals	The Sporting News 2027 NFL Mock Draft: 32 First Round Picks
180806	player	2	NFL	new	Johnny Hekker	Ranking The Top NFC North Kickers and Punters For 2026
180806	player	2090	NFL	new	Jack Fox	Ranking The Top NFC North Kickers and Punters For 2026
180806	player	7508	NFL	new	Cairo Santos	Ranking The Top NFC North Kickers and Punters For 2026
180806	player	277801	NFL	new	Will Reichard	Ranking The Top NFC North Kickers and Punters For 2026
180806	player	278253	NFL	new	Jake Bates	Ranking The Top NFC North Kickers and Punters For 2026
180807	player	102	NFL	new	Deebo Samuel	49ers select WR Omar Cooper Jr. in 2026 NFL mock drafts
180814	player	33934299	NFL	new	Omar Cooper Jr.	KJ Duff vs. Nick Marsh: Which College Fantasy Football Star Should You Draft?
180825	player	1292	NFL	new	T.J. Watt	Colts' Rising Offensive Lineman Has Enormous Expectations in 2026
180825	player	1296	NFL	new	Danielle Hunter	Colts' Rising Offensive Lineman Has Enormous Expectations in 2026
180825	player	1300	NFL	new	Nnamdi Madubuike	Colts' Rising Offensive Lineman Has Enormous Expectations in 2026
180825	player	1312	NFL	new	George Karlaftis	Colts' Rising Offensive Lineman Has Enormous Expectations in 2026
180825	player	1346	NFL	new	Will Anderson Jr.	Colts' Rising Offensive Lineman Has Enormous Expectations in 2026
180825	player	70748	NFL	new	Braden Smith	Colts' Rising Offensive Lineman Has Enormous Expectations in 2026
180825	player	13875098	NFL	new	Jalen Travis	Colts' Rising Offensive Lineman Has Enormous Expectations in 2026
180828	team	4	NFL	new	New York Jets	Hot Seat Coaches Football
180828	team	9	NFL	new	Cincinnati Bengals	Hot Seat Coaches Football
180828	team	18	NFL	new	Philadelphia Eagles	Hot Seat Coaches Football
180828	team	22	NFL	new	Green Bay Packers	Hot Seat Coaches Football
180828	team	28	NFL	new	Tampa Bay Buccaneers	Hot Seat Coaches Football
180835	player	575	NFL	new	CeeDee Lamb	Dallas Cowboys Pre-Training Camp 2027 Mock Draft Lands Possible Pickens Replacement
180835	player	684	NFL	new	George Pickens	Dallas Cowboys Pre-Training Camp 2027 Mock Draft Lands Possible Pickens Replacement
180835	player	279886	NFL	new	Ryan Flournoy	Dallas Cowboys Pre-Training Camp 2027 Mock Draft Lands Possible Pickens Replacement
180846	player	33934007	NFL	new	Kaelon Black	49ers report card: How experts graded San Francisco’s 2026 draft class
180846	player	33934502	NFL	new	De'Zhaun Stribling	49ers report card: How experts graded San Francisco’s 2026 draft class
180846	player	33935452	NFL	new	Carver Willis	49ers report card: How experts graded San Francisco’s 2026 draft class
180846	player	33935608	NFL	new	Romello Height	49ers report card: How experts graded San Francisco’s 2026 draft class
180846	player	33935963	NFL	new	Gracen Halton	49ers report card: How experts graded San Francisco’s 2026 draft class
180846	player	33936121	NFL	new	Jaden Dugger	49ers report card: How experts graded San Francisco’s 2026 draft class
180846	player	33936616	NFL	new	Ephesians Prysock	49ers report card: How experts graded San Francisco’s 2026 draft class
180851	player	1813	NFL	new	Joe Thuney	Thuney voted top interior offensive lineman in the NFL by an AP panel
180851	team	5	NFL	new	Miami Dolphins	Thuney voted top interior offensive lineman in the NFL by an AP panel
180851	team	11	NFL	new	Tennessee Titans	Thuney voted top interior offensive lineman in the NFL by an AP panel
180851	team	14	NFL	new	Kansas City Chiefs	Thuney voted top interior offensive lineman in the NFL by an AP panel
180851	team	15	NFL	new	Denver Broncos	Thuney voted top interior offensive lineman in the NFL by an AP panel
180851	team	16	NFL	new	Las Vegas Raiders	Thuney voted top interior offensive lineman in the NFL by an AP panel
180851	team	19	NFL	new	Dallas Cowboys	Thuney voted top interior offensive lineman in the NFL by an AP panel
180851	team	31	NFL	new	Seattle Seahawks	Thuney voted top interior offensive lineman in the NFL by an AP panel
180853	player	33934367	NFL	new	Wesley Grimes	49ers 2026 Undrafted Free Agent Tracker
180853	player	33934407	NFL	new	Will Pauling	49ers 2026 Undrafted Free Agent Tracker
180853	player	33934632	NFL	new	Khalil Dinkins	49ers 2026 Undrafted Free Agent Tracker
180853	player	33935672	NFL	new	Mikail Kamara	49ers 2026 Undrafted Free Agent Tracker
180853	player	33935867	NFL	new	Bryson Eason	49ers 2026 Undrafted Free Agent Tracker
180853	player	33936689	NFL	new	Jalen Stroman	49ers 2026 Undrafted Free Agent Tracker
180853	player	33936703	NFL	new	Jack Bouwmeester	49ers 2026 Undrafted Free Agent Tracker
180881	player	34	NFL	new	Patrick Mahomes	A reset in Kansas City: Andy Reid brings Chiefs rookies and QBs in early again after a 6-11 collapse
180881	player	69	NFL	new	Justin Fields	A reset in Kansas City: Andy Reid brings Chiefs rookies and QBs in early again after a 6-11 collapse
180881	player	33934037	NFL	new	Garrett Nussmeier	A reset in Kansas City: Andy Reid brings Chiefs rookies and QBs in early again after a 6-11 collapse
180881	player	33935540	NFL	new	R Mason Thomas	A reset in Kansas City: Andy Reid brings Chiefs rookies and QBs in early again after a 6-11 collapse
180881	player	33935694	NFL	new	Peter Woods	A reset in Kansas City: Andy Reid brings Chiefs rookies and QBs in early again after a 6-11 collapse
180881	player	33935961	NFL	new	Mansoor Delane	A reset in Kansas City: Andy Reid brings Chiefs rookies and QBs in early again after a 6-11 collapse
180888	player	33935704	NFL	new	Joshua Weru	First Kenyan NFL Player Daniel Adongo Deported From the US
180896	player	31	NFL	new	Daniel Jones	Indianapolis Colts Get Unkind Over/Under Prediction
180896	player	893	NFL	new	Alec Pierce	Indianapolis Colts Get Unkind Over/Under Prediction
180896	player	1330	NFL	new	DeForest Buckner	Indianapolis Colts Get Unkind Over/Under Prediction
180896	player	2647	NFL	new	Sauce Gardner	Indianapolis Colts Get Unkind Over/Under Prediction
180897	player	36	NFL	new	Derrick Henry	Former NFL Player Daniel Adongo Deported After Years of Legal Issues
180897	player	773	NFL	new	Mark Andrews	Former NFL Player Daniel Adongo Deported After Years of Legal Issues
180913	player	1165	NFL	new	Brenton Strange	Ranking the 5 best Jaguars moves from a pivotal offseason
180913	player	2391	NFL	new	Devin Lloyd	Ranking the 5 best Jaguars moves from a pivotal offseason
180913	player	33935106	NFL	new	Emmanuel Pregnon	Ranking the 5 best Jaguars moves from a pivotal offseason
180913	team	26	NFL	new	New Orleans Saints	Ranking the 5 best Jaguars moves from a pivotal offseason
180913	team	29	NFL	new	Carolina Panthers	Ranking the 5 best Jaguars moves from a pivotal offseason
180914	player	63	NFL	new	Matthew Stafford	Myles Garrett wows the Rams on his first day of training camp with his new team
180914	player	1461	NFL	new	Trent McDuffie	Myles Garrett wows the Rams on his first day of training camp with his new team
180914	player	1532	NFL	new	Jaylen Watson	Myles Garrett wows the Rams on his first day of training camp with his new team
180914	player	33934033	NFL	new	Ty Simpson	Myles Garrett wows the Rams on his first day of training camp with his new team
180918	player	1311	NFL	new	Nick Bosa	Kyle Shanahan makes a cameo appearance at 49ers practice following recent car crash
180918	player	1478	NFL	new	Fred Warner	Kyle Shanahan makes a cameo appearance at 49ers practice following recent car crash
180918	player	1546	NFL	new	Kevin Givens	Kyle Shanahan makes a cameo appearance at 49ers practice following recent car crash
180918	player	1716	NFL	new	Trent Williams	Kyle Shanahan makes a cameo appearance at 49ers practice following recent car crash
180918	player	2315	NFL	new	Vederian Lowe	Kyle Shanahan makes a cameo appearance at 49ers practice following recent car crash
180919	player	42	NFL	new	Trevor Lawrence	Jaguars Place Two Offensive Linemen on PUP List
180919	player	279174	NFL	new	Cole Van Lanen	Jaguars Place Two Offensive Linemen on PUP List
180919	player	33935106	NFL	new	Emmanuel Pregnon	Jaguars Place Two Offensive Linemen on PUP List
180919	player	33935151	NFL	new	Garrett DiGiorgio	Jaguars Place Two Offensive Linemen on PUP List
180920	player	34	NFL	new	Patrick Mahomes	A reset in Kansas City: Andy Reid brings Chiefs rookies and QBs in early again after a 6-11 collapse
180920	player	69	NFL	new	Justin Fields	A reset in Kansas City: Andy Reid brings Chiefs rookies and QBs in early again after a 6-11 collapse
180920	player	33934037	NFL	new	Garrett Nussmeier	A reset in Kansas City: Andy Reid brings Chiefs rookies and QBs in early again after a 6-11 collapse
180920	player	33935540	NFL	new	R Mason Thomas	A reset in Kansas City: Andy Reid brings Chiefs rookies and QBs in early again after a 6-11 collapse
180920	player	33935694	NFL	new	Peter Woods	A reset in Kansas City: Andy Reid brings Chiefs rookies and QBs in early again after a 6-11 collapse
180920	player	33935961	NFL	new	Mansoor Delane	A reset in Kansas City: Andy Reid brings Chiefs rookies and QBs in early again after a 6-11 collapse
180921	player	1300	NFL	new	Nnamdi Madubuike	Jaguars’ Cole Van Lanen To Open Camp on PUP List
180921	player	1377	NFL	new	Arik Armstead	Jaguars’ Cole Van Lanen To Open Camp on PUP List
180921	player	73888	NFL	new	Chuma Edoga	Jaguars’ Cole Van Lanen To Open Camp on PUP List
180921	player	84726	NFL	new	Walker Little	Jaguars’ Cole Van Lanen To Open Camp on PUP List
180921	player	33935151	NFL	new	Garrett DiGiorgio	Jaguars’ Cole Van Lanen To Open Camp on PUP List
180927	player	63	NFL	new	Matthew Stafford	Trevor Lawrence just got the kind of QB comparison Jaguars fans dreamed of
180930	player	279174	NFL	new	Cole Van Lanen	Jaguars Place Two Offensive Linemen on PUP List
180930	player	33935106	NFL	new	Emmanuel Pregnon	Jaguars Place Two Offensive Linemen on PUP List
180930	player	33935151	NFL	new	Garrett DiGiorgio	Jaguars Place Two Offensive Linemen on PUP List
180933	player	84726	NFL	new	Walker Little	Jaguars place 2 players on PUP list to begin training camp
180933	player	279174	NFL	new	Cole Van Lanen	Jaguars place 2 players on PUP list to begin training camp
180933	player	33935151	NFL	new	Garrett DiGiorgio	Jaguars place 2 players on PUP list to begin training camp
180936	player	588	NFL	new	Puka Nacua	Reacts Survey Results: Parker Washington is that dude
180937	player	278370	NFL	new	Brian Thomas Jr.	Jaguars Trevor Lawrence Earns Major Offseason Praise From Liam Coen, Peter Schrager
180937	player	13874106	NFL	new	Travis Hunter	Jaguars Trevor Lawrence Earns Major Offseason Praise From Liam Coen, Peter Schrager
180938	player	42	NFL	new	Trevor Lawrence	Jaguars ‘Non-QB’ MVP Candidate Named
180938	player	1346	NFL	new	Will Anderson Jr.	Jaguars ‘Non-QB’ MVP Candidate Named
180938	player	33811	NFL	new	Adrian Peterson	Jaguars ‘Non-QB’ MVP Candidate Named
180938	player	13874106	NFL	new	Travis Hunter	Jaguars ‘Non-QB’ MVP Candidate Named
180941	player	279174	NFL	new	Cole Van Lanen	Jaguars Placed Two Players On PUP List
180941	player	33935151	NFL	new	Garrett DiGiorgio	Jaguars Placed Two Players On PUP List
180942	player	1377	NFL	new	Arik Armstead	3 Key Training Camp Questions for Jaguars DL: What Will Ruke Orhorhoro Offer?
180942	player	2028	NFL	new	Matt Dickerson	3 Key Training Camp Questions for Jaguars DL: What Will Ruke Orhorhoro Offer?
180942	player	2083	NFL	new	DaVon Hamilton	3 Key Training Camp Questions for Jaguars DL: What Will Ruke Orhorhoro Offer?
180942	player	279185	NFL	new	Maason Smith	3 Key Training Camp Questions for Jaguars DL: What Will Ruke Orhorhoro Offer?
180942	player	33935815	NFL	new	Albert Regis	3 Key Training Camp Questions for Jaguars DL: What Will Ruke Orhorhoro Offer?
180944	player	37	NFL	new	Jakobi Meyers	3 Jaguars To Keep an Eye on During Training Camp
180944	player	471	NFL	new	Travis Etienne Jr.	3 Jaguars To Keep an Eye on During Training Camp
180944	player	534	NFL	new	Chris Rodriguez Jr.	3 Jaguars To Keep an Eye on During Training Camp
180944	player	1668	NFL	new	Antonio Johnson	3 Jaguars To Keep an Eye on During Training Camp
180944	player	1824	NFL	new	Eric Murray	3 Jaguars To Keep an Eye on During Training Camp
180944	player	278370	NFL	new	Brian Thomas Jr.	3 Jaguars To Keep an Eye on During Training Camp
180944	player	13874014	NFL	new	Bhayshul Tuten	3 Jaguars To Keep an Eye on During Training Camp
180944	player	13878671	NFL	new	Caleb Ransaw	3 Jaguars To Keep an Eye on During Training Camp
180945	player	33935151	NFL	new	Garrett DiGiorgio	Jaguars place Cole Van Lanen on PUP list before camp
180954	player	37	NFL	new	Jakobi Meyers	Jaguars roster: What can UDFA Ben Patterson add to wide receiver room?
180954	player	1057	NFL	new	Parker Washington	Jaguars roster: What can UDFA Ben Patterson add to wide receiver room?
180954	player	1098	NFL	new	Tim Jones	Jaguars roster: What can UDFA Ben Patterson add to wide receiver room?
180954	player	1178	NFL	new	Austin Trammell	Jaguars roster: What can UDFA Ben Patterson add to wide receiver room?
180954	player	278370	NFL	new	Brian Thomas Jr.	Jaguars roster: What can UDFA Ben Patterson add to wide receiver room?
180954	player	13874106	NFL	new	Travis Hunter	Jaguars roster: What can UDFA Ben Patterson add to wide receiver room?
180954	player	33934364	NFL	new	Josh Cameron	Jaguars roster: What can UDFA Ben Patterson add to wide receiver room?
180954	player	33934570	NFL	new	CJ Williams	Jaguars roster: What can UDFA Ben Patterson add to wide receiver room?
180955	player	278370	NFL	new	Brian Thomas Jr.	Jaguars Trevor Lawrence Earns Major Offseason Praise From Liam Coen, Peter Schrager
180957	player	534	NFL	new	Chris Rodriguez Jr.	3 Training Camp Questions Facing Jaguars Running Backs: Chris Rodriguez's Debut
180957	player	13874014	NFL	new	Bhayshul Tuten	3 Training Camp Questions Facing Jaguars Running Backs: Chris Rodriguez's Debut
180959	player	37	NFL	new	Jakobi Meyers	3 Jaguars To Keep an Eye on During Training Camp
180959	player	471	NFL	new	Travis Etienne Jr.	3 Jaguars To Keep an Eye on During Training Camp
180959	player	534	NFL	new	Chris Rodriguez Jr.	3 Jaguars To Keep an Eye on During Training Camp
180959	player	1668	NFL	new	Antonio Johnson	3 Jaguars To Keep an Eye on During Training Camp
180959	player	1824	NFL	new	Eric Murray	3 Jaguars To Keep an Eye on During Training Camp
180959	player	278370	NFL	new	Brian Thomas Jr.	3 Jaguars To Keep an Eye on During Training Camp
180959	player	13874014	NFL	new	Bhayshul Tuten	3 Jaguars To Keep an Eye on During Training Camp
180959	player	13878671	NFL	new	Caleb Ransaw	3 Jaguars To Keep an Eye on During Training Camp
180964	player	84726	NFL	new	Walker Little	Jaguars Announcement is Awful News for Trevor Lawrence
180964	player	279174	NFL	new	Cole Van Lanen	Jaguars Announcement is Awful News for Trevor Lawrence
180964	player	33935151	NFL	new	Garrett DiGiorgio	Jaguars Announcement is Awful News for Trevor Lawrence
180965	player	34	NFL	new	Patrick Mahomes	2026 NFL Predictions: Predicting the league's top quarterbacks at season's end
180965	player	277730	NFL	new	Bo Nix	2026 NFL Predictions: Predicting the league's top quarterbacks at season's end
180965	player	277867	NFL	new	Caleb Williams	2026 NFL Predictions: Predicting the league's top quarterbacks at season's end
180965	player	279866	NFL	new	Drake Maye	2026 NFL Predictions: Predicting the league's top quarterbacks at season's end
180965	team	1	NFL	new	New England Patriots	2026 NFL Predictions: Predicting the league's top quarterbacks at season's end
180965	team	14	NFL	new	Kansas City Chiefs	2026 NFL Predictions: Predicting the league's top quarterbacks at season's end
180965	team	24	NFL	new	Chicago Bears	2026 NFL Predictions: Predicting the league's top quarterbacks at season's end
180966	player	1019	NFL	new	Johnny Mundt	Jaguars roster: Where does Quintin Morris fit in reshaped tight end room?
180966	player	1165	NFL	new	Brenton Strange	Jaguars roster: Where does Quintin Morris fit in reshaped tight end room?
180966	player	2294	NFL	new	Hunter Long	Jaguars roster: Where does Quintin Morris fit in reshaped tight end room?
180966	player	33934603	NFL	new	Nate Boerkircher	Jaguars roster: Where does Quintin Morris fit in reshaped tight end room?
180966	player	33934677	NFL	new	Tanner Koziol	Jaguars roster: Where does Quintin Morris fit in reshaped tight end room?
180974	player	279174	NFL	new	Cole Van Lanen	Jaguars Placed Two Players On PUP List
180974	player	33935151	NFL	new	Garrett DiGiorgio	Jaguars Placed Two Players On PUP List
180980	player	1316	NFL	new	Jadeveon Clowney	Paul Finebaum Reveals ESPN Nearly Fired Him, Admits It Would've Been "Worse" Than Urban Meyer's Jaguars Stint
180984	player	534	NFL	new	Chris Rodriguez Jr.	3 Jacksonville Jaguars Players to Watch in 2026 Training Camp
180984	player	278370	NFL	new	Brian Thomas Jr.	3 Jacksonville Jaguars Players to Watch in 2026 Training Camp
180984	player	13878671	NFL	new	Caleb Ransaw	3 Jacksonville Jaguars Players to Watch in 2026 Training Camp
180985	team	3	NFL	new	Bills	Travis Hunter Shifts Focus to Defense Ahead of Jaguars 2026 Camp
180986	player	34	NFL	new	Patrick Mahomes	A reset in Kansas City: Andy Reid brings Chiefs rookies and QBs in early again after a 6-11 collapse
180986	player	69	NFL	new	Justin Fields	A reset in Kansas City: Andy Reid brings Chiefs rookies and QBs in early again after a 6-11 collapse
180986	player	33934037	NFL	new	Garrett Nussmeier	A reset in Kansas City: Andy Reid brings Chiefs rookies and QBs in early again after a 6-11 collapse
180986	player	33935540	NFL	new	R Mason Thomas	A reset in Kansas City: Andy Reid brings Chiefs rookies and QBs in early again after a 6-11 collapse
180986	player	33935694	NFL	new	Peter Woods	A reset in Kansas City: Andy Reid brings Chiefs rookies and QBs in early again after a 6-11 collapse
180986	player	33935961	NFL	new	Mansoor Delane	A reset in Kansas City: Andy Reid brings Chiefs rookies and QBs in early again after a 6-11 collapse
180987	player	69	NFL	new	Justin Fields	With Patrick Mahomes Healthy, Andy Reid Revives Early Camp Start For Chiefs
180987	player	33934037	NFL	new	Garrett Nussmeier	With Patrick Mahomes Healthy, Andy Reid Revives Early Camp Start For Chiefs
180987	player	33935540	NFL	new	R Mason Thomas	With Patrick Mahomes Healthy, Andy Reid Revives Early Camp Start For Chiefs
180987	player	33935694	NFL	new	Peter Woods	With Patrick Mahomes Healthy, Andy Reid Revives Early Camp Start For Chiefs
180987	player	33935961	NFL	new	Mansoor Delane	With Patrick Mahomes Healthy, Andy Reid Revives Early Camp Start For Chiefs
180988	player	34	NFL	new	Patrick Mahomes	A reset in Kansas City: Andy Reid brings Chiefs rookies and QBs in early again after a 6-11 collapse
180988	player	69	NFL	new	Justin Fields	A reset in Kansas City: Andy Reid brings Chiefs rookies and QBs in early again after a 6-11 collapse
180988	player	33934037	NFL	new	Garrett Nussmeier	A reset in Kansas City: Andy Reid brings Chiefs rookies and QBs in early again after a 6-11 collapse
180988	player	33935540	NFL	new	R Mason Thomas	A reset in Kansas City: Andy Reid brings Chiefs rookies and QBs in early again after a 6-11 collapse
180988	player	33935694	NFL	new	Peter Woods	A reset in Kansas City: Andy Reid brings Chiefs rookies and QBs in early again after a 6-11 collapse
180988	player	33935961	NFL	new	Mansoor Delane	A reset in Kansas City: Andy Reid brings Chiefs rookies and QBs in early again after a 6-11 collapse
180989	player	34	NFL	new	Patrick Mahomes	Chiefs OL Jaylon Moore among PFF’s make-or-break players for 2026
180990	player	33935694	NFL	new	Peter Woods	Chiefs Camp Football
180993	player	34	NFL	new	Patrick Mahomes	Chiefs OL Jaylon Moore among PFF’s make-or-break players for 2026
180994	player	34	NFL	new	Patrick Mahomes	Chiefs rookie Cyrus Allen speaks on tough coaching from Reid, Bieniemy: ‘They don’t play’
180994	player	33935961	NFL	new	Mansoor Delane	Chiefs rookie Cyrus Allen speaks on tough coaching from Reid, Bieniemy: ‘They don’t play’
180995	player	479	NFL	new	Kenneth Walker III	Chiefs’ rookie RB Johnson’s impressive commitment to the classroom
180995	player	13874030	NFL	new	Brashard Smith	Chiefs’ rookie RB Johnson’s impressive commitment to the classroom
180995	player	33934178	NFL	new	Emmett Johnson	Chiefs’ rookie RB Johnson’s impressive commitment to the classroom
180997	player	34	NFL	new	Patrick Mahomes	Chiefs Camp Football
180998	player	1789	NFL	new	Kevin Byard	Kansas City Chiefs to face player No. 61 of the 'NFL Top 100' in 2026
181002	player	34	NFL	new	Patrick Mahomes	A reset in Kansas City: Andy Reid brings Chiefs rookies and QBs in early again after a 6-11 collapse
181002	player	33934037	NFL	new	Garrett Nussmeier	A reset in Kansas City: Andy Reid brings Chiefs rookies and QBs in early again after a 6-11 collapse
181003	player	34	NFL	new	Patrick Mahomes	A reset in Kansas City: Andy Reid brings Chiefs rookies and QBs in early again after a 6-11 collapse
181003	player	33934037	NFL	new	Garrett Nussmeier	A reset in Kansas City: Andy Reid brings Chiefs rookies and QBs in early again after a 6-11 collapse
181005	player	34	NFL	new	Patrick Mahomes	A reset in Kansas City: Andy Reid brings Chiefs rookies and QBs in early again after a 6-11 collapse
181005	player	69	NFL	new	Justin Fields	A reset in Kansas City: Andy Reid brings Chiefs rookies and QBs in early again after a 6-11 collapse
181005	player	33934037	NFL	new	Garrett Nussmeier	A reset in Kansas City: Andy Reid brings Chiefs rookies and QBs in early again after a 6-11 collapse
181005	player	33935540	NFL	new	R Mason Thomas	A reset in Kansas City: Andy Reid brings Chiefs rookies and QBs in early again after a 6-11 collapse
181005	player	33935694	NFL	new	Peter Woods	A reset in Kansas City: Andy Reid brings Chiefs rookies and QBs in early again after a 6-11 collapse
181005	player	33935961	NFL	new	Mansoor Delane	A reset in Kansas City: Andy Reid brings Chiefs rookies and QBs in early again after a 6-11 collapse
181006	player	34	NFL	new	Patrick Mahomes	A reset in Kansas City: Andy Reid brings Chiefs rookies and QBs in early again after a 6-11 collapse
181006	player	69	NFL	new	Justin Fields	A reset in Kansas City: Andy Reid brings Chiefs rookies and QBs in early again after a 6-11 collapse
181006	player	33934037	NFL	new	Garrett Nussmeier	A reset in Kansas City: Andy Reid brings Chiefs rookies and QBs in early again after a 6-11 collapse
181008	player	33935919	NFL	new	Jadon Canady	Rookie DBs are working together closely at Chiefs training camp
181008	player	33935961	NFL	new	Mansoor Delane	Rookie DBs are working together closely at Chiefs training camp
181009	player	34	NFL	new	Patrick Mahomes	Kirk Herbstreit Is Taking The Chiefs To Win Super Bowl 61
181011	player	33936481	NFL	new	DeShon Singleton	Chiefs Camp Football
181019	player	1461	NFL	new	Trent McDuffie	This Chiefs first-rounder has fourth-highest odds to win DROY in 2026
181019	player	1722	NFL	new	Patrick Peterson	This Chiefs first-rounder has fourth-highest odds to win DROY in 2026
181019	player	33935961	NFL	new	Mansoor Delane	This Chiefs first-rounder has fourth-highest odds to win DROY in 2026
181019	team	32	NFL	new	Los Angeles Rams	This Chiefs first-rounder has fourth-highest odds to win DROY in 2026
181021	player	34	NFL	new	Patrick Mahomes	Chiefs Camp Football
181022	player	34	NFL	new	Patrick Mahomes	A reset in Kansas City: Andy Reid brings Chiefs rookies and QBs in early again after a 6-11 collapse
181022	player	69	NFL	new	Justin Fields	A reset in Kansas City: Andy Reid brings Chiefs rookies and QBs in early again after a 6-11 collapse
181022	player	33934037	NFL	new	Garrett Nussmeier	A reset in Kansas City: Andy Reid brings Chiefs rookies and QBs in early again after a 6-11 collapse
181022	player	33935540	NFL	new	R Mason Thomas	A reset in Kansas City: Andy Reid brings Chiefs rookies and QBs in early again after a 6-11 collapse
181022	player	33935694	NFL	new	Peter Woods	A reset in Kansas City: Andy Reid brings Chiefs rookies and QBs in early again after a 6-11 collapse
181022	player	33935961	NFL	new	Mansoor Delane	A reset in Kansas City: Andy Reid brings Chiefs rookies and QBs in early again after a 6-11 collapse
181023	player	1711	NFL	new	Felix Anudike-Uzomah	Chiefs Camp Football
181023	player	33935919	NFL	new	Jadon Canady	Chiefs Camp Football
181023	player	33935961	NFL	new	Mansoor Delane	Chiefs Camp Football
181023	player	33936453	NFL	new	Xavier Nwankpa	Chiefs Camp Football
181024	player	34	NFL	new	Patrick Mahomes	Chiefs WR Cyrus Allen stands out among rookies
181025	player	34	NFL	new	Patrick Mahomes	A reset in Kansas City: Andy Reid brings Chiefs rookies and QBs in early again after a 6-11 collapse
181025	player	69	NFL	new	Justin Fields	A reset in Kansas City: Andy Reid brings Chiefs rookies and QBs in early again after a 6-11 collapse
181025	player	33934037	NFL	new	Garrett Nussmeier	A reset in Kansas City: Andy Reid brings Chiefs rookies and QBs in early again after a 6-11 collapse
181025	player	33935540	NFL	new	R Mason Thomas	A reset in Kansas City: Andy Reid brings Chiefs rookies and QBs in early again after a 6-11 collapse
181025	player	33935694	NFL	new	Peter Woods	A reset in Kansas City: Andy Reid brings Chiefs rookies and QBs in early again after a 6-11 collapse
181025	player	33935961	NFL	new	Mansoor Delane	A reset in Kansas City: Andy Reid brings Chiefs rookies and QBs in early again after a 6-11 collapse
181027	player	33934387	NFL	new	Cyrus Allen	Chiefs Youngster Using ‘Head Start’ With Patrick Mahomes to Gain Edge in WR Battle
181029	player	34	NFL	new	Patrick Mahomes	Chiefs Camp Football
181030	player	479	NFL	new	Kenneth Walker III	WATCH: Patrick Mahomes connects with rookie standout at training camp
181030	player	33934178	NFL	new	Emmett Johnson	WATCH: Patrick Mahomes connects with rookie standout at training camp
181032	player	34	NFL	new	Patrick Mahomes	Andy Reid delivers much-needed update on Chiefs rookie’s health
181032	player	33935961	NFL	new	Mansoor Delane	Andy Reid delivers much-needed update on Chiefs rookie’s health
181035	player	36939	NFL	new	Chad Henne	Former Chiefs QB fires back at “Idiots” doubting Patrick Mahomes’ comeback
181036	player	34	NFL	new	Patrick Mahomes	Broncos Get Clear Warning Over Critical Offseason Change
181036	player	81573	NFL	new	Davis Webb	Broncos Get Clear Warning Over Critical Offseason Change
181038	player	1335	NFL	new	Nik Bonitto	R Mason Thomas Explains Why Chiefs DC Steve Spagnuolo and Oklahoma HC Brent Venables are 'The Same Person'
181051	player	2242	NFL	new	L’Jarius Sneed	Chiefs Announce Double Roster Blow Amid Patrick Mahomes & Co.'s Return for Training Camp
181051	player	2435	NFL	new	Khyiris Tonga	Chiefs Announce Double Roster Blow Amid Patrick Mahomes & Co.'s Return for Training Camp
181051	player	13877626	NFL	new	Omarr Norman-Lott	Chiefs Announce Double Roster Blow Amid Patrick Mahomes & Co.'s Return for Training Camp
181051	player	33934689	NFL	new	John Michael Gyllenborg	Chiefs Announce Double Roster Blow Amid Patrick Mahomes & Co.'s Return for Training Camp
181051	player	33935694	NFL	new	Peter Woods	Chiefs Announce Double Roster Blow Amid Patrick Mahomes & Co.'s Return for Training Camp
181062	player	1491	NFL	new	Alex Singleton	Broncos will begin training camp with two players on reserve lists – Denver Sports
181062	player	2115	NFL	new	Justin Strnad	Broncos will begin training camp with two players on reserve lists – Denver Sports
181062	player	279574	NFL	new	Levelle Bailey	Broncos will begin training camp with two players on reserve lists – Denver Sports
181062	player	366114	NFL	new	Nick Gargiulo	Broncos will begin training camp with two players on reserve lists – Denver Sports
181062	player	13878457	NFL	new	Karene Reid	Broncos will begin training camp with two players on reserve lists – Denver Sports
181062	player	13878620	NFL	new	Jordan Turner	Broncos will begin training camp with two players on reserve lists – Denver Sports
181062	player	33935754	NFL	new	Red Murdock	Broncos will begin training camp with two players on reserve lists – Denver Sports
181062	player	33936030	NFL	new	Taurean York	Broncos will begin training camp with two players on reserve lists – Denver Sports
181072	player	366114	NFL	new	Nick Gargiulo	Broncos place offensive lineman on PUP list ahead of training camp
181072	player	13878620	NFL	new	Jordan Turner	Broncos place offensive lineman on PUP list ahead of training camp
181073	player	1544	NFL	new	Dre Greenlaw	Broncos Place Two Players On Injury Lists
181073	player	366114	NFL	new	Nick Gargiulo	Broncos Place Two Players On Injury Lists
181073	player	13878620	NFL	new	Jordan Turner	Broncos Place Two Players On Injury Lists
181075	player	70044	NFL	new	Jonathan Cooper	Broncos have an obvious breakout candidate going into 2026
181075	player	13878459	NFL	new	Que Robinson	Broncos have an obvious breakout candidate going into 2026
181078	player	2607	NFL	new	Riley Moss	One Starting Job Broncos Are Happy They Don't Have to Answer Today
181078	player	13878724	NFL	new	Jahdae Barron	One Starting Job Broncos Are Happy They Don't Have to Answer Today
181088	player	1412	NFL	new	Kaden Elliss	Broncos may be regretting major offseason gamble after unexpected injury news
181088	player	1491	NFL	new	Alex Singleton	Broncos may be regretting major offseason gamble after unexpected injury news
181088	player	1544	NFL	new	Dre Greenlaw	Broncos may be regretting major offseason gamble after unexpected injury news
181088	player	2115	NFL	new	Justin Strnad	Broncos may be regretting major offseason gamble after unexpected injury news
181088	player	2391	NFL	new	Devin Lloyd	Broncos may be regretting major offseason gamble after unexpected injury news
181088	player	13878620	NFL	new	Jordan Turner	Broncos may be regretting major offseason gamble after unexpected injury news
181088	player	33935754	NFL	new	Red Murdock	Broncos may be regretting major offseason gamble after unexpected injury news
181088	player	33936030	NFL	new	Taurean York	Broncos may be regretting major offseason gamble after unexpected injury news
181088	player	33936183	NFL	new	Anthony Hill Jr.	Broncos may be regretting major offseason gamble after unexpected injury news
181088	player	33936190	NFL	new	Jacob Rodriguez	Broncos may be regretting major offseason gamble after unexpected injury news
181090	player	2223	NFL	new	Ben Powers	Moving These 3 Broncos Would Be a Costly Mistake
181090	player	2234	NFL	new	Brandon Jones	Moving These 3 Broncos Would Be a Costly Mistake
181090	player	2607	NFL	new	Riley Moss	Moving These 3 Broncos Would Be a Costly Mistake
181090	player	277730	NFL	new	Bo Nix	Moving These 3 Broncos Would Be a Costly Mistake
181095	player	45	NFL	new	Justin Herbert	Broncos Camp: Nik Bonitto headlines Denver Broncos’ deep pass rush group
181095	player	1298	NFL	new	Myles Garrett	Broncos Camp: Nik Bonitto headlines Denver Broncos’ deep pass rush group
181095	player	1325	NFL	new	Jonathon Cooper	Broncos Camp: Nik Bonitto headlines Denver Broncos’ deep pass rush group
181095	player	2717	NFL	new	Drew Sanders	Broncos Camp: Nik Bonitto headlines Denver Broncos’ deep pass rush group
181095	player	279548	NFL	new	Jonah Elliss	Broncos Camp: Nik Bonitto headlines Denver Broncos’ deep pass rush group
181095	player	365163	NFL	new	Dondrea Tillman	Broncos Camp: Nik Bonitto headlines Denver Broncos’ deep pass rush group
181095	player	13878459	NFL	new	Que Robinson	Broncos Camp: Nik Bonitto headlines Denver Broncos’ deep pass rush group
181095	team	17	NFL	new	Los Angeles Chargers	Broncos Camp: Nik Bonitto headlines Denver Broncos’ deep pass rush group
181097	player	38	NFL	new	Josh Allen	All eyes on Bo Nix as he returns to the field
181098	player	669	NFL	new	J.K. Dobbins	2026 Denver Broncos Fantasy Football Overdrafted, Underdrafted & Sleeper
181098	player	701	NFL	new	Jaylen Waddle	2026 Denver Broncos Fantasy Football Overdrafted, Underdrafted & Sleeper
181098	player	13873967	NFL	new	RJ Harvey	2026 Denver Broncos Fantasy Football Overdrafted, Underdrafted & Sleeper
181098	player	33934066	NFL	new	Jonah Coleman	2026 Denver Broncos Fantasy Football Overdrafted, Underdrafted & Sleeper
181099	player	81	NFL	new	Trevor Siemian	1 player from Broncos' Super Bowl 50 team remains in the NFL
181099	player	1721	NFL	new	Von Miller	1 player from Broncos' Super Bowl 50 team remains in the NFL
181099	player	1752	NFL	new	Brandon McManus	1 player from Broncos' Super Bowl 50 team remains in the NFL
181099	player	60013	NFL	new	Shane Ray	1 player from Broncos' Super Bowl 50 team remains in the NFL
181102	player	1491	NFL	new	Alex Singleton	Broncos Shuffle Roster as Training Camp Approaches
181102	player	2115	NFL	new	Justin Strnad	Broncos Shuffle Roster as Training Camp Approaches
181102	player	277730	NFL	new	Bo Nix	Broncos Shuffle Roster as Training Camp Approaches
181102	player	366114	NFL	new	Nick Gargiulo	Broncos Shuffle Roster as Training Camp Approaches
181102	player	13878620	NFL	new	Jordan Turner	Broncos Shuffle Roster as Training Camp Approaches
181103	player	81573	NFL	new	Davis Webb	Jason McIntyre slams Bo Nix's throws over the middle: 'He's terrible'
181106	player	33934347	NFL	new	Jeremiyah Love	Former Broncos Head Coach Nathaniel Hackett Blasted for Comments on Rookie RB
181110	player	43310	NFL	new	Chase Daniel	Former NFL Passer Gives Embattled Vikings QB Some Film Room Praise
181110	player	281375	NFL	new	J.J. McCarthy	Former NFL Passer Gives Embattled Vikings QB Some Film Room Praise
181117	player	479	NFL	new	Kenneth Walker III	Patrick Mahomes’ Rehab and the Chiefs’ Plan to Reclaim the Throne
181117	player	795	NFL	new	Rashee Rice	Patrick Mahomes’ Rehab and the Chiefs’ Plan to Reclaim the Throne
181117	player	835	NFL	new	Travis Kelce	Patrick Mahomes’ Rehab and the Chiefs’ Plan to Reclaim the Throne
181117	player	88093	NFL	new	Xavier Worthy	Patrick Mahomes’ Rehab and the Chiefs’ Plan to Reclaim the Throne
181120	player	63	NFL	new	Matthew Stafford	Myles Garrett wows the Rams on his first day of training camp with his new team
181120	player	1461	NFL	new	Trent McDuffie	Myles Garrett wows the Rams on his first day of training camp with his new team
181120	player	1532	NFL	new	Jaylen Watson	Myles Garrett wows the Rams on his first day of training camp with his new team
181120	player	33934033	NFL	new	Ty Simpson	Myles Garrett wows the Rams on his first day of training camp with his new team
181123	player	69359	NFL	new	Dion Dawkins	“I’m Retiring”: Josh Allen’s Protector Reveals the One Joe Brady Decision That Would End His Career
181126	team	14	NFL	new	Kansas City Chiefs	Chad Henne Defends Patrick Mahomes Over Training Camp Throwing Clips
181132	player	71	NFL	new	Jarrett Stidham	Broncos Reveal First 53-Man Roster Projection Before Camp
181132	player	1031	NFL	new	Lil'Jordan Humphrey	Broncos Reveal First 53-Man Roster Projection Before Camp
181132	player	1325	NFL	new	Jonathon Cooper	Broncos Reveal First 53-Man Roster Projection Before Camp
181139	player	50	NFL	new	Geno Smith	Raiders Tight End Makes NFL Top 100 List With This Ranking
181139	player	277679	NFL	new	Brock Bowers	Raiders Tight End Makes NFL Top 100 List With This Ranking
181141	player	13873873	NFL	new	Ashton Jeanty	Las Vegas Raiders rookie running back Mike Washington just sent a powerful message to the rest of the league
181142	player	1297	NFL	new	Maxx Crosby	Raiders defense can’t afford to miss tackles in 2026 like last season
181142	player	1326	NFL	new	Kwity Paye	Raiders defense can’t afford to miss tackles in 2026 like last season
181142	player	1471	NFL	new	Elandon Roberts	Raiders defense can’t afford to miss tackles in 2026 like last season
181142	player	1485	NFL	new	Quay Walker	Raiders defense can’t afford to miss tackles in 2026 like last season
181142	player	1626	NFL	new	Jeremy Chinn	Raiders defense can’t afford to miss tackles in 2026 like last season
181142	player	1642	NFL	new	Isaiah Pola-Mao	Raiders defense can’t afford to miss tackles in 2026 like last season
181142	player	1950	NFL	new	Jamal Adams	Raiders defense can’t afford to miss tackles in 2026 like last season
181142	player	279467	NFL	new	Jonah Laulu	Raiders defense can’t afford to miss tackles in 2026 like last season
181142	player	33935447	NFL	new	Keyron Crawford	Raiders defense can’t afford to miss tackles in 2026 like last season
181143	team	12	NFL	new	Indianapolis Colts	How many sacks will new Raiders EDGE Kwity Paye have in 2026?
181153	player	597	NFL	new	Tre Tucker	3 Raiders Playing for Their Next Contract
181153	player	952	NFL	new	Michael Mayer	3 Raiders Playing for Their Next Contract
181153	player	82893	NFL	new	Thomas Booker IV	3 Raiders Playing for Their Next Contract
181154	player	13874000	NFL	new	Jacory Croskey-Merritt	NFL training camp rosters loaded with ex-Arizona players
181154	player	13874457	NFL	new	Tetairoa McMillan	NFL training camp rosters loaded with ex-Arizona players
181154	player	33934487	NFL	new	Luke Wysong	NFL training camp rosters loaded with ex-Arizona players
181154	player	33935180	NFL	new	Ka’ena Decambra	NFL training camp rosters loaded with ex-Arizona players
181154	player	33935372	NFL	new	Deshawn McKnight	NFL training camp rosters loaded with ex-Arizona players
181154	player	33936220	NFL	new	Michael Dansby	NFL training camp rosters loaded with ex-Arizona players
181154	player	33936546	NFL	new	Dalton Johnson	NFL training camp rosters loaded with ex-Arizona players
181154	player	33936613	NFL	new	Treydan Stukes	NFL training camp rosters loaded with ex-Arizona players
181154	player	33936735	NFL	new	Genesis Smith	NFL training camp rosters loaded with ex-Arizona players
181154	team	33	NFL	new	Arizona Cardinals	NFL training camp rosters loaded with ex-Arizona players
181155	player	26	NFL	new	Kirk Cousins	Klint Kubiak Could Take Raiders From Worst to First in One Specific Area
181155	player	50	NFL	new	Geno Smith	Klint Kubiak Could Take Raiders From Worst to First in One Specific Area
181155	player	70	NFL	new	Sam Darnold	Klint Kubiak Could Take Raiders From Worst to First in One Specific Area
181155	player	33934106	NFL	new	Fernando Mendoza	Klint Kubiak Could Take Raiders From Worst to First in One Specific Area
181156	player	66	NFL	new	Aidan O’Connell	Raiders’ Fernando Mendoza drops bar on Kirk Cousins QB battle
181156	player	33934028	NFL	new	Jacob Clark	Raiders’ Fernando Mendoza drops bar on Kirk Cousins QB battle
181157	team	33	NFL	new	Arizona Cardinals	NFL suspends Cards exec Ryan Gold for violating gambling policy
181158	player	277679	NFL	new	Brock Bowers	Raiders made an offseason decision that was so good they could end up losing a staff member to a promotion over the next few years
181165	player	1297	NFL	new	Maxx Crosby	How many sacks will new Raiders EDGE Kwity Paye have in 2026?
181171	team	27	NFL	new	Atlanta Falcons	Mark Cuban Buys A’s Stake: What It Means for Vegas
181178	player	66	NFL	new	Aidan O’Connell	Fernando Mendoza sends message to Kirk Cousins over QB1 spot
181178	player	33934028	NFL	new	Jacob Clark	Fernando Mendoza sends message to Kirk Cousins over QB1 spot
181182	player	26	NFL	new	Kirk Cousins	Raiders QB Fernando Mendoza Opens Up Ahead of Training Camp
181182	player	66	NFL	new	Aidan O'Connell	Raiders QB Fernando Mendoza Opens Up Ahead of Training Camp
181182	player	33934028	NFL	new	Jacob Clark	Raiders QB Fernando Mendoza Opens Up Ahead of Training Camp
181184	team	31	NFL	new	Seattle Seahawks	Jaxon Smith-Njigba ready to turn the page and 'turn up' his 2026 campaign
181188	player	11	NFL	new	Ja'Marr Chase	NFL Offensive & Defensive Player of Year Predictions & Odds
181188	player	461	NFL	new	Christian McCaffrey	NFL Offensive & Defensive Player of Year Predictions & Odds
181188	player	475	NFL	new	Bijan Robinson	NFL Offensive & Defensive Player of Year Predictions & Odds
181188	player	477	NFL	new	Jahmyr Gibbs	NFL Offensive & Defensive Player of Year Predictions & Odds
181188	player	588	NFL	new	Puka Nacua	NFL Offensive & Defensive Player of Year Predictions & Odds
181188	player	1298	NFL	new	Myles Garrett	NFL Offensive & Defensive Player of Year Predictions & Odds
181188	player	1346	NFL	new	Will Anderson Jr.	NFL Offensive & Defensive Player of Year Predictions & Odds
181188	team	10	NFL	new	Houston Texans	NFL Offensive & Defensive Player of Year Predictions & Odds
181188	team	32	NFL	new	Los Angeles Rams	NFL Offensive & Defensive Player of Year Predictions & Odds
181190	player	466	NFL	new	James Conner	Cardinals OC has bizarre quote about Jeremiyah Love
181191	team	30	NFL	new	San Francisco 49ers	Driver Left "Bleeding From the Head" in Violent Crash Involving Kyle Shanahan
181203	player	1716	NFL	new	Trent Williams	Kurtenbach: Kyle Shanahan’s head injury is a stark reminder of football’s highest price
181203	player	33936520	NFL	new	Chris Johnson	Kurtenbach: Kyle Shanahan’s head injury is a stark reminder of football’s highest price
181229	player	1504	NFL	new	Derwin James Jr.	Chargers' lone NFL Half-Decade Team selection is no surprise
181236	player	33934684	NFL	new	Brenen Thompson	Chargers training camp: Top rookies to watch for this summer
181236	player	33935041	NFL	new	Jake Slaughter	Chargers training camp: Top rookies to watch for this summer
181236	player	33935525	NFL	new	Akheem Mesidor	Chargers training camp: Top rookies to watch for this summer
181236	player	33936735	NFL	new	Genesis Smith	Chargers training camp: Top rookies to watch for this summer
181237	player	68	NFL	new	Deshaun Watson	Former Alabama quarterback looks ready to capitalize on breakout NFL season
181237	player	75	NFL	new	Bryce Young	Former Alabama quarterback looks ready to capitalize on breakout NFL season
181237	player	1085	NFL	new	David Moore	Former Alabama quarterback looks ready to capitalize on breakout NFL season
181237	player	13873908	NFL	new	Shedeur Sanders	Former Alabama quarterback looks ready to capitalize on breakout NFL season
181238	player	18	NFL	new	Jacoby Brissett	Source: Cardinals' Brissett guaranteed $15.5M in reworked deal
181247	player	45	NFL	new	Justin Herbert	Chargers named potential landing spot for All-Pro wide receiver
181247	player	689	NFL	new	Tyreek Hill	Chargers named potential landing spot for All-Pro wide receiver
181247	player	277681	NFL	new	Ladd McConkey	Chargers named potential landing spot for All-Pro wide receiver
181249	player	1295	NFL	new	Khalil Mack	Will Tuli Tuipulotu practice at training camp? Insider raises question
181249	player	33935525	NFL	new	Akheem Mesidor	Will Tuli Tuipulotu practice at training camp? Insider raises question
181252	player	1640	NFL	new	Benjamin St-Juste	Chargers' Chris O'Leary faces key decision at cornerback position
181252	player	2051	NFL	new	Donte Jackson	Chargers' Chris O'Leary faces key decision at cornerback position
181252	player	279616	NFL	new	Cam Hart	Chargers' Chris O'Leary faces key decision at cornerback position
181252	player	279621	NFL	new	Tarheeb Still	Chargers' Chris O'Leary faces key decision at cornerback position
181252	player	13878775	NFL	new	Nikko Reed	Chargers' Chris O'Leary faces key decision at cornerback position
181252	player	13878835	NFL	new	Eric Rogers	Chargers' Chris O'Leary faces key decision at cornerback position
181255	player	1295	NFL	new	Khalil Mack	Chargers' biggest prove-it player for 2026 might surprise you
181260	player	45	NFL	new	Justin Herbert	The Biggest Question Nobody Is Asking About the Chargers...And How They Answer It
181260	player	844	NFL	new	David Njoku	The Biggest Question Nobody Is Asking About the Chargers...And How They Answer It
181260	player	1094	NFL	new	Charlie Kolar	The Biggest Question Nobody Is Asking About the Chargers...And How They Answer It
181260	player	1386	NFL	new	Odafe Oweh	The Biggest Question Nobody Is Asking About the Chargers...And How They Answer It
181260	player	33935041	NFL	new	Jake Slaughter	The Biggest Question Nobody Is Asking About the Chargers...And How They Answer It
181260	player	33935525	NFL	new	Akheem Mesidor	The Biggest Question Nobody Is Asking About the Chargers...And How They Answer It
181282	player	18	NFL	new	Jacoby Brissett	Brissett gets major raise and leads Cardinals QB race
181289	player	90	NFL	new	Christian Kirk	49ers excited about new-look WR room, say farewell to Jauan Jennings
181289	player	815	NFL	new	Mike Evans	49ers excited about new-look WR room, say farewell to Jauan Jennings
181291	player	13874536	NFL	new	Jeremiah Webb	Patriots Place Record-Setting Bowl MVP Receiver on Injured Reserve
181291	player	33935767	NFL	new	Gabe Jacas	Patriots Place Record-Setting Bowl MVP Receiver on Injured Reserve
181309	team	3	NFL	new	Buffalo Bills	Ranking the 5 Best Fantasy Football Handcuffs: Isiah Pacheco and Tank Bigsby Standout As Players To Reach For
181309	team	18	NFL	new	Philadelphia Eagles	Ranking the 5 Best Fantasy Football Handcuffs: Isiah Pacheco and Tank Bigsby Standout As Players To Reach For
181309	team	25	NFL	new	Detroit Lions	Ranking the 5 Best Fantasy Football Handcuffs: Isiah Pacheco and Tank Bigsby Standout As Players To Reach For
181309	team	30	NFL	new	San Francisco 49ers	Ranking the 5 Best Fantasy Football Handcuffs: Isiah Pacheco and Tank Bigsby Standout As Players To Reach For
181310	team	13	NFL	new	Jacksonville Jaguars	Eagles News: Saquon Barkley says he doesn’t want to be remembered for the reverse hurdle
181327	player	45560	NFL	new	Everson Griffen	“My Desire Is To Play Again”: Controversial Vikings Star Eyes NFL Return at 38
181327	team	19	NFL	new	Dallas Cowboys	“My Desire Is To Play Again”: Controversial Vikings Star Eyes NFL Return at 38
181327	team	25	NFL	new	Detroit Lions	“My Desire Is To Play Again”: Controversial Vikings Star Eyes NFL Return at 38
181331	player	1311	NFL	new	Nick Bosa	Kyle Shanahan makes a cameo appearance at 49ers practice following recent car crash
181331	player	1478	NFL	new	Fred Warner	Kyle Shanahan makes a cameo appearance at 49ers practice following recent car crash
181331	player	1546	NFL	new	Kevin Givens	Kyle Shanahan makes a cameo appearance at 49ers practice following recent car crash
181331	player	1716	NFL	new	Trent Williams	Kyle Shanahan makes a cameo appearance at 49ers practice following recent car crash
181334	player	569	NFL	new	Tank Bigsby	7 Eagles players who could become surprise training camp favorites
181334	player	2361	NFL	new	Shaun Wade	7 Eagles players who could become surprise training camp favorites
181334	player	88130	NFL	new	Johnny Wilson	7 Eagles players who could become surprise training camp favorites
181334	player	13878912	NFL	new	Mac McWilliams	7 Eagles players who could become surprise training camp favorites
181334	player	33935009	NFL	new	Eli Stowers	7 Eagles players who could become surprise training camp favorites
181334	player	33935780	NFL	new	Uar Bernard	7 Eagles players who could become surprise training camp favorites
181334	player	33936201	NFL	new	Keyshawn James-Newby	7 Eagles players who could become surprise training camp favorites
181337	player	1365	NFL	new	Jalen Carter	Micah Morris could benefit from the Eagles’ proven OL development plan
181337	player	1486	NFL	new	Jordan Davis	Micah Morris could benefit from the Eagles’ proven OL development plan
181337	player	1845	NFL	new	Jalen Mills	Micah Morris could benefit from the Eagles’ proven OL development plan
181337	player	2464	NFL	new	Jordan Mailata	Micah Morris could benefit from the Eagles’ proven OL development plan
181337	player	48772	NFL	new	Jason Kelce	Micah Morris could benefit from the Eagles’ proven OL development plan
181339	player	80045	NFL	new	Breiden Fehoko	Ryan Clark Accused of Shutting the Door on Future Black Athletes in Sports TV After Controversial ESPN Firing Claim
181340	player	33934561	NFL	new	Makai Lemon	Two Questions Hollywood Brown Must Answer to Have a Role With Eagles
181350	player	1437	NFL	new	Brandon Graham	Why Eagles Get A Rare Breather in Philly Thanks To Arrival of The KIng
181350	player	59026	NFL	new	Sean Mannion	Why Eagles Get A Rare Breather in Philly Thanks To Arrival of The KIng
181355	team	5	NFL	new	Miami Dolphins	Fantasy football rankings 2026: Sleepers from model that nailed De'Von Achane's huge season
181362	player	13878300	NFL	new	Jihaad Campbell	How Alabama Coach’s Comparison to Eagles Star Landed 4-Star’s Commitment
181394	team	19	NFL	new	Dallas Cowboys	“My Desire Is To Play Again”: Controversial Vikings Star Eyes NFL Return at 38
181394	team	25	NFL	new	Detroit Lions	“My Desire Is To Play Again”: Controversial Vikings Star Eyes NFL Return at 38
181405	team	18	NFL	new	Philadelphia Eagles	Dallas Cowboys insider already sees a highly promising sign from Christian Parker's new defense ahead of 2026 season
181407	player	25	NFL	new	Dak Prescott	Cowboys may already be questioning their $52 million investment
181407	player	575	NFL	new	CeeDee Lamb	Cowboys may already be questioning their $52 million investment
181407	player	684	NFL	new	George Pickens	Cowboys may already be questioning their $52 million investment
181407	player	835	NFL	new	Travis Kelce	Cowboys may already be questioning their $52 million investment
181407	player	853	NFL	new	Jake Ferguson	Cowboys may already be questioning their $52 million investment
181407	player	868	NFL	new	Dalton Schultz	Cowboys may already be questioning their $52 million investment
181407	player	911	NFL	new	Hunter Henry	Cowboys may already be questioning their $52 million investment
181407	player	1299	NFL	new	Micah Parsons	Cowboys may already be questioning their $52 million investment
181409	team	8	NFL	new	Cleveland Browns	A Shedeur Sanders Trade to Cowboys? Who’s Behind the Rumor?
181413	player	71742	NFL	new	Will Grier	Dak Prescott’s heartfelt message sets stage for ex-Cowboys QB’s coaching return
181414	player	34	NFL	new	Patrick Mahomes	Aikman, Staubach and Mahomes: How Cowboys & Chiefs Fans Win Autographed Prize
181420	player	39	NFL	new	Russell Wilson	3 Replacements Emerge for Tony Romo If CBS Punishes NFL Announcer
181420	player	47490	NFL	new	J.J. Watt	3 Replacements Emerge for Tony Romo If CBS Punishes NFL Announcer
181427	player	21993	NFL	new	Jason Witten	How's CeeDee Lamb's Cowboys Resume Stack Up Against Franchise Legends?
181433	player	1406	NFL	new	Sam Williams	Bears Should Give Talented Cowboys Pass Rusher a Fresh Start
181435	player	1337	NFL	new	Kenny Clark	Dallas Cowboys insider already sees a highly promising sign from Christian Parker's new defense ahead of 2026 season
181435	player	1374	NFL	new	Quinnen Williams	Dallas Cowboys insider already sees a highly promising sign from Christian Parker's new defense ahead of 2026 season
181435	team	18	NFL	new	Philadelphia Eagles	Dallas Cowboys insider already sees a highly promising sign from Christian Parker's new defense ahead of 2026 season
181441	player	2420	NFL	new	DaRon Bland	Dallas Cowboys insider reveals the most important thing CB Shavon Revel Jr. has to prove in training camp to win the starting job
181441	player	2612	NFL	new	Cobie Durant	Dallas Cowboys insider reveals the most important thing CB Shavon Revel Jr. has to prove in training camp to win the starting job
181443	player	63	NFL	new	Matthew Stafford	Myles Garrett wows the Rams on his first day of training camp with his new team
181443	player	1461	NFL	new	Trent McDuffie	Myles Garrett wows the Rams on his first day of training camp with his new team
181443	player	1532	NFL	new	Jaylen Watson	Myles Garrett wows the Rams on his first day of training camp with his new team
181443	player	33934033	NFL	new	Ty Simpson	Myles Garrett wows the Rams on his first day of training camp with his new team
181444	player	684	NFL	new	George Pickens	Cowboys QB Dak Prescott Reveals Lack of Offseason Drama Has Dallas Locked in Ahead of 2026
181444	player	1321	NFL	new	Rashan Gary	Cowboys QB Dak Prescott Reveals Lack of Offseason Drama Has Dallas Locked in Ahead of 2026
181444	player	1625	NFL	new	Jalen Thompson	Cowboys QB Dak Prescott Reveals Lack of Offseason Drama Has Dallas Locked in Ahead of 2026
181444	player	2612	NFL	new	Cobie Durant	Cowboys QB Dak Prescott Reveals Lack of Offseason Drama Has Dallas Locked in Ahead of 2026
181444	player	71742	NFL	new	Will Grier	Cowboys QB Dak Prescott Reveals Lack of Offseason Drama Has Dallas Locked in Ahead of 2026
181444	player	33936395	NFL	new	Caleb Downs	Cowboys QB Dak Prescott Reveals Lack of Offseason Drama Has Dallas Locked in Ahead of 2026
181448	player	33935383	NFL	new	Malachi Lawrence	Cowboys Rookie Lawrence Grants Wishes Before Training Camp
181450	player	25	NFL	new	Dak Prescott	Cowboys were allegedly very interested in Brendan Sorsby as Dallas searches for Dak Prescotts future successor
181455	player	278067	NFL	new	Marshawn Kneeland	NFL veteran deported from United States by ICE over visa issue
181455	team	12	NFL	new	Indianapolis Colts	NFL veteran deported from United States by ICE over visa issue
181459	team	7	NFL	new	Pittsburgh Steelers	Cowboys VP Reflects on Drafting a First-Round Bust Over T.J. Watt
181472	player	18	NFL	new	Jacoby Brissett	Giants' Plans for Arvell Reese Entering Camp Stream of National Football League
181472	player	43	NFL	new	Jalen Hurts	Giants' Plans for Arvell Reese Entering Camp Stream of National Football League
181472	player	59026	NFL	new	Sean Mannion	Giants' Plans for Arvell Reese Entering Camp Stream of National Football League
181482	player	13873832	NFL	new	Jaxson Dart	Phil Simms Sees Brighter Days Ahead for Giants
181483	player	729	NFL	new	Sterling Shepard	Ravens Host Ex-Giants Wide Receiver on Tryout Despite Retirement Speculation
181485	player	33935091	NFL	new	Francis Mauigoa	Giants Should Already Zero in on 355-Pound Behemoth in NFL Draft
181489	player	773	NFL	new	Mark Andrews	Giants' Tight Ends Hammered in PFF Rankings Despite Harbaugh's Confidence in Them
181489	player	917	NFL	new	Isaiah Likely	Giants' Tight Ends Hammered in PFF Rankings Despite Harbaugh's Confidence in Them
181489	player	277793	NFL	new	Theo Johnson	Giants' Tight Ends Hammered in PFF Rankings Despite Harbaugh's Confidence in Them
181489	team	3	NFL	new	Bills	Giants' Tight Ends Hammered in PFF Rankings Despite Harbaugh's Confidence in Them
181489	team	7	NFL	new	Steelers	Giants' Tight Ends Hammered in PFF Rankings Despite Harbaugh's Confidence in Them
181489	team	24	NFL	new	Bears	Giants' Tight Ends Hammered in PFF Rankings Despite Harbaugh's Confidence in Them
181491	player	2573	NFL	new	Cam Jones	Giants Waive 2 Players as Training Camp Draws Near
181491	player	366481	NFL	new	C.J. Ravenell	Giants Waive 2 Players as Training Camp Draws Near
181491	team	11	NFL	new	Tennessee Titans	Giants Waive 2 Players as Training Camp Draws Near
181491	team	14	NFL	new	Kansas City Chiefs	Giants Waive 2 Players as Training Camp Draws Near
181491	team	18	NFL	new	Philadelphia Eagles	Giants Waive 2 Players as Training Camp Draws Near
181501	player	33935219	NFL	new	Ryan Schernecke	Why This Undrafted Free Agent is a Giants Prospect to Watch
181505	player	59900	NFL	new	Ereck Flowers	Giants fans are hoping uncanny Francis Mauigoa trend doesn't come true
181505	player	83946	NFL	new	Evan Neal	Giants fans are hoping uncanny Francis Mauigoa trend doesn't come true
181507	player	277920	NFL	new	Jake Haener	Great Moment in Bulldog history: Fresno State football’s final Mountain West title (2022)
181509	player	1247	NFL	new	Greg Van Roten	John Michael Schmitz Will Make or Break Giants’ Offensive Line
181509	player	2134	NFL	new	Jon Runyan	John Michael Schmitz Will Make or Break Giants’ Offensive Line
181509	player	261877	NFL	new	John Michael Schmitz Jr.	John Michael Schmitz Will Make or Break Giants’ Offensive Line
181509	player	33935091	NFL	new	Francis Mauigoa	John Michael Schmitz Will Make or Break Giants’ Offensive Line
181517	player	13874196	NFL	new	Cam Skattebo	Report: New York Giants WR Malik Nabers expected to avoid PUP list
181517	team	19	NFL	new	Dallas Cowboys	Report: New York Giants WR Malik Nabers expected to avoid PUP list
181523	player	917	NFL	new	Isaiah Likely	Giants Great Reveals Biggest Change for Cam Skattebo
181523	player	1136	NFL	new	Patrick Ricard	Giants Great Reveals Biggest Change for Cam Skattebo
181523	player	1206	NFL	new	Chris Manhertz	Giants Great Reveals Biggest Change for Cam Skattebo
181523	player	76799	NFL	new	Jermaine Eluemunor	Giants Great Reveals Biggest Change for Cam Skattebo
181523	player	78980	NFL	new	Andrew Thomas	Giants Great Reveals Biggest Change for Cam Skattebo
181523	player	278532	NFL	new	Daniel Faalele	Giants Great Reveals Biggest Change for Cam Skattebo
181523	player	279595	NFL	new	Zion Johnson	Giants Great Reveals Biggest Change for Cam Skattebo
181523	player	33935091	NFL	new	Francis Mauigoa	Giants Great Reveals Biggest Change for Cam Skattebo
181571	player	735	NFL	new	Stefon Diggs	All-Pro Receiver ‘Intrigued’ by Washington Commanders
181571	player	834	NFL	new	Terry McLaurin	All-Pro Receiver ‘Intrigued’ by Washington Commanders
181571	player	278124	NFL	new	Jayden Daniels	All-Pro Receiver ‘Intrigued’ by Washington Commanders
181571	player	278126	NFL	new	Luke McCaffrey	All-Pro Receiver ‘Intrigued’ by Washington Commanders
181571	player	13874460	NFL	new	Jaylin Lane	All-Pro Receiver ‘Intrigued’ by Washington Commanders
181578	player	735	NFL	new	Stefon Diggs	Commanders Get Fresh Trevon Diggs Take After Trey Amos News
181579	player	813	NFL	new	Brandon Aiyuk	NFL Free Agency: Stefon Diggs finally has a 'highly motivated' landing spot, here's where he's heading
181579	team	1	NFL	new	New England Patriots	NFL Free Agency: Stefon Diggs finally has a 'highly motivated' landing spot, here's where he's heading
181579	team	6	NFL	new	Baltimore Ravens	NFL Free Agency: Stefon Diggs finally has a 'highly motivated' landing spot, here's where he's heading
181587	player	278126	NFL	new	Luke McCaffrey	3 Commanders players to PUP & 1 to NFI but DT Tim Settle ready for camp after foot surgery - Daily Slop
181587	player	13874460	NFL	new	Jaylin Lane	3 Commanders players to PUP & 1 to NFI but DT Tim Settle ready for camp after foot surgery - Daily Slop
181588	player	1299	NFL	new	Micah Parsons	Predicting Landing Spots for 5 Top Defensive NFL Free Agents Still Available Before Training Camp
181588	player	1316	NFL	new	Jadeveon Clowney	Predicting Landing Spots for 5 Top Defensive NFL Free Agents Still Available Before Training Camp
181588	player	1421	NFL	new	Bobby Wagner	Predicting Landing Spots for 5 Top Defensive NFL Free Agents Still Available Before Training Camp
181588	player	1982	NFL	new	Marshon Lattimore	Predicting Landing Spots for 5 Top Defensive NFL Free Agents Still Available Before Training Camp
181588	player	2257	NFL	new	Trevon Diggs	Predicting Landing Spots for 5 Top Defensive NFL Free Agents Still Available Before Training Camp
181588	team	9	NFL	new	Cincinnati Bengals	Predicting Landing Spots for 5 Top Defensive NFL Free Agents Still Available Before Training Camp
181588	team	22	NFL	new	Green Bay Packers	Predicting Landing Spots for 5 Top Defensive NFL Free Agents Still Available Before Training Camp
181588	team	29	NFL	new	Carolina Panthers	Predicting Landing Spots for 5 Top Defensive NFL Free Agents Still Available Before Training Camp
181591	player	1370	NFL	new	Frankie Luvu	Commanders' biggest storyline heading into camp: Coordinator changes
181591	player	1413	NFL	new	Daron Payne	Commanders' biggest storyline heading into camp: Coordinator changes
181591	player	71740	NFL	new	David Blough	Commanders' biggest storyline heading into camp: Coordinator changes
181591	player	278124	NFL	new	Jayden Daniels	Commanders' biggest storyline heading into camp: Coordinator changes
181592	team	1	NFL	new	New England Patriots	What's the latest on the Commanders and Stefon Diggs?
181595	player	834	NFL	new	Terry McLaurin	Stefon Diggs linked to Commanders
181595	team	1	NFL	new	New England Patriots	Stefon Diggs linked to Commanders
181604	player	10	NFL	new	Dyami Brown	Terry McLaurin Knows Someone "Will Step Up" Among Commanders WRs
181604	player	685	NFL	new	Treylon Burks	Terry McLaurin Knows Someone "Will Step Up" Among Commanders WRs
181604	player	734	NFL	new	Chig Okonkwo	Terry McLaurin Knows Someone "Will Step Up" Among Commanders WRs
181604	player	743	NFL	new	Van Jefferson	Terry McLaurin Knows Someone "Will Step Up" Among Commanders WRs
181604	player	278126	NFL	new	Luke McCaffrey	Terry McLaurin Knows Someone "Will Step Up" Among Commanders WRs
181604	player	280079	NFL	new	Ben Sinnott	Terry McLaurin Knows Someone "Will Step Up" Among Commanders WRs
181604	player	13874460	NFL	new	Jaylin Lane	Terry McLaurin Knows Someone "Will Step Up" Among Commanders WRs
181608	player	2188	NFL	new	Tyler Biadasz	Polarizing Commanders veteran can turn one quiet concern into a strength at camp
181608	player	7666	NFL	new	Tyler Linderbaum	Polarizing Commanders veteran can turn one quiet concern into a strength at camp
181608	player	81080	NFL	new	Nick Allegretti	Polarizing Commanders veteran can turn one quiet concern into a strength at camp
181608	player	278124	NFL	new	Jayden Daniels	Polarizing Commanders veteran can turn one quiet concern into a strength at camp
181608	player	280297	NFL	new	Brandon Coleman	Polarizing Commanders veteran can turn one quiet concern into a strength at camp
181608	player	33934906	NFL	new	Matt Gulbin	Polarizing Commanders veteran can turn one quiet concern into a strength at camp
181611	player	1413	NFL	new	Daron Payne	Commanders picked up an understated win before training camp even begins
181611	player	1434	NFL	new	Javon Kinlaw	Commanders picked up an understated win before training camp even begins
181616	player	686	NFL	new	Brandon Powell	Myles Price Has a Legitimate Shot at Vikings WR4 in 2026
181616	player	728	NFL	new	Adam Thielen	Myles Price Has a Legitimate Shot at Vikings WR4 in 2026
181616	player	13874250	NFL	new	Tai Felton	Myles Price Has a Legitimate Shot at Vikings WR4 in 2026
181616	player	33934113	NFL	new	Demond Claiborne	Myles Price Has a Legitimate Shot at Vikings WR4 in 2026
181616	player	33934324	NFL	new	Dillon Bell	Myles Price Has a Legitimate Shot at Vikings WR4 in 2026
181633	player	53	NFL	new	Jordan Love	Green Bay Packers Quietly Built One of NFL’s Best Advantages
181640	player	667	NFL	new	Skyy Moore	PACKERS BY POSITION | SPECIAL TEAMS: With new coordinator, a new returner and a rookie kicker, change is in the air
181640	player	33936386	NFL	new	Trey Smack	PACKERS BY POSITION | SPECIAL TEAMS: With new coordinator, a new returner and a rookie kicker, change is in the air
181643	player	105	NFL	new	Josh Jacobs	5 Green Bay Packers Players Who Could Be Entering Final Season With The Team
181643	player	706	NFL	new	Keisean Nixon	5 Green Bay Packers Players Who Could Be Entering Final Season With The Team
181643	player	939	NFL	new	Luke Musgrave	5 Green Bay Packers Players Who Could Be Entering Final Season With The Team
181643	player	2684	NFL	new	Carrington Valentine	5 Green Bay Packers Players Who Could Be Entering Final Season With The Team
181643	player	280195	NFL	new	Aaron Banks	5 Green Bay Packers Players Who Could Be Entering Final Season With The Team
181655	player	13880679	NFL	new	Lenny Krieg	Packers to work out kicker on Monday
181658	player	94	NFL	new	Aaron Rodgers	Why Caleb Williams Being Compared to Packers Royalty Isn't the Worst Thing
181664	player	7539	NFL	new	Lucas Havrisik	Packers to work out German-born kicker before start of training camp
181664	player	13880679	NFL	new	Lenny Krieg	Packers to work out German-born kicker before start of training camp
181664	player	33936386	NFL	new	Trey Smack	Packers to work out German-born kicker before start of training camp
181665	player	105	NFL	new	Josh Jacobs	The Packers' Most Important Camp Battle Could Hinge On Protecting Jordan Love
181665	player	13874878	NFL	new	Anthony Belton	The Packers' Most Important Camp Battle Could Hinge On Protecting Jordan Love
181665	player	33934716	NFL	new	Jager Burton	The Packers' Most Important Camp Battle Could Hinge On Protecting Jordan Love
181666	player	1299	NFL	new	Micah Parsons	A Healthy Lukas Van Ness Is Finally Ready to Carry Green Bay's Pass Rush
181668	player	14	NFL	new	Dontayvion Wicks	Shocking Packers stat displays why Green Bay's offense has another gear to hit
181668	player	53	NFL	new	Jordan Love	Shocking Packers stat displays why Green Bay's offense has another gear to hit
181668	player	574	NFL	new	Jayden Reed	Shocking Packers stat displays why Green Bay's offense has another gear to hit
181668	player	705	NFL	new	Christian Watson	Shocking Packers stat displays why Green Bay's offense has another gear to hit
181668	player	861	NFL	new	Romeo Doubs	Shocking Packers stat displays why Green Bay's offense has another gear to hit
181668	player	935	NFL	new	Tucker Kraft	Shocking Packers stat displays why Green Bay's offense has another gear to hit
181676	player	479	NFL	new	Kenneth Walker III	Super Bowl champion Seahawks open training camp with key players on PUP
181676	player	593	NFL	new	Emanuel Wilson	Super Bowl champion Seahawks open training camp with key players on PUP
181676	player	640	NFL	new	Rashid Shaheed	Super Bowl champion Seahawks open training camp with key players on PUP
181676	player	869	NFL	new	Jaxon Smith-Njigba	Super Bowl champion Seahawks open training camp with key players on PUP
181676	player	1322	NFL	new	Boye Mafe	Super Bowl champion Seahawks open training camp with key players on PUP
181676	player	2292	NFL	new	Coby Bryant	Super Bowl champion Seahawks open training camp with key players on PUP
181676	player	2407	NFL	new	Riq Woolen	Super Bowl champion Seahawks open training camp with key players on PUP
181676	player	13874098	NFL	new	Tory Horton	Super Bowl champion Seahawks open training camp with key players on PUP
181676	player	13880574	NFL	new	Nick Emmanwori	Super Bowl champion Seahawks open training camp with key players on PUP
181682	player	706	NFL	new	Keisean Nixon	Packers' Lukas Van Ness pick is still finding new ways to haunt them
181682	player	869	NFL	new	Jaxon Smith-Njigba	Packers' Lukas Van Ness pick is still finding new ways to haunt them
181682	player	1299	NFL	new	Micah Parsons	Packers' Lukas Van Ness pick is still finding new ways to haunt them
181682	player	1640	NFL	new	Benjamin St-Juste	Packers' Lukas Van Ness pick is still finding new ways to haunt them
181682	player	1675	NFL	new	Christian Gonzalez	Packers' Lukas Van Ness pick is still finding new ways to haunt them
181682	player	2684	NFL	new	Carrington Valentine	Packers' Lukas Van Ness pick is still finding new ways to haunt them
181682	player	33935956	NFL	new	Brandon Cisse	Packers' Lukas Van Ness pick is still finding new ways to haunt them
181682	player	33935976	NFL	new	Domani Jackson	Packers' Lukas Van Ness pick is still finding new ways to haunt them
181694	player	935	NFL	new	Tucker Kraft	This Might Be Do-Or-Die Training Camp for These Three Packers
181694	player	939	NFL	new	Luke Musgrave	This Might Be Do-Or-Die Training Camp for These Three Packers
181694	player	1993	NFL	new	Isaac Yiadom	This Might Be Do-Or-Die Training Camp for These Three Packers
181694	player	70815	NFL	new	Josh Jackson	This Might Be Do-Or-Die Training Camp for These Three Packers
181694	player	279822	NFL	new	Marshawn Lloyd	This Might Be Do-Or-Die Training Camp for These Three Packers
181711	player	33935218	NFL	new	Dani Dennis-Sutton	Packers Rookie Had An Honest Response To Micah Parsons' Fetish Admission
181718	player	70	NFL	new	Sam Darnold	Bleacher Report shows respect to the NFC North in rankings
181718	player	760	NFL	new	Jordan Addison	Bleacher Report shows respect to the NFC North in rankings
181718	player	837	NFL	new	T.J. Hockenson	Bleacher Report shows respect to the NFC North in rankings
181718	player	962	NFL	new	Jauan Jennings	Bleacher Report shows respect to the NFC North in rankings
181718	player	281375	NFL	new	J.J. McCarthy	Bleacher Report shows respect to the NFC North in rankings
181718	team	22	NFL	new	Green Bay Packers	Bleacher Report shows respect to the NFC North in rankings
181718	team	24	NFL	new	Chicago Bears	Bleacher Report shows respect to the NFC North in rankings
181718	team	25	NFL	new	Detroit Lions	Bleacher Report shows respect to the NFC North in rankings
181718	team	32	NFL	new	Rams	Bleacher Report shows respect to the NFC North in rankings
181720	player	41	NFL	new	Kyler Murray	Minnesota Vikings start reporting to training camp. Here's what to watch for before practice begins
181720	player	1316	NFL	new	Jadeveon Clowney	Minnesota Vikings start reporting to training camp. Here's what to watch for before practice begins
181720	player	281375	NFL	new	J.J. McCarthy	Minnesota Vikings start reporting to training camp. Here's what to watch for before practice begins
181720	player	33935148	NFL	new	Caleb Banks	Minnesota Vikings start reporting to training camp. Here's what to watch for before practice begins
181732	player	1488	NFL	new	Ivan Pace Jr.	Which Vikings players made ESPN's All-Backup team for 2026?
181732	player	1939	NFL	new	Eric Wilson	Which Vikings players made ESPN's All-Backup team for 2026?
181744	player	43310	NFL	new	Chase Daniel	Former NFL Passer Gives Embattled Vikings QB Some Film Room Praise
181744	player	281375	NFL	new	J.J. McCarthy	Former NFL Passer Gives Embattled Vikings QB Some Film Room Praise
181753	player	97	NFL	new	Tyler Boyd	Son scores again as LAFC thrash Sporting KC
181756	team	22	NFL	new	Green Bay Packers	An All NFC North Team Ahead of the 2026 NFL Season
181756	team	25	NFL	new	Detroit Lions	An All NFC North Team Ahead of the 2026 NFL Season
181757	player	759	NFL	new	Cole Kmet	Bears have two of the top 32 tight ends in the NFL, creating a major offensive advantage for 2026
181757	player	277867	NFL	new	Caleb Williams	Bears have two of the top 32 tight ends in the NFL, creating a major offensive advantage for 2026
181757	player	13874670	NFL	new	Colston Loveland	Bears have two of the top 32 tight ends in the NFL, creating a major offensive advantage for 2026
181757	player	33934813	NFL	new	Sam Roush	Bears have two of the top 32 tight ends in the NFL, creating a major offensive advantage for 2026
181760	player	724	NFL	new	C.J. Ham	This Vikings Rookie Will Be a Heavy Contributor Right Away
181760	player	33934231	NFL	new	Max Bredeson	This Vikings Rookie Will Be a Heavy Contributor Right Away
181761	player	94	NFL	new	Aaron Rodgers	Former Vikings Pro Bowler Announces Career News After Arrest
181761	player	1489	NFL	new	Cameron Jordan	Former Vikings Pro Bowler Announces Career News After Arrest
181761	player	45560	NFL	new	Everson Griffen	Former Vikings Pro Bowler Announces Career News After Arrest
181764	player	41	NFL	new	Kyler Murray	Chuck Foreman Doesn’t Hold Back on Vikings’ 2026 QB Competition
181764	player	281375	NFL	new	J.J. McCarthy	Chuck Foreman Doesn’t Hold Back on Vikings’ 2026 QB Competition
181766	player	41	NFL	new	Kyler Murray	Vikings QB J.J. McCarthy Hit With Even More Bad News
181766	player	760	NFL	new	Jordan Addison	Vikings QB J.J. McCarthy Hit With Even More Bad News
181773	player	477	NFL	new	Jahmyr Gibbs	An All NFC North Team Ahead of the 2026 NFL Season
181773	player	1299	NFL	new	Micah Parsons	An All NFC North Team Ahead of the 2026 NFL Season
181773	player	1696	NFL	new	Xavier McKinney	An All NFC North Team Ahead of the 2026 NFL Season
181773	player	2390	NFL	new	Jaylon Johnson	An All NFC North Team Ahead of the 2026 NFL Season
181773	player	277867	NFL	new	Caleb Williams	An All NFC North Team Ahead of the 2026 NFL Season
181773	team	22	NFL	new	Green Bay Packers	An All NFC North Team Ahead of the 2026 NFL Season
181773	team	24	NFL	new	Chicago Bears	An All NFC North Team Ahead of the 2026 NFL Season
181773	team	25	NFL	new	Detroit Lions	An All NFC North Team Ahead of the 2026 NFL Season
181777	player	544	NFL	new	Jordan Mason	Demond Claiborne Could Climb the Vikings' Crowded Running Back Depth Chart
181779	player	45560	NFL	new	Everson Griffen	4-Time Pro Bowler and Vikings Star Arrested
181780	player	1302	NFL	new	Jonathan Greenard	Vikings listed as a potential landing spot for veteran pass rusher
181780	player	1350	NFL	new	Joey Bosa	Vikings listed as a potential landing spot for veteran pass rusher
181780	player	1359	NFL	new	Andrew Van Ginkel	Vikings listed as a potential landing spot for veteran pass rusher
181780	player	277800	NFL	new	Dallas Turner	Vikings listed as a potential landing spot for veteran pass rusher
181780	team	3	NFL	new	Buffalo Bills	Vikings listed as a potential landing spot for veteran pass rusher
181780	team	18	NFL	new	Eagles	Vikings listed as a potential landing spot for veteran pass rusher
181786	player	41	NFL	new	Kyler Murray	ESPN insider remains hopeful regarding Vikings QB J.J. McCarthy
181792	team	6	NFL	new	Baltimore Ravens	Video - Former Vikings Backup Carves Out Role with NFL Team
181793	player	45560	NFL	new	Everson Griffen	Breaking: Vikings Legend Arrested In Minnesota – What We Know
181797	player	45560	NFL	new	Everson Griffen	Former Vikings Pro Bowler Arrested In Shocking Turn Of Events
181814	player	465	NFL	new	D'Andre Swift	6 Chicago Bears Playing for Their Next Contract, And What They Could Earn
181814	player	2390	NFL	new	Jaylon Johnson	6 Chicago Bears Playing for Their Next Contract, And What They Could Earn
181814	player	277866	NFL	new	Rome Odunze	6 Chicago Bears Playing for Their Next Contract, And What They Could Earn
181814	player	277867	NFL	new	Caleb Williams	6 Chicago Bears Playing for Their Next Contract, And What They Could Earn
181815	player	1334	NFL	new	Dayo Odeyingbo	Bears must back up offseason talk, especially on offense, with sharp start to training camp this week
181815	player	277867	NFL	new	Caleb Williams	Bears must back up offseason talk, especially on offense, with sharp start to training camp this week
181815	player	280616	NFL	new	Austin Booker	Bears must back up offseason talk, especially on offense, with sharp start to training camp this week
181815	player	13878293	NFL	new	Shemar Turner	Bears must back up offseason talk, especially on offense, with sharp start to training camp this week
181820	player	1475	NFL	new	T.J. Edwards	Chicago Bears placed 1 on the Non-Football Injury list and 5 on the Physically Unable to Perform list
181823	player	41	NFL	new	Kyler Murray	CBS Sports believes Bears QB Caleb Williams is overrated
181823	player	52	NFL	new	Baker Mayfield	CBS Sports believes Bears QB Caleb Williams is overrated
181823	player	277730	NFL	new	Bo Nix	CBS Sports believes Bears QB Caleb Williams is overrated
181825	player	673	NFL	new	DJ Moore	Top 26 Chicago Bears of 2026: Montez Sweat is the Only Guarantee Their Defensive Line
181825	player	1334	NFL	new	Dayo Odeyingbo	Top 26 Chicago Bears of 2026: Montez Sweat is the Only Guarantee Their Defensive Line
181825	player	2135	NFL	new	Tremaine Edmunds	Top 26 Chicago Bears of 2026: Montez Sweat is the Only Guarantee Their Defensive Line
181825	player	280616	NFL	new	Austin Booker	Top 26 Chicago Bears of 2026: Montez Sweat is the Only Guarantee Their Defensive Line
181825	team	22	NFL	new	Green Bay Packers	Top 26 Chicago Bears of 2026: Montez Sweat is the Only Guarantee Their Defensive Line
181828	player	277867	NFL	new	Caleb Williams	30 Most Important Bears of 2026: Colston Loveland (No. 3)
181834	player	598	NFL	new	Kalif Raymond	Bears’ WR3 Battle Is Bigger Than Fans Realize
181834	player	277866	NFL	new	Rome Odunze	Bears’ WR3 Battle Is Bigger Than Fans Realize
181834	player	13874242	NFL	new	Luther Burden III	Bears’ WR3 Battle Is Bigger Than Fans Realize
181834	player	13874605	NFL	new	Jahdae Walker	Bears’ WR3 Battle Is Bigger Than Fans Realize
181834	player	33934612	NFL	new	Zavion Thomas	Bears’ WR3 Battle Is Bigger Than Fans Realize
181836	player	1475	NFL	new	T.J. Edwards	Linebacker is biggest question that nobody is talking about
181836	player	1656	NFL	new	Jack Sanborn	Linebacker is biggest question that nobody is talking about
181836	player	2202	NFL	new	Devin Bush	Linebacker is biggest question that nobody is talking about
181836	player	2681	NFL	new	Noah Sewell	Linebacker is biggest question that nobody is talking about
181836	player	33935918	NFL	new	Keyshaun Elliott	Linebacker is biggest question that nobody is talking about
181837	player	40	NFL	new	Tyson Bagent	Chicago Bears 2026 Training Camp Position Breakdown: Quarterback
181837	player	55	NFL	new	Case Keenum	Chicago Bears 2026 Training Camp Position Breakdown: Quarterback
181837	player	277867	NFL	new	Caleb Williams	Chicago Bears 2026 Training Camp Position Breakdown: Quarterback
181837	player	33934108	NFL	new	Miller Moss	Chicago Bears 2026 Training Camp Position Breakdown: Quarterback
181839	player	13874670	NFL	new	Colston Loveland	South Shore Press Video Vault: Barton's Best Bet is Bears Tight End Loveland About to Break Out
181839	team	3	NFL	new	Buffalo Bills	South Shore Press Video Vault: Barton's Best Bet is Bears Tight End Loveland About to Break Out
181840	player	1301	NFL	new	Montez Sweat	5 burning questions for Bears defense heading into training camp
181840	player	1535	NFL	new	Grady Jarrett	5 burning questions for Bears defense heading into training camp
181840	player	1651	NFL	new	Kyler Gordon	5 burning questions for Bears defense heading into training camp
181840	player	2202	NFL	new	Devin Bush	5 burning questions for Bears defense heading into training camp
181840	player	2292	NFL	new	Coby Bryant	5 burning questions for Bears defense heading into training camp
181840	player	2335	NFL	new	D’Marco Jackson	5 burning questions for Bears defense heading into training camp
181840	player	33936525	NFL	new	Malik Muhammad	5 burning questions for Bears defense heading into training camp
181840	player	33936596	NFL	new	Dillon Thieneman	5 burning questions for Bears defense heading into training camp
181841	player	1651	NFL	new	Kyler Gordon	Bears Announce Troubling Update on $40 Million Star Before Camp
181856	player	2014	NFL	new	Budda Baker	Jacoby Brissett agrees to reworked 1-year deal with Cardinals and is likely Week 1 starter
181857	player	277867	NFL	new	Caleb Williams	Former Super Bowl champion continues to get on Bears fans' bad side
181858	player	673	NFL	new	DJ Moore	Fantasy football players have a reason to buy stock in Rome Odunze
181858	player	13874242	NFL	new	Luther Burden III	Fantasy football players have a reason to buy stock in Rome Odunze
181858	player	13874670	NFL	new	Colston Loveland	Fantasy football players have a reason to buy stock in Rome Odunze
181859	player	41	NFL	new	Kyler Murray	Jacoby Brissett agrees to reworked 1-year deal with Cardinals and is likely Week 1 starter
181859	player	2014	NFL	new	Budda Baker	Jacoby Brissett agrees to reworked 1-year deal with Cardinals and is likely Week 1 starter
181860	player	1311	NFL	new	Nick Bosa	Kyle Shanahan makes a cameo appearance at 49ers practice following recent car crash
181860	player	1478	NFL	new	Fred Warner	Kyle Shanahan makes a cameo appearance at 49ers practice following recent car crash
181860	player	1716	NFL	new	Trent Williams	Kyle Shanahan makes a cameo appearance at 49ers practice following recent car crash
181865	player	1651	NFL	new	Kyler Gordon	Bears Announce Troubling Update on $40 Million Star Before Camp
181868	player	1813	NFL	new	Joe Thuney	Fantasy football players have a reason to buy stock in Rome Odunze
181868	player	277867	NFL	new	Caleb Williams	Fantasy football players have a reason to buy stock in Rome Odunze
181870	player	1406	NFL	new	Sam Williams	Bears Should Give Talented Cowboys Pass Rusher a Fresh Start
181874	team	8	NFL	new	Cleveland Browns	Full Chicago Bears Training Camp Schedule: Dates, Locations and Practices
181874	team	9	NFL	new	Cincinnati Bengals	Full Chicago Bears Training Camp Schedule: Dates, Locations and Practices
181874	team	11	NFL	new	Tennessee Titans	Full Chicago Bears Training Camp Schedule: Dates, Locations and Practices
181880	player	574	NFL	new	Jayden Reed	Kyler Gordon Heads Up Bears List of Sidelined Players to Start Camp
181880	player	2095	NFL	new	Cam Lewis	Kyler Gordon Heads Up Bears List of Sidelined Players to Start Camp
181880	player	2162	NFL	new	C.J. Gardner-Johnson	Kyler Gordon Heads Up Bears List of Sidelined Players to Start Camp
181880	player	2308	NFL	new	Josh Blackwell	Kyler Gordon Heads Up Bears List of Sidelined Players to Start Camp
181880	player	2370	NFL	new	Elijah Hicks	Kyler Gordon Heads Up Bears List of Sidelined Players to Start Camp
181880	player	2390	NFL	new	Jaylon Johnson	Kyler Gordon Heads Up Bears List of Sidelined Players to Start Camp
181880	player	2627	NFL	new	Tyrique Stevenson	Kyler Gordon Heads Up Bears List of Sidelined Players to Start Camp
181880	player	33936525	NFL	new	Malik Muhammad	Kyler Gordon Heads Up Bears List of Sidelined Players to Start Camp
181880	player	33936596	NFL	new	Dillon Thieneman	Kyler Gordon Heads Up Bears List of Sidelined Players to Start Camp
181880	team	22	NFL	new	Green Bay Packers	Kyler Gordon Heads Up Bears List of Sidelined Players to Start Camp
181881	player	759	NFL	new	Cole Kmet	Bears have two of the top 32 tight ends in the NFL, creating a major offensive advantage for 2026
181881	player	277867	NFL	new	Caleb Williams	Bears have two of the top 32 tight ends in the NFL, creating a major offensive advantage for 2026
181881	player	13874670	NFL	new	Colston Loveland	Bears have two of the top 32 tight ends in the NFL, creating a major offensive advantage for 2026
181881	player	33934813	NFL	new	Sam Roush	Bears have two of the top 32 tight ends in the NFL, creating a major offensive advantage for 2026
181889	player	69	NFL	new	Justin Fields	Chicago Bears 2026 Training Camp Position Breakdown: Quarterback
181889	player	277867	NFL	new	Caleb Williams	Chicago Bears 2026 Training Camp Position Breakdown: Quarterback
181893	team	29	NFL	new	Carolina Panthers	Fantasy football rankings 2026: Breakouts from the model that called Tetairoa McMillan's huge season
181908	player	744	NFL	new	Sam LaPorta	Lions place trio on PUP list ahead of training camp, including both starting safeties
181908	player	774	NFL	new	Tyler Conklin	Lions place trio on PUP list ahead of training camp, including both starting safeties
181908	player	1677	NFL	new	Brian Branch	Lions place trio on PUP list ahead of training camp, including both starting safeties
181908	player	1999	NFL	new	Avonte Maddox	Lions place trio on PUP list ahead of training camp, including both starting safeties
181908	player	2479	NFL	new	Kerby Joseph	Lions place trio on PUP list ahead of training camp, including both starting safeties
181908	player	2585	NFL	new	Christian Izien	Lions place trio on PUP list ahead of training camp, including both starting safeties
181908	player	67545	NFL	new	Chuck Clark	Lions place trio on PUP list ahead of training camp, including both starting safeties
181908	player	279484	NFL	new	Thomas Harper	Lions place trio on PUP list ahead of training camp, including both starting safeties
181910	player	774	NFL	new	Tyler Conklin	Lions Place Three On Active/PUP - NFL Rumors
181910	player	1677	NFL	new	Brian Branch	Lions Place Three On Active/PUP - NFL Rumors
181910	player	2479	NFL	new	Kerby Joseph	Lions Place Three On Active/PUP - NFL Rumors
181912	player	1311	NFL	new	Nick Bosa	Kyle Shanahan makes a cameo appearance at 49ers practice following recent car crash
181912	player	1478	NFL	new	Fred Warner	Kyle Shanahan makes a cameo appearance at 49ers practice following recent car crash
181912	player	1546	NFL	new	Kevin Givens	Kyle Shanahan makes a cameo appearance at 49ers practice following recent car crash
181912	player	1630	NFL	new	Nate Hobbs	Kyle Shanahan makes a cameo appearance at 49ers practice following recent car crash
181912	player	1716	NFL	new	Trent Williams	Kyle Shanahan makes a cameo appearance at 49ers practice following recent car crash
181912	player	2315	NFL	new	Vederian Lowe	Kyle Shanahan makes a cameo appearance at 49ers practice following recent car crash
181917	player	32	NFL	new	Jared Goff	The Lions' Biggest X-Factor on Offense Isn't Being Talked About Enough
181917	player	2528	NFL	new	Cade Mays	The Lions' Biggest X-Factor on Offense Isn't Being Talked About Enough
181917	player	67271	NFL	new	Graham Glasgow	The Lions' Biggest X-Factor on Offense Isn't Being Talked About Enough
181917	player	70793	NFL	new	Frank Ragnow	The Lions' Biggest X-Factor on Offense Isn't Being Talked About Enough
181917	player	82416	NFL	new	Penei Sewell	The Lions' Biggest X-Factor on Offense Isn't Being Talked About Enough
181917	player	13874935	NFL	new	Tate Ratledge	The Lions' Biggest X-Factor on Offense Isn't Being Talked About Enough
181917	player	33935147	NFL	new	Blake Miller	The Lions' Biggest X-Factor on Offense Isn't Being Talked About Enough
181917	team	29	NFL	new	Carolina Panthers	The Lions' Biggest X-Factor on Offense Isn't Being Talked About Enough
181926	player	774	NFL	new	Tyler Conklin	2 key Lions defenders to start training camp on PUP list with knee injury
181926	player	1677	NFL	new	Brian Branch	2 key Lions defenders to start training camp on PUP list with knee injury
181926	player	2479	NFL	new	Kerby Joseph	2 key Lions defenders to start training camp on PUP list with knee injury
181927	player	278251	NFL	new	Terrion Arnold	Top Lions Insider Presents Major Concern For 2026
181928	player	1243	NFL	new	Malcolm Rodriguez	Four Detroit Lions' Players Entering Make-or-Break 2026 Seasons
181928	player	1387	NFL	new	Alim McNeill	Four Detroit Lions' Players Entering Make-or-Break 2026 Seasons
181928	player	278244	NFL	new	Ennis Rakestraw Jr.	Four Detroit Lions' Players Entering Make-or-Break 2026 Seasons
181928	player	281688	NFL	new	Christian Mahogany	Four Detroit Lions' Players Entering Make-or-Break 2026 Seasons
181929	player	774	NFL	new	Tyler Conklin	Will Kerby Joseph Start Week One?
181929	player	1677	NFL	new	Brian Branch	Will Kerby Joseph Start Week One?
181931	player	774	NFL	new	Tyler Conklin	Detroit Lions Place Trio of Players on PUP List
181931	player	1677	NFL	new	Brian Branch	Detroit Lions Place Trio of Players on PUP List
181931	player	2479	NFL	new	Kerby Joseph	Detroit Lions Place Trio of Players on PUP List
181932	player	774	NFL	new	Tyler Conklin	Lions place 3 players on PUP list, including both starting safeties
181932	player	1677	NFL	new	Brian Branch	Lions place 3 players on PUP list, including both starting safeties
181932	player	2479	NFL	new	Kerby Joseph	Lions place 3 players on PUP list, including both starting safeties
181935	player	478	NFL	new	Isiah Pacheco	Lions’ David Montgomery Trade Projected to Open Door for a ‘Player to Watch’ in 2026
181935	player	279908	NFL	new	Sione Vaki	Lions’ David Montgomery Trade Projected to Open Door for a ‘Player to Watch’ in 2026
181937	player	774	NFL	new	Tyler Conklin	Detroit Lions place both starting safeties on PUP list
181937	player	1677	NFL	new	Brian Branch	Detroit Lions place both starting safeties on PUP list
181937	player	2479	NFL	new	Kerby Joseph	Detroit Lions place both starting safeties on PUP list
181939	player	2585	NFL	new	Christian Izien	Lions Kerby Joseph Asks For Prayers: I'm Not In 'Hella Pain'
181939	player	67545	NFL	new	Chuck Clark	Lions Kerby Joseph Asks For Prayers: I'm Not In 'Hella Pain'
181940	player	774	NFL	new	Tyler Conklin	Detroit Lions place trio on PUP list ahead of 2026 training camp
181940	player	1677	NFL	new	Brian Branch	Detroit Lions place trio on PUP list ahead of 2026 training camp
181940	player	2479	NFL	new	Kerby Joseph	Detroit Lions place trio on PUP list ahead of 2026 training camp
181950	player	1444	NFL	new	Alex Anzalone	Detroit Lions 2026 Player Profile: Derrick Barnes
181951	player	477	NFL	new	Jahmyr Gibbs	Roundtable: Detroit Lions Who Could Become 2026 Training Camp Darlings
181951	player	1677	NFL	new	Brian Branch	Roundtable: Detroit Lions Who Could Become 2026 Training Camp Darlings
181951	player	2479	NFL	new	Kerby Joseph	Roundtable: Detroit Lions Who Could Become 2026 Training Camp Darlings
181951	player	278251	NFL	new	Terrion Arnold	Roundtable: Detroit Lions Who Could Become 2026 Training Camp Darlings
181951	player	33935514	NFL	new	Skyler Gill-Howard	Roundtable: Detroit Lions Who Could Become 2026 Training Camp Darlings
181956	player	774	NFL	new	Tyler Conklin	Lions Place Kerby Joseph, Brian Branch, FA Tight End on PUP List
181956	player	1999	NFL	new	Avonte Maddox	Lions Place Kerby Joseph, Brian Branch, FA Tight End on PUP List
181956	player	2585	NFL	new	Christian Izien	Lions Place Kerby Joseph, Brian Branch, FA Tight End on PUP List
181956	player	67545	NFL	new	Chuck Clark	Lions Place Kerby Joseph, Brian Branch, FA Tight End on PUP List
181956	player	279484	NFL	new	Thomas Harper	Lions Place Kerby Joseph, Brian Branch, FA Tight End on PUP List
181956	player	281459	NFL	new	Loren Strickland	Lions Place Kerby Joseph, Brian Branch, FA Tight End on PUP List
181956	player	13874257	NFL	new	Jackson Meeks	Lions Place Kerby Joseph, Brian Branch, FA Tight End on PUP List
181956	player	13874510	NFL	new	Zach Horton	Lions Place Kerby Joseph, Brian Branch, FA Tight End on PUP List
181956	player	13880670	NFL	new	Dan Jackson	Lions Place Kerby Joseph, Brian Branch, FA Tight End on PUP List
181958	player	469	NFL	new	David Montgomery	The Most Important Lions Extension Candidate Entering Training Camp
181958	player	475	NFL	new	Bijan Robinson	The Most Important Lions Extension Candidate Entering Training Camp
181958	player	477	NFL	new	Jahmyr Gibbs	The Most Important Lions Extension Candidate Entering Training Camp
181958	player	744	NFL	new	Sam LaPorta	The Most Important Lions Extension Candidate Entering Training Camp
181958	player	1304	NFL	new	Aidan Hutchinson	The Most Important Lions Extension Candidate Entering Training Camp
181958	player	1387	NFL	new	Alim McNeill	The Most Important Lions Extension Candidate Entering Training Camp
181958	player	1677	NFL	new	Brian Branch	The Most Important Lions Extension Candidate Entering Training Camp
181958	player	64420	NFL	new	Taylor Decker	The Most Important Lions Extension Candidate Entering Training Camp
181962	player	1677	NFL	new	Brian Branch	Lions training camp preview: Overcoming injuries at safety
181962	player	1999	NFL	new	Avonte Maddox	Lions training camp preview: Overcoming injuries at safety
181962	player	2479	NFL	new	Kerby Joseph	Lions training camp preview: Overcoming injuries at safety
181962	player	2585	NFL	new	Christian Izien	Lions training camp preview: Overcoming injuries at safety
181962	player	67545	NFL	new	Chuck Clark	Lions training camp preview: Overcoming injuries at safety
181962	player	279484	NFL	new	Thomas Harper	Lions training camp preview: Overcoming injuries at safety
181962	player	281459	NFL	new	Loren Strickland	Lions training camp preview: Overcoming injuries at safety
181962	player	13880670	NFL	new	Dan Jackson	Lions training camp preview: Overcoming injuries at safety
181962	player	33936192	NFL	new	Aamaris Brown	Lions training camp preview: Overcoming injuries at safety
181963	player	55047	NFL	new	Will Compton	'That's Not My Tom Brady' -- Ex-NFL Player Calls Out the Legendary QB's 'Fake Beef' With Logan Paul
181964	player	774	NFL	new	Tyler Conklin	Daily DLP: Lions place 3 on PUP to start training camp
181964	player	1677	NFL	new	Brian Branch	Daily DLP: Lions place 3 on PUP to start training camp
181964	player	2479	NFL	new	Kerby Joseph	Daily DLP: Lions place 3 on PUP to start training camp
181971	player	774	NFL	new	Tyler Conklin	Detroit Lions Reveal Unsettling Update on Former All-Pro
181971	player	1677	NFL	new	Brian Branch	Detroit Lions Reveal Unsettling Update on Former All-Pro
181971	player	2479	NFL	new	Kerby Joseph	Detroit Lions Reveal Unsettling Update on Former All-Pro
181977	team	1	NFL	new	New England Patriots	Four Games That Will Decide Whether the Lions Make the Playoffs in 2026
181977	team	20	NFL	new	New York Giants	Four Games That Will Decide Whether the Lions Make the Playoffs in 2026
181977	team	22	NFL	new	Green Bay Packers	Four Games That Will Decide Whether the Lions Make the Playoffs in 2026
181977	team	24	NFL	new	Chicago Bears	Four Games That Will Decide Whether the Lions Make the Playoffs in 2026
181978	team	32	NFL	new	Los Angeles Rams	Sean McVay dragged & criticized in bold Jared Goff claim
181983	player	774	NFL	new	Tyler Conklin	Lions add three players to the PUP list ahead of trading camp starting Wednesday
181983	player	1677	NFL	new	Brian Branch	Lions add three players to the PUP list ahead of trading camp starting Wednesday
181983	player	2479	NFL	new	Kerby Joseph	Lions add three players to the PUP list ahead of trading camp starting Wednesday
181987	player	113	NFL	new	Amon-Ra St. Brown	Will Jared Goff Celebrate TD's More? Teammate Says He Has No Rhythm
181987	player	656	NFL	new	Jameson Williams	Will Jared Goff Celebrate TD's More? Teammate Says He Has No Rhythm
181987	player	278253	NFL	new	Jake Bates	Will Jared Goff Celebrate TD's More? Teammate Says He Has No Rhythm
181988	player	478	NFL	new	Isiah Pacheco	Lions’ David Montgomery Trade Projected to Open Door for a ‘Player to Watch’ in 2026
181988	player	656	NFL	new	Jameson Williams	Lions’ David Montgomery Trade Projected to Open Door for a ‘Player to Watch’ in 2026
181988	player	82416	NFL	new	Penei Sewell	Lions’ David Montgomery Trade Projected to Open Door for a ‘Player to Watch’ in 2026
181988	player	279908	NFL	new	Sione Vaki	Lions’ David Montgomery Trade Projected to Open Door for a ‘Player to Watch’ in 2026
181992	player	2014	NFL	new	Budda Baker	Jacoby Brissett agrees to reworked 1-year deal with Cardinals and is likely Week 1 starter
182004	player	832	FOOTBALL	new	David de Gea	Manchester United’s greatest players: No 11, Peter Schmeichel
182004	team	6	FOOTBALL	new	Tottenham Hotspur	Manchester United’s greatest players: No 11, Peter Schmeichel
182004	team	19	FOOTBALL	new	Arsenal	Manchester United’s greatest players: No 11, Peter Schmeichel
182024	player	1116	FOOTBALL	new	Jack Grealish	No Haaland or Rodri, but Manchester City will have plenty of big names on their Asian tour
182024	player	3354	FOOTBALL	new	Kalvin Phillips	No Haaland or Rodri, but Manchester City will have plenty of big names on their Asian tour
182024	player	154421	FOOTBALL	new	Erling Haaland	No Haaland or Rodri, but Manchester City will have plenty of big names on their Asian tour
182024	player	336133	FOOTBALL	new	Phil Foden	No Haaland or Rodri, but Manchester City will have plenty of big names on their Asian tour
182024	player	28575686	FOOTBALL	new	James Trafford	No Haaland or Rodri, but Manchester City will have plenty of big names on their Asian tour
182024	team	3468	FOOTBALL	new	Real Madrid	No Haaland or Rodri, but Manchester City will have plenty of big names on their Asian tour
182033	team	28	NFL	new	Tampa Bay Buccaneers	All-NFC South Team of 2020s: Who are the division's best edge rushers?
182033	team	29	NFL	new	Carolina Panthers	All-NFC South Team of 2020s: Who are the division's best edge rushers?
182040	player	83	NFL	new	Taysom Hill	Saints training camp preview: Juwan Johnson atop overhauled tight ends
182040	player	823	NFL	new	Chris Olave	Saints training camp preview: Juwan Johnson atop overhauled tight ends
182040	player	914	NFL	new	Noah Fant	Saints training camp preview: Juwan Johnson atop overhauled tight ends
182040	player	1489	NFL	new	Cameron Jordan	Saints training camp preview: Juwan Johnson atop overhauled tight ends
182040	player	281618	NFL	new	Treyton Welch	Saints training camp preview: Juwan Johnson atop overhauled tight ends
182040	player	308038	NFL	new	Zaire Mitchell-Paden	Saints training camp preview: Juwan Johnson atop overhauled tight ends
182040	player	13874050	NFL	new	Tyler Shough	Saints training camp preview: Juwan Johnson atop overhauled tight ends
182040	player	13874701	NFL	new	Moliki Matavao	Saints training camp preview: Juwan Johnson atop overhauled tight ends
182040	player	33934812	NFL	new	Oscar Delp	Saints training camp preview: Juwan Johnson atop overhauled tight ends
182040	player	33934843	NFL	new	Cody Hardy	Saints training camp preview: Juwan Johnson atop overhauled tight ends
182046	player	835	NFL	new	Travis Kelce	“He Needs To Sit” “Looks Awful”: NFL Fans React As Patrick Mahomes Practices Without Braces After ACL Tear at Chiefs Training Camp
182050	player	1794	NFL	new	Zach Wood	49 days until Saints opener: Every player to wear the No. 49 jersey
182055	player	640	NFL	new	Rashid Shaheed	Jaxon Smith-Njigba ready to turn the page and 'turn up' his 2026 campaign
182055	player	794	NFL	new	Cooper Kupp	Jaxon Smith-Njigba ready to turn the page and 'turn up' his 2026 campaign
182055	player	21305	NFL	new	Larry Fitzgerald	Jaxon Smith-Njigba ready to turn the page and 'turn up' his 2026 campaign
182055	player	43682	NFL	new	Dez Bryant	Jaxon Smith-Njigba ready to turn the page and 'turn up' his 2026 campaign
182055	player	43917	NFL	new	Antonio Brown	Jaxon Smith-Njigba ready to turn the page and 'turn up' his 2026 campaign
182055	player	13874098	NFL	new	Tory Horton	Jaxon Smith-Njigba ready to turn the page and 'turn up' his 2026 campaign
182055	team	31	NFL	new	Seattle Seahawks	Jaxon Smith-Njigba ready to turn the page and 'turn up' his 2026 campaign
182059	player	100	NFL	new	Chris Godwin Jr.	Ranking the top wide receivers in the NFC South for the 2026 season
182059	player	277936	NFL	new	Xavier Legette	Ranking the top wide receivers in the NFC South for the 2026 season
182059	player	364100	NFL	new	Jalen Coker	Ranking the top wide receivers in the NFC South for the 2026 season
182059	player	13874067	NFL	new	Emeka Egbuka	Ranking the top wide receivers in the NFC South for the 2026 season
182059	player	13874457	NFL	new	Tetairoa McMillan	Ranking the top wide receivers in the NFC South for the 2026 season
182059	player	33934742	NFL	new	Jordyn Tyson	Ranking the top wide receivers in the NFC South for the 2026 season
182059	team	28	NFL	new	Tampa Bay Buccaneers	Ranking the top wide receivers in the NFC South for the 2026 season
182059	team	29	NFL	new	Carolina Panthers	Ranking the top wide receivers in the NFC South for the 2026 season
182062	team	20	NFL	new	New York Giants	Alvin Kamara's walk-off touchdown run is the Saints Play of Day 49
182063	player	466	NFL	new	James Conner	Cardinals OC Nathaniel Hackett declines to name rookie Jeremiyah Love starting RB as training camp opens
182069	player	280275	NFL	new	Chris Paul	Elfrid Payton returns home to discuss UL, NBA, backpack drive
182073	player	34	NFL	new	Patrick Mahomes	A reset in Kansas City: Andy Reid brings Chiefs rookies and QBs in early again after a 6-11 collapse
182073	player	69	NFL	new	Justin Fields	A reset in Kansas City: Andy Reid brings Chiefs rookies and QBs in early again after a 6-11 collapse
182073	player	33934037	NFL	new	Garrett Nussmeier	A reset in Kansas City: Andy Reid brings Chiefs rookies and QBs in early again after a 6-11 collapse
182073	player	33935540	NFL	new	R Mason Thomas	A reset in Kansas City: Andy Reid brings Chiefs rookies and QBs in early again after a 6-11 collapse
182073	player	33935694	NFL	new	Peter Woods	A reset in Kansas City: Andy Reid brings Chiefs rookies and QBs in early again after a 6-11 collapse
182073	player	33935961	NFL	new	Mansoor Delane	A reset in Kansas City: Andy Reid brings Chiefs rookies and QBs in early again after a 6-11 collapse
182081	player	5141	FOOTBALL	new	Dominic Calvert-Lewin	First impressions of Leeds’ pre-season: Wilson’s flair, Longstaff impresses – but defensive lapses
182081	player	5149	FOOTBALL	new	Daniel James	First impressions of Leeds’ pre-season: Wilson’s flair, Longstaff impresses – but defensive lapses
182081	player	5403	FOOTBALL	new	Harry Wilson	First impressions of Leeds’ pre-season: Wilson’s flair, Longstaff impresses – but defensive lapses
182081	player	29382	FOOTBALL	new	Joel Piroe	First impressions of Leeds’ pre-season: Wilson’s flair, Longstaff impresses – but defensive lapses
182081	player	173737	FOOTBALL	new	Sean Longstaff	First impressions of Leeds’ pre-season: Wilson’s flair, Longstaff impresses – but defensive lapses
182081	player	1548632	FOOTBALL	new	Jaka Bijol	First impressions of Leeds’ pre-season: Wilson’s flair, Longstaff impresses – but defensive lapses
182081	player	21428649	FOOTBALL	new	Arthur Okonkwo	First impressions of Leeds’ pre-season: Wilson’s flair, Longstaff impresses – but defensive lapses
182081	player	37316986	FOOTBALL	new	Wilfried Gnonto	First impressions of Leeds’ pre-season: Wilson’s flair, Longstaff impresses – but defensive lapses
182085	player	1298	NFL	new	Myles Garrett	NFL Power Rankings, 2026: Full league rankings with training camps beginning
182085	player	13873832	NFL	new	Jaxson Dart	NFL Power Rankings, 2026: Full league rankings with training camps beginning
182085	player	13874050	NFL	new	Tyler Shough	NFL Power Rankings, 2026: Full league rankings with training camps beginning
182107	player	279875	NFL	new	Michael Penix Jr.	Alabama Legend Tua Tagovailoa Already Under Fire Before NFL Season
182116	player	2017	NFL	new	Kaleb McGary	Atlanta Continues To Put Former Huskies In Football Limbo
182116	player	279875	NFL	new	Michael Penix Jr.	Atlanta Continues To Put Former Huskies In Football Limbo
182116	player	281383	NFL	new	Bralen Trice	Atlanta Continues To Put Former Huskies In Football Limbo
182116	player	33935493	NFL	new	Anterio Thompson	Atlanta Continues To Put Former Huskies In Football Limbo
182119	player	2017	NFL	new	Kaleb McGary	Atlanta Continues To Put Former Huskies In Football Limbo
182119	player	279875	NFL	new	Michael Penix Jr.	Atlanta Continues To Put Former Huskies In Football Limbo
182119	player	281383	NFL	new	Bralen Trice	Atlanta Continues To Put Former Huskies In Football Limbo
182119	player	33935493	NFL	new	Anterio Thompson	Atlanta Continues To Put Former Huskies In Football Limbo
182126	player	1462	NFL	new	Zach Harrison	Falcons place rookie Anterio Thompson on NFI list
182126	player	1599	NFL	new	Da’Shawn Hand	Falcons place rookie Anterio Thompson on NFI list
182126	player	2597	NFL	new	LaCale London	Falcons place rookie Anterio Thompson on NFI list
182126	player	80221	NFL	new	Chris Williams	Falcons place rookie Anterio Thompson on NFI list
182126	player	279185	NFL	new	Maason Smith	Falcons place rookie Anterio Thompson on NFI list
182126	player	280567	NFL	new	Brandon Dorlus	Falcons place rookie Anterio Thompson on NFI list
182126	team	31	NFL	new	Seattle Seahawks	Falcons place rookie Anterio Thompson on NFI list
182128	player	28	NFL	new	Tua Tagovailoa	Falcons Head Coach Heaps Praise on Michael Penix Ahead of QB Battle
182128	player	279875	NFL	new	Michael Penix Jr.	Falcons Head Coach Heaps Praise on Michael Penix Ahead of QB Battle
182129	player	475	NFL	new	Bijan Robinson	Falcons RB duo ranked No. 1 in the NFL ahead of 2026 season
182134	player	722	NFL	new	Cedric Tillman	Browns WR named ideal Falcons trade target as camp begins
182146	team	12	NFL	new	Indianapolis Colts	NFL Power Rankings, 2026: Full league rankings with training camps beginning
182146	team	32	NFL	new	Los Angeles Rams	NFL Power Rankings, 2026: Full league rankings with training camps beginning
182169	player	28	NFL	new	Tua Tagovailoa	Kevin Stefanski Leads Falcons Into Training Camp With Open Practice Schedule
182169	player	976	NFL	new	Austin Hooper	Kevin Stefanski Leads Falcons Into Training Camp With Open Practice Schedule
182169	player	1173	NFL	new	Charlie Woerner	Kevin Stefanski Leads Falcons Into Training Camp With Open Practice Schedule
182169	player	2017	NFL	new	Kaleb McGary	Kevin Stefanski Leads Falcons Into Training Camp With Open Practice Schedule
182169	player	279875	NFL	new	Michael Penix Jr.	Kevin Stefanski Leads Falcons Into Training Camp With Open Practice Schedule
182196	player	278133	NFL	new	Jalen McMillan	Fantasy Expert Says Buccaneers’ Top Breakout Isn’t Emeka Egbuka
182196	player	33934479	NFL	new	Ted Hurst	Fantasy Expert Says Buccaneers’ Top Breakout Isn’t Emeka Egbuka
182208	player	1449	NFL	new	Anthony Nelson	Buccaneers Training Camp Battles to Watch (and Who is Most Likely to Be Cut)
182208	player	278130	NFL	new	Chris Braswell	Buccaneers Training Camp Battles to Watch (and Who is Most Likely to Be Cut)
182208	player	13878499	NFL	new	David Walker	Buccaneers Training Camp Battles to Watch (and Who is Most Likely to Be Cut)
182208	player	13878806	NFL	new	Jacob Parrish	Buccaneers Training Camp Battles to Watch (and Who is Most Likely to Be Cut)
182208	player	33934062	NFL	new	Jalon Daniels	Buccaneers Training Camp Battles to Watch (and Who is Most Likely to Be Cut)
182208	player	33936073	NFL	new	Keionte Scott	Buccaneers Training Camp Battles to Watch (and Who is Most Likely to Be Cut)
182209	player	815	NFL	new	Mike Evans	3 Buccaneers To Keep an Eye on During Training Camp
182209	player	13878736	NFL	new	Benjamin Morrison	3 Buccaneers To Keep an Eye on During Training Camp
182209	player	33935522	NFL	new	Rueben Bain Jr.	3 Buccaneers To Keep an Eye on During Training Camp
182210	player	1936	NFL	new	A'Shawn Robinson	The One Starting Job the Buccaneers Are Happy They Don't Have to Answer Today
182210	player	2055	NFL	new	Jamel Dean	The One Starting Job the Buccaneers Are Happy They Don't Have to Answer Today
182210	player	2429	NFL	new	Zyon McCollum	The One Starting Job the Buccaneers Are Happy They Don't Have to Answer Today
182210	player	13878736	NFL	new	Benjamin Morrison	The One Starting Job the Buccaneers Are Happy They Don't Have to Answer Today
182210	player	13878806	NFL	new	Jacob Parrish	The One Starting Job the Buccaneers Are Happy They Don't Have to Answer Today
182210	player	33935522	NFL	new	Rueben Bain Jr.	The One Starting Job the Buccaneers Are Happy They Don't Have to Answer Today
182215	player	2055	NFL	new	Jamel Dean	Bucs' CB Among Second-Year Players Under the Most Pressure in 2026
182215	player	2429	NFL	new	Zyon McCollum	Bucs' CB Among Second-Year Players Under the Most Pressure in 2026
182215	player	13878736	NFL	new	Benjamin Morrison	Bucs' CB Among Second-Year Players Under the Most Pressure in 2026
182215	player	13878806	NFL	new	Jacob Parrish	Bucs' CB Among Second-Year Players Under the Most Pressure in 2026
182215	player	33936073	NFL	new	Keionte Scott	Bucs' CB Among Second-Year Players Under the Most Pressure in 2026
182232	player	1362	NFL	new	Antoine Winfield Jr.	Keionte Scott's pro comparison highlights versatility for the Bucs
182232	player	1741	NFL	new	Tyrann Mathieu	Keionte Scott's pro comparison highlights versatility for the Bucs
182232	player	2429	NFL	new	Zyon McCollum	Keionte Scott's pro comparison highlights versatility for the Bucs
182232	player	13878736	NFL	new	Benjamin Morrison	Keionte Scott's pro comparison highlights versatility for the Bucs
182232	player	13878806	NFL	new	Jacob Parrish	Keionte Scott's pro comparison highlights versatility for the Bucs
182234	player	52	NFL	new	Baker Mayfield	Bucs' Mayfield Shares Best Mental Advice He Has Ever Received
182237	player	32	NFL	new	Jared Goff	Can Tykee Smith Take Another Leap, Earn Bucs Captaincy In 2026?
182237	player	1362	NFL	new	Antoine Winfield Jr.	Can Tykee Smith Take Another Leap, Earn Bucs Captaincy In 2026?
182247	player	1362	NFL	new	Antoine Winfield Jr.	Can Tykee Smith Secure Bucs Captaincy With Strong 2026 Season?
182247	player	1390	NFL	new	Lavonte David	Can Tykee Smith Secure Bucs Captaincy With Strong 2026 Season?
182248	player	75	NFL	new	Bryce Young	Carolina Panthers WR Stands Out Early in Training Camp
182248	player	277936	NFL	new	Xavier Legette	Carolina Panthers WR Stands Out Early in Training Camp
182248	player	13878243	NFL	new	Nic Scourton	Carolina Panthers WR Stands Out Early in Training Camp
182251	player	1311	NFL	new	Nick Bosa	49ers’ Kyle Shanahan Makes Brief Appearance At Training Camp After Car Crash
182251	player	1478	NFL	new	Fred Warner	49ers’ Kyle Shanahan Makes Brief Appearance At Training Camp After Car Crash
182251	player	1546	NFL	new	Kevin Givens	49ers’ Kyle Shanahan Makes Brief Appearance At Training Camp After Car Crash
182252	player	63	NFL	new	Matthew Stafford	Myles Garrett wows the Rams on his first day of training camp with his new team
182252	player	1461	NFL	new	Trent McDuffie	Myles Garrett wows the Rams on his first day of training camp with his new team
182252	player	1532	NFL	new	Jaylen Watson	Myles Garrett wows the Rams on his first day of training camp with his new team
182268	team	30	NFL	new	San Francisco 49ers	‘The Antithesis of Journalism’ — NFL Insider Calls Out ESPN’s Adam Schefter and Co. for Holding News of Kyle Shanahan’s Car Accident
182271	player	1085	NFL	new	David Moore	Dark-horse WR may be emerging for Panthers early in training camp
182271	player	277936	NFL	new	Xavier Legette	Dark-horse WR may be emerging for Panthers early in training camp
182271	player	281719	NFL	new	Brycen Tremayne	Dark-horse WR may be emerging for Panthers early in training camp
182271	player	364100	NFL	new	Jalen Coker	Dark-horse WR may be emerging for Panthers early in training camp
182271	player	13874457	NFL	new	Tetairoa McMillan	Dark-horse WR may be emerging for Panthers early in training camp
182271	player	13882152	NFL	new	Ja'seem Reed	Dark-horse WR may be emerging for Panthers early in training camp
182271	player	33934356	NFL	new	Chris Brazzell II	Dark-horse WR may be emerging for Panthers early in training camp
182271	team	8	NFL	new	Cleveland Browns	Dark-horse WR may be emerging for Panthers early in training camp
182272	player	823	NFL	new	Chris Olave	Rod Walker: 5 reasons to believe all these good vibes surrounding the Saints are real
182272	player	1339	NFL	new	Chase Young	Rod Walker: 5 reasons to believe all these good vibes surrounding the Saints are real
182272	player	80143	NFL	new	David Edwards	Rod Walker: 5 reasons to believe all these good vibes surrounding the Saints are real
182272	player	13874050	NFL	new	Tyler Shough	Rod Walker: 5 reasons to believe all these good vibes surrounding the Saints are real
182272	player	33934742	NFL	new	Jordyn Tyson	Rod Walker: 5 reasons to believe all these good vibes surrounding the Saints are real
182273	player	1311	NFL	new	Nick Bosa	Kyle Shanahan makes a cameo appearance at 49ers practice following recent car crash
182273	player	1478	NFL	new	Fred Warner	Kyle Shanahan makes a cameo appearance at 49ers practice following recent car crash
182273	player	1716	NFL	new	Trent Williams	Kyle Shanahan makes a cameo appearance at 49ers practice following recent car crash
182274	player	65	NFL	new	Gardner Minshew	Jacoby Brissett agrees to reworked 1-year deal with Cardinals and is likely Week 1 starter
182274	player	2014	NFL	new	Budda Baker	Jacoby Brissett agrees to reworked 1-year deal with Cardinals and is likely Week 1 starter
182274	player	33934043	NFL	new	Carson Beck	Jacoby Brissett agrees to reworked 1-year deal with Cardinals and is likely Week 1 starter
182275	player	41	NFL	new	Kyler Murray	Jacoby Brissett agrees to reworked 1-year deal with Cardinals and is likely Week 1 starter
182275	player	65	NFL	new	Gardner Minshew	Jacoby Brissett agrees to reworked 1-year deal with Cardinals and is likely Week 1 starter
182275	player	2014	NFL	new	Budda Baker	Jacoby Brissett agrees to reworked 1-year deal with Cardinals and is likely Week 1 starter
182275	player	33934043	NFL	new	Carson Beck	Jacoby Brissett agrees to reworked 1-year deal with Cardinals and is likely Week 1 starter
182285	player	1610	NFL	new	Cam Gill	Panthers 2026 training camp tracker: Top takeaways and observations from Day 1
182285	player	2553	NFL	new	Jaycee Horn	Panthers 2026 training camp tracker: Top takeaways and observations from Day 1
182285	player	73469	NFL	new	Taylor Moton	Panthers 2026 training camp tracker: Top takeaways and observations from Day 1
182285	player	281272	NFL	new	Jonathon Brooks	Panthers 2026 training camp tracker: Top takeaways and observations from Day 1
182285	player	13878243	NFL	new	Nic Scourton	Panthers 2026 training camp tracker: Top takeaways and observations from Day 1
182285	player	33935490	NFL	new	Monroe Freeling	Panthers 2026 training camp tracker: Top takeaways and observations from Day 1
182287	player	1853	NFL	new	Shaq Thompson	Devin Lloyd excited to join long list of great Panthers linebackers
182287	player	50893	NFL	new	Luke Kuechly	Devin Lloyd excited to join long list of great Panthers linebackers
182288	player	277936	NFL	new	Xavier Legette	Panthers Appear To Be Leaning Towards Decision on WR3 Competition
182288	player	13874457	NFL	new	Tetairoa McMillan	Panthers Appear To Be Leaning Towards Decision on WR3 Competition
182288	player	33934356	NFL	new	Chris Brazzell II	Panthers Appear To Be Leaning Towards Decision on WR3 Competition
182290	team	7	NFL	new	Pittsburgh Steelers	Panthers quickly finding out what the NFL already knew about Kenny Pickett
182290	team	18	NFL	new	Philadelphia Eagles	Panthers quickly finding out what the NFL already knew about Kenny Pickett
182293	player	277936	NFL	new	Xavier Legette	Panthers' Chris Brazzell: Dealing with knee soreness
182293	player	364100	NFL	new	Jalen Coker	Panthers' Chris Brazzell: Dealing with knee soreness
182293	player	13874457	NFL	new	Tetairoa McMillan	Panthers' Chris Brazzell: Dealing with knee soreness
182295	player	58198	NFL	new	Andrew Norwell	2026 Season Opener Countdown: 49 Days Remaining
182296	team	1	NFL	new	New England Patriots	NFL Training Camp 2026: All 32 Teams Report Dates
182296	team	7	NFL	new	Steelers	NFL Training Camp 2026: All 32 Teams Report Dates
182296	team	18	NFL	new	Eagles	NFL Training Camp 2026: All 32 Teams Report Dates
182296	team	26	NFL	new	Saints	NFL Training Camp 2026: All 32 Teams Report Dates
182296	team	31	NFL	new	Seattle Seahawks	NFL Training Camp 2026: All 32 Teams Report Dates
182296	team	32	NFL	new	Rams	NFL Training Camp 2026: All 32 Teams Report Dates
182296	team	33	NFL	new	Arizona Cardinals	NFL Training Camp 2026: All 32 Teams Report Dates
182300	player	2354	NFL	new	Marcus Jones	Patriots defense talking about dominating in 2026
182301	player	364100	NFL	new	Jalen Coker	Panthers WR Xavier Legette shines on Sunday, continues 'great' start to training camp
182301	player	13874457	NFL	new	Tetairoa McMillan	Panthers WR Xavier Legette shines on Sunday, continues 'great' start to training camp
182301	player	33934356	NFL	new	Chris Brazzell II	Panthers WR Xavier Legette shines on Sunday, continues 'great' start to training camp
182301	team	28	NFL	new	Tampa Bay Buccaneers	Panthers WR Xavier Legette shines on Sunday, continues 'great' start to training camp
182303	player	75	NFL	new	Bryce Young	Panthers' Xavier Legette creating NFL training camp consistency
182304	player	2109	NFL	new	Mike Jackson	Panthers provide injury updates on 2 key starters, standout rookie WR
182304	player	231661	NFL	new	Robert Hunt	Panthers provide injury updates on 2 key starters, standout rookie WR
182304	player	33934356	NFL	new	Chris Brazzell II	Panthers provide injury updates on 2 key starters, standout rookie WR
182309	player	13878243	NFL	new	Nic Scourton	Panthers Under Investigation After Player’s Injury – What We Know
182314	player	50893	NFL	new	Luke Kuechly	Devin Lloyd yearns to be part of Panthers' proud linebacker family
182324	player	75	NFL	new	Bryce Young	Panthers practice in rain, Parrott Academy football all set for 1st practice Monday
182324	player	1003	NFL	new	Tommy Tremble	Panthers practice in rain, Parrott Academy football all set for 1st practice Monday
182330	player	21366	NFL	new	Derek Anderson	Ron Rivera Had Major Reason Behind One of His Most Controversial Calls Involving Former MVP
182330	player	46566	NFL	new	Cam Newton	Ron Rivera Had Major Reason Behind One of His Most Controversial Calls Involving Former MVP
182335	player	1311	NFL	new	Nick Bosa	Kyle Shanahan makes a cameo appearance at 49ers practice following recent car crash
182335	player	1478	NFL	new	Fred Warner	Kyle Shanahan makes a cameo appearance at 49ers practice following recent car crash
182335	player	1716	NFL	new	Trent Williams	Kyle Shanahan makes a cameo appearance at 49ers practice following recent car crash
182335	player	2315	NFL	new	Vederian Lowe	Kyle Shanahan makes a cameo appearance at 49ers practice following recent car crash
182335	player	13874768	NFL	new	Connor Colby	Kyle Shanahan makes a cameo appearance at 49ers practice following recent car crash
182340	player	27	NFL	new	Brock Purdy	2026 San Francisco 49ers training camp: Latest intel, updates
182340	player	815	NFL	new	Mike Evans	2026 San Francisco 49ers training camp: Latest intel, updates
182340	player	1311	NFL	new	Nick Bosa	2026 San Francisco 49ers training camp: Latest intel, updates
182345	player	27	NFL	new	Brock Purdy	49ers first impressions: Shanahan arrives, Purdy and Evans connect, and Bosa returns
182345	player	815	NFL	new	Mike Evans	49ers first impressions: Shanahan arrives, Purdy and Evans connect, and Bosa returns
182345	player	1311	NFL	new	Nick Bosa	49ers first impressions: Shanahan arrives, Purdy and Evans connect, and Bosa returns
182345	player	1478	NFL	new	Fred Warner	49ers first impressions: Shanahan arrives, Purdy and Evans connect, and Bosa returns
182345	player	1716	NFL	new	Trent Williams	49ers first impressions: Shanahan arrives, Purdy and Evans connect, and Bosa returns
182345	player	2376	NFL	new	Deommodore Lenoir	49ers first impressions: Shanahan arrives, Purdy and Evans connect, and Bosa returns
182345	player	281332	NFL	new	Malik Mustapha	49ers first impressions: Shanahan arrives, Purdy and Evans connect, and Bosa returns
182345	player	281622	NFL	new	Ricky Pearsall	49ers first impressions: Shanahan arrives, Purdy and Evans connect, and Bosa returns
182345	player	33935608	NFL	new	Romello Height	49ers first impressions: Shanahan arrives, Purdy and Evans connect, and Bosa returns
182347	player	33934502	NFL	new	De’Zhaun Stribling	Ex-NFL Touchdown Leader Gets Blunt on 49ers WR De’Zhaun Stribling
182349	player	27	NFL	new	Brock Purdy	Williams, Warner on Being Back on the Field
182349	player	461	NFL	new	Christian McCaffrey	Williams, Warner on Being Back on the Field
182349	player	815	NFL	new	Mike Evans	Williams, Warner on Being Back on the Field
182349	player	1311	NFL	new	Nick Bosa	Williams, Warner on Being Back on the Field
182349	player	1478	NFL	new	Fred Warner	Williams, Warner on Being Back on the Field
182349	player	1544	NFL	new	Dre Greenlaw	Williams, Warner on Being Back on the Field
182349	player	1716	NFL	new	Trent Williams	Williams, Warner on Being Back on the Field
182349	player	77030	NFL	new	Colton McKivitz	Williams, Warner on Being Back on the Field
182352	team	21	NFL	new	Washington Commanders	49ers GM John Lynch On WR Brandon Aiyuk: "He's Not On Our Roster." - NFL Rumors
182353	player	33934007	NFL	new	Kaelon Black	Where the 49ers’ 2026 NFL Draft class ranks, per CBS Sports
182353	player	33934502	NFL	new	De'Zhaun Stribling	Where the 49ers’ 2026 NFL Draft class ranks, per CBS Sports
182353	player	33936616	NFL	new	Ephesians Prysock	Where the 49ers’ 2026 NFL Draft class ranks, per CBS Sports
182354	player	27	NFL	new	Brock Purdy	49ers host standout OT prospect Max Iheanachor ahead of 2026 NFL Draft
182354	player	1716	NFL	new	Trent Williams	49ers host standout OT prospect Max Iheanachor ahead of 2026 NFL Draft
182354	player	33935240	NFL	new	Caleb Lomu	49ers host standout OT prospect Max Iheanachor ahead of 2026 NFL Draft
182354	player	33935275	NFL	new	Kadyn Proctor	49ers host standout OT prospect Max Iheanachor ahead of 2026 NFL Draft
182358	player	13874023	NFL	new	Jordan James	Watch: 49ers CB Upton Stout grinding for breakout Year 2 season
182362	player	754	NFL	new	George Kittle	49ers GM John Lynch tight-lipped as camp opens with Aiyuk in limbo on reserve/left squad list
182362	player	813	NFL	new	Brandon Aiyuk	49ers GM John Lynch tight-lipped as camp opens with Aiyuk in limbo on reserve/left squad list
182362	player	1311	NFL	new	Nick Bosa	49ers GM John Lynch tight-lipped as camp opens with Aiyuk in limbo on reserve/left squad list
182362	player	278124	NFL	new	Jayden Daniels	49ers GM John Lynch tight-lipped as camp opens with Aiyuk in limbo on reserve/left squad list
182362	team	32	NFL	new	Los Angeles Rams	49ers GM John Lynch tight-lipped as camp opens with Aiyuk in limbo on reserve/left squad list
182368	player	727	NFL	new	Kyle Juszczyk	Foerster oversees 49ers practice with on-mend Shanahan nearby
182368	player	1478	NFL	new	Fred Warner	Foerster oversees 49ers practice with on-mend Shanahan nearby
182368	player	1544	NFL	new	Dre Greenlaw	Foerster oversees 49ers practice with on-mend Shanahan nearby
182368	player	1716	NFL	new	Trent Williams	Foerster oversees 49ers practice with on-mend Shanahan nearby
182373	player	1311	NFL	new	Nick Bosa	49ers’ Mykel Williams shows encouraging progress at rookie minicamp
182374	player	27	NFL	new	Brock Purdy	Kyle Shanahan's crash leaves 49ers without their MVP as pivotal camp begins
182374	player	815	NFL	new	Mike Evans	Kyle Shanahan's crash leaves 49ers without their MVP as pivotal camp begins
182374	player	1298	NFL	new	Myles Garrett	Kyle Shanahan's crash leaves 49ers without their MVP as pivotal camp begins
182374	player	1478	NFL	new	Fred Warner	Kyle Shanahan's crash leaves 49ers without their MVP as pivotal camp begins
182374	player	1716	NFL	new	Trent Williams	Kyle Shanahan's crash leaves 49ers without their MVP as pivotal camp begins
182374	player	33934502	NFL	new	De’Zhaun Stribling	Kyle Shanahan's crash leaves 49ers without their MVP as pivotal camp begins
182380	player	1311	NFL	new	Nick Bosa	49ers 3rd-round rookie gets rare opportunity in 1st real NFL practice
182380	player	13875321	NFL	new	Mykel Williams	49ers 3rd-round rookie gets rare opportunity in 1st real NFL practice
182380	player	33935608	NFL	new	Romello Height	49ers 3rd-round rookie gets rare opportunity in 1st real NFL practice
182381	team	28	NFL	new	Tampa Bay Buccaneers	49ers' fans shocked by Mike Evans' tattoo on his right knee
182382	player	1452	NFL	new	Osa Odighizuwa	What the 49ers' Reunion with Kevin Givens Says About Their D-Line Depth
182382	player	366354	NFL	new	Evan Anderson	What the 49ers' Reunion with Kevin Givens Says About Their D-Line Depth
182382	player	13875368	NFL	new	Alfred Collins	What the 49ers' Reunion with Kevin Givens Says About Their D-Line Depth
182382	player	13878122	NFL	new	Sebastian Valdez	What the 49ers' Reunion with Kevin Givens Says About Their D-Line Depth
182382	player	13878166	NFL	new	C.J. West	What the 49ers' Reunion with Kevin Givens Says About Their D-Line Depth
182382	player	33935867	NFL	new	Bryson Eason	What the 49ers' Reunion with Kevin Givens Says About Their D-Line Depth
182384	player	1716	NFL	new	Trent Williams	Kurtenbach: Kyle Shanahan’s head injury is a stark reminder of football’s highest price
182384	player	33936520	NFL	new	Chris Johnson	Kurtenbach: Kyle Shanahan’s head injury is a stark reminder of football’s highest price
182391	player	1546	NFL	new	Kevin Givens	49ers Sign $10 Million Defender for ‘Veteran Leadership’
182395	player	1478	NFL	new	Fred Warner	49ers’ Nick Bosa ‘looks great’ in first practice since ACL injury
182395	team	17	NFL	new	Los Angeles Chargers	49ers’ Nick Bosa ‘looks great’ in first practice since ACL injury
182396	player	27	NFL	new	Brock Purdy	49ers training camp report: Kyle Shanahan on hand for Day 1 after car accident
182396	player	815	NFL	new	Mike Evans	49ers training camp report: Kyle Shanahan on hand for Day 1 after car accident
182396	player	1716	NFL	new	Trent Williams	49ers training camp report: Kyle Shanahan on hand for Day 1 after car accident
182400	player	1546	NFL	new	Kevin Givens	49ers re-sign familiar face in roster move to swap defensive linemen
182400	player	366354	NFL	new	Evan Anderson	49ers re-sign familiar face in roster move to swap defensive linemen
182401	player	1546	NFL	new	Kevin Givens	The 49ers are re-signing a familiar face at defensive tackle after releasing Evan Anderson
182401	player	33935867	NFL	new	Bryson Eason	The 49ers are re-signing a familiar face at defensive tackle after releasing Evan Anderson
182401	player	33936040	NFL	new	James Thompson Jr.	The 49ers are re-signing a familiar face at defensive tackle after releasing Evan Anderson
182402	player	749	NFL	new	Ashtyn Davis	The Most Important 49ers Extension Candidate Entering Training Camp
182402	player	1519	NFL	new	Jason Pinnock	The Most Important 49ers Extension Candidate Entering Training Camp
182402	player	2496	NFL	new	Talanoa Hufanga	The Most Important 49ers Extension Candidate Entering Training Camp
182402	player	2732	NFL	new	Ji’Ayir Brown	The Most Important 49ers Extension Candidate Entering Training Camp
182402	player	13878930	NFL	new	Marques Sigle	The Most Important 49ers Extension Candidate Entering Training Camp
182403	player	1478	NFL	new	Fred Warner	49ers players react to Kyle Shanahan’s training camp cameo
182403	player	1716	NFL	new	Trent Williams	49ers players react to Kyle Shanahan’s training camp cameo
182409	team	32	NFL	new	Los Angeles Rams	How 49ers' John Lynch, Kyle Shanahan hilariously reacted to Myles Garrett trade
182417	player	754	NFL	new	George Kittle	49ers announce roster moves ahead of first training camp practice
182417	player	1546	NFL	new	Kevin Givens	49ers announce roster moves ahead of first training camp practice
182417	player	279760	NFL	new	Isaac Guerendo	49ers announce roster moves ahead of first training camp practice
182417	player	366354	NFL	new	Evan Anderson	49ers announce roster moves ahead of first training camp practice
182417	player	13875321	NFL	new	Mykel Williams	49ers announce roster moves ahead of first training camp practice
182417	player	13875368	NFL	new	Alfred Collins	49ers announce roster moves ahead of first training camp practice
182423	player	1478	NFL	new	Fred Warner	Day 1 of 49ers training camp shows glimpse of change on LB depth chart
182423	player	1544	NFL	new	Dre Greenlaw	Day 1 of 49ers training camp shows glimpse of change on LB depth chart
182423	player	1959	NFL	new	Luke Gifford	Day 1 of 49ers training camp shows glimpse of change on LB depth chart
182423	player	33936121	NFL	new	Jaden Dugger	Day 1 of 49ers training camp shows glimpse of change on LB depth chart
182425	player	2474	NFL	new	Brayden Willis	49ers' George Kittle Provided Update on Injury Report
182426	player	27	NFL	new	Brock Purdy	The Good and Not So Good from Day 1 of 49ers Camp: Kyle Shanahan Makes an Appearance
182426	player	461	NFL	new	Christian McCaffrey	The Good and Not So Good from Day 1 of 49ers Camp: Kyle Shanahan Makes an Appearance
182426	player	815	NFL	new	Mike Evans	The Good and Not So Good from Day 1 of 49ers Camp: Kyle Shanahan Makes an Appearance
182426	player	1311	NFL	new	Nick Bosa	The Good and Not So Good from Day 1 of 49ers Camp: Kyle Shanahan Makes an Appearance
182426	player	1544	NFL	new	Dre Greenlaw	The Good and Not So Good from Day 1 of 49ers Camp: Kyle Shanahan Makes an Appearance
182426	player	281332	NFL	new	Malik Mustapha	The Good and Not So Good from Day 1 of 49ers Camp: Kyle Shanahan Makes an Appearance
182426	player	281622	NFL	new	Ricky Pearsall	The Good and Not So Good from Day 1 of 49ers Camp: Kyle Shanahan Makes an Appearance
182426	player	33934007	NFL	new	Kaelon Black	The Good and Not So Good from Day 1 of 49ers Camp: Kyle Shanahan Makes an Appearance
182426	player	33934502	NFL	new	De'Zhaun Stribling	The Good and Not So Good from Day 1 of 49ers Camp: Kyle Shanahan Makes an Appearance
182429	player	1478	NFL	new	Fred Warner	49ers' Trent Williams amazed by Nick Bosa's recovery after ACL injury
182433	team	1	NFL	new	New England Patriots	Jaxon Smith-Njigba ready to turn the page and 'turn up' his 2026 campaign
182439	player	2690	NFL	new	Derick Hall	Seahawks Camp Football
182441	player	479	NFL	new	Kenneth Walker III	Super Bowl champion Seahawks open training camp with key players on PUP
182441	player	504	NFL	new	Zach Charbonnet	Super Bowl champion Seahawks open training camp with key players on PUP
182441	player	593	NFL	new	Emanuel Wilson	Super Bowl champion Seahawks open training camp with key players on PUP
182441	player	640	NFL	new	Rashid Shaheed	Super Bowl champion Seahawks open training camp with key players on PUP
182441	player	869	NFL	new	Jaxon Smith-Njigba	Super Bowl champion Seahawks open training camp with key players on PUP
182441	player	1322	NFL	new	Boye Mafe	Super Bowl champion Seahawks open training camp with key players on PUP
182441	player	2292	NFL	new	Coby Bryant	Super Bowl champion Seahawks open training camp with key players on PUP
182441	player	2407	NFL	new	Riq Woolen	Super Bowl champion Seahawks open training camp with key players on PUP
182441	player	13874098	NFL	new	Tory Horton	Super Bowl champion Seahawks open training camp with key players on PUP
182441	player	13880574	NFL	new	Nick Emmanwori	Super Bowl champion Seahawks open training camp with key players on PUP
182441	team	1	NFL	new	New England Patriots	Super Bowl champion Seahawks open training camp with key players on PUP
182442	player	70	NFL	new	Sam Darnold	Seahawks Camp Football
182447	player	869	NFL	new	Jaxon Smith-Njigba	Seahawks training camp 2026: A super Cooper Kupp catch on Day 2
182447	player	2269	NFL	new	Julian Love	Seahawks training camp 2026: A super Cooper Kupp catch on Day 2
182447	player	2714	NFL	new	D’Anthony Bell	Seahawks training camp 2026: A super Cooper Kupp catch on Day 2
182449	player	640	NFL	new	Rashid Shaheed	APTOPIX Seahawks Camp Football
182456	player	13878243	NFL	new	Nic Scourton	Seattle Seahawks’ Costly Practice History Resurfaces Amid NFLPA Review
182456	team	29	NFL	new	Carolina Panthers	Seattle Seahawks’ Costly Practice History Resurfaces Amid NFLPA Review
182459	player	70	NFL	new	Sam Darnold	Seahawks Add OL With 'Spiteful Physicality' in Pre-Training Camp 2027 Mock Draft
182459	player	504	NFL	new	Zach Charbonnet	Seahawks Add OL With 'Spiteful Physicality' in Pre-Training Camp 2027 Mock Draft
182459	player	640	NFL	new	Rashid Shaheed	Seahawks Add OL With 'Spiteful Physicality' in Pre-Training Camp 2027 Mock Draft
182459	player	794	NFL	new	Cooper Kupp	Seahawks Add OL With 'Spiteful Physicality' in Pre-Training Camp 2027 Mock Draft
182459	player	1407	NFL	new	DeMarcus Lawrence	Seahawks Add OL With 'Spiteful Physicality' in Pre-Training Camp 2027 Mock Draft
182459	player	278454	NFL	new	Anthony Bradford	Seahawks Add OL With 'Spiteful Physicality' in Pre-Training Camp 2027 Mock Draft
182459	player	13874862	NFL	new	Grey Zabel	Seahawks Add OL With 'Spiteful Physicality' in Pre-Training Camp 2027 Mock Draft
182459	player	33934144	NFL	new	Jadarian Price	Seahawks Add OL With 'Spiteful Physicality' in Pre-Training Camp 2027 Mock Draft
182469	player	869	NFL	new	Jaxon Smith-Njigba	Cooper Kupp Draws Strong Message From Seattle Seahawks Star at Training Camp
182471	player	70	NFL	new	Sam Darnold	Mike Macdonald just gave Seahawks fans Tory Horton update they've been waiting for
182471	player	794	NFL	new	Cooper Kupp	Mike Macdonald just gave Seahawks fans Tory Horton update they've been waiting for
182471	player	869	NFL	new	Jaxon Smith-Njigba	Mike Macdonald just gave Seahawks fans Tory Horton update they've been waiting for
182473	player	640	NFL	new	Rashid Shaheed	Seahawks' Smith-Njigba ready to turn the page from Super Bowl win
182473	player	794	NFL	new	Cooper Kupp	Seahawks' Smith-Njigba ready to turn the page from Super Bowl win
182473	player	869	NFL	new	Jaxon Smith-Njigba	Seahawks' Smith-Njigba ready to turn the page from Super Bowl win
182473	player	13874098	NFL	new	Tory Horton	Seahawks' Smith-Njigba ready to turn the page from Super Bowl win
182474	player	504	NFL	new	Zach Charbonnet	Seattle Seahawks injury situation keeps getting harder for fans to stomach
182474	player	278428	NFL	new	Kenny McIntosh	Seattle Seahawks injury situation keeps getting harder for fans to stomach
182479	team	30	NFL	new	San Francisco 49ers	Zach Charbonnet may be much closer to returning than Seahawks fans feared
182482	player	13878243	NFL	new	Nic Scourton	Seattle Seahawks’ Costly Practice History Resurfaces Amid NFLPA Review
182482	team	29	NFL	new	Carolina Panthers	Seattle Seahawks’ Costly Practice History Resurfaces Amid NFLPA Review
182483	player	479	NFL	new	Kenneth Walker III	Seahawks Issued Intriguing Najee Harris Take Amid Training Camp
182483	player	504	NFL	new	Zach Charbonnet	Seahawks Issued Intriguing Najee Harris Take Amid Training Camp
182483	player	33934144	NFL	new	Jadarian Price	Seahawks Issued Intriguing Najee Harris Take Amid Training Camp
182488	player	504	NFL	new	Zach Charbonnet	Seahawks Get Major Concern Over Replacing Kenneth Walker III
182488	player	593	NFL	new	Emanuel Wilson	Seahawks Get Major Concern Over Replacing Kenneth Walker III
182488	player	278427	NFL	new	George Holani	Seahawks Get Major Concern Over Replacing Kenneth Walker III
182488	player	278428	NFL	new	Kenny McIntosh	Seahawks Get Major Concern Over Replacing Kenneth Walker III
182488	player	33934144	NFL	new	Jadarian Price	Seahawks Get Major Concern Over Replacing Kenneth Walker III
182499	team	1	NFL	new	New England Patriots	NFL: From Super Bowl LX Glory to the Operating Room! The Wild Start to Seahawks’ Preseason
182499	team	9	NFL	new	Bengals	NFL: From Super Bowl LX Glory to the Operating Room! The Wild Start to Seahawks’ Preseason
182499	team	14	NFL	new	Kansas City Chiefs	NFL: From Super Bowl LX Glory to the Operating Room! The Wild Start to Seahawks’ Preseason
182499	team	18	NFL	new	Eagles	NFL: From Super Bowl LX Glory to the Operating Room! The Wild Start to Seahawks’ Preseason
182499	team	22	NFL	new	Packers	NFL: From Super Bowl LX Glory to the Operating Room! The Wild Start to Seahawks’ Preseason
182499	team	30	NFL	new	49ers	NFL: From Super Bowl LX Glory to the Operating Room! The Wild Start to Seahawks’ Preseason
182500	player	1328	NFL	new	Aaron Donald	Inside Rams’ camp plan to limit Matthew Stafford and test Ty Simpson, Stetson Bennett
182508	player	63	NFL	new	Matthew Stafford	Los Angeles Rams betting outlook: why one analyst is all in on a Super Bowl win at +550
182508	player	1298	NFL	new	Myles Garrett	Los Angeles Rams betting outlook: why one analyst is all in on a Super Bowl win at +550
182508	player	1461	NFL	new	Trent McDuffie	Los Angeles Rams betting outlook: why one analyst is all in on a Super Bowl win at +550
182508	player	1532	NFL	new	Jaylen Watson	Los Angeles Rams betting outlook: why one analyst is all in on a Super Bowl win at +550
182512	team	8	NFL	new	Cleveland Browns	NFL record-setter Myles Garrett works out at UCLA football facilities
182516	player	280232	NFL	new	Justin Dedich	Rams Announced Two Roster Moves
182530	player	65	NFL	new	Gardner Minshew	Jacoby Brissett agrees to reworked 1-year deal with Cardinals and is likely Week 1 starter
182530	player	2014	NFL	new	Budda Baker	Jacoby Brissett agrees to reworked 1-year deal with Cardinals and is likely Week 1 starter
182530	player	33934043	NFL	new	Carson Beck	Jacoby Brissett agrees to reworked 1-year deal with Cardinals and is likely Week 1 starter
182532	player	18	NFL	new	Jacoby Brissett	Cardinals sign QB Carson Beck to rookie deal as they prepare to open training camp
182532	player	65	NFL	new	Gardner Minshew	Cardinals sign QB Carson Beck to rookie deal as they prepare to open training camp
182532	player	279144	NFL	new	Kedon Slovis	Cardinals sign QB Carson Beck to rookie deal as they prepare to open training camp
182532	player	13877553	NFL	new	Coziah Izzard	Cardinals sign QB Carson Beck to rookie deal as they prepare to open training camp
182532	player	33935907	NFL	new	Kaleb Proctor	Cardinals sign QB Carson Beck to rookie deal as they prepare to open training camp
182533	player	41	NFL	new	Kyler Murray	Jacoby Brissett agrees to reworked 1-year deal with Cardinals and is likely Week 1 starter
182533	player	65	NFL	new	Gardner Minshew	Jacoby Brissett agrees to reworked 1-year deal with Cardinals and is likely Week 1 starter
182533	player	2014	NFL	new	Budda Baker	Jacoby Brissett agrees to reworked 1-year deal with Cardinals and is likely Week 1 starter
182533	player	33934043	NFL	new	Carson Beck	Jacoby Brissett agrees to reworked 1-year deal with Cardinals and is likely Week 1 starter
182534	player	63	NFL	new	Matthew Stafford	Myles Garrett wows the Rams on his first day of training camp with his new team
182534	player	1461	NFL	new	Trent McDuffie	Myles Garrett wows the Rams on his first day of training camp with his new team
182534	player	1532	NFL	new	Jaylen Watson	Myles Garrett wows the Rams on his first day of training camp with his new team
182534	player	33934033	NFL	new	Ty Simpson	Myles Garrett wows the Rams on his first day of training camp with his new team
182539	player	600	NFL	new	Ihmir Smith-Marsette	Cardinals Football
182539	player	2689	NFL	new	Owen Pappoe	Cardinals Football
182540	player	13	NFL	new	Drake London	1 final move each team should make before Week 1
182540	player	466	NFL	new	James Conner	1 final move each team should make before Week 1
182540	player	494	NFL	new	Tyler Allgeier	1 final move each team should make before Week 1
182540	player	773	NFL	new	Mark Andrews	1 final move each team should make before Week 1
182540	player	885	NFL	new	Darren Waller	1 final move each team should make before Week 1
182540	player	892	NFL	new	Jahan Dotson	1 final move each team should make before Week 1
182540	player	1028	NFL	new	Olamide Zaccheaus	1 final move each team should make before Week 1
182540	player	277560	NFL	new	Trey Benson	1 final move each team should make before Week 1
182540	player	33934342	NFL	new	Zachariah Branch	1 final move each team should make before Week 1
182540	player	33934347	NFL	new	Jeremiyah Love	1 final move each team should make before Week 1
182548	player	41	NFL	new	Kyler Murray	Jacoby Brissett agrees to reworked 1-year deal with Cardinals and is likely starter at QB for Week 1
182548	player	65	NFL	new	Gardner Minshew	Jacoby Brissett agrees to reworked 1-year deal with Cardinals and is likely starter at QB for Week 1
182548	player	33934043	NFL	new	Carson Beck	Jacoby Brissett agrees to reworked 1-year deal with Cardinals and is likely starter at QB for Week 1
182570	player	846	NFL	new	Trey McBride	Cardinals, QB Jacoby Brissett Agree To Revised Deal - NFL Rumors
182570	player	882	NFL	new	Michael Wilson	Cardinals, QB Jacoby Brissett Agree To Revised Deal - NFL Rumors
182570	player	277562	NFL	new	Marvin Harrison Jr .	Cardinals, QB Jacoby Brissett Agree To Revised Deal - NFL Rumors
182570	player	33934347	NFL	new	Jeremiyah Love	Cardinals, QB Jacoby Brissett Agree To Revised Deal - NFL Rumors
182571	player	41	NFL	new	Kyler Murray	Jacoby Brissett agrees to reworked 1-year deal with Cardinals and is likely Week 1 starter
182571	player	65	NFL	new	Gardner Minshew	Jacoby Brissett agrees to reworked 1-year deal with Cardinals and is likely Week 1 starter
182571	player	2014	NFL	new	Budda Baker	Jacoby Brissett agrees to reworked 1-year deal with Cardinals and is likely Week 1 starter
182571	player	33934043	NFL	new	Carson Beck	Jacoby Brissett agrees to reworked 1-year deal with Cardinals and is likely Week 1 starter
182571	team	29	NFL	new	Carolina Panthers	Jacoby Brissett agrees to reworked 1-year deal with Cardinals and is likely Week 1 starter
182572	player	65	NFL	new	Gardner Minshew	Jacoby Brissett agrees to reworked 1-year deal with Cardinals and is likely Week 1 starter
182572	player	2014	NFL	new	Budda Baker	Jacoby Brissett agrees to reworked 1-year deal with Cardinals and is likely Week 1 starter
182572	player	33934043	NFL	new	Carson Beck	Jacoby Brissett agrees to reworked 1-year deal with Cardinals and is likely Week 1 starter
182574	player	18	NFL	new	Jacoby Brissett	Cardinals Football
182576	player	65	NFL	new	Gardner Minshew	Jacoby Brissett Agrees To Reworked One-Year, $15.5M Contract With Cardinals
182576	player	2014	NFL	new	Budda Baker	Jacoby Brissett Agrees To Reworked One-Year, $15.5M Contract With Cardinals
182576	player	33934043	NFL	new	Carson Beck	Jacoby Brissett Agrees To Reworked One-Year, $15.5M Contract With Cardinals
182582	player	65	NFL	new	Gardner Minshew II	Jacoby Brissett, Cardinals Work Out New Contract
182582	player	846	NFL	new	Trey McBride	Jacoby Brissett, Cardinals Work Out New Contract
182582	player	2014	NFL	new	Budda Baker	Jacoby Brissett, Cardinals Work Out New Contract
182582	player	273392	NFL	new	Paris Johnson Jr.	Jacoby Brissett, Cardinals Work Out New Contract
182582	player	33934043	NFL	new	Carson Beck	Jacoby Brissett, Cardinals Work Out New Contract
182584	player	18	NFL	new	Jacoby Brissett	Cardinals OC Nathaniel Hackett goes the extra mile to ruin Jeremiyah Love's rookie season
182584	player	466	NFL	new	James Conner	Cardinals OC Nathaniel Hackett goes the extra mile to ruin Jeremiyah Love's rookie season
182584	player	33934043	NFL	new	Carson Beck	Cardinals OC Nathaniel Hackett goes the extra mile to ruin Jeremiyah Love's rookie season
182590	player	18	NFL	new	Jacoby Brissett	Report: Cardinals, Brissett agree to terms on deal
182594	player	18	NFL	new	Jacoby Brissett	Cards Camp Notebook, Day 4: Jacoby Returns, Offense Comes Alive
182594	player	1435	NFL	new	Dante Stills	Cards Camp Notebook, Day 4: Jacoby Returns, Offense Comes Alive
182594	player	2252	NFL	new	Roy Lopez	Cards Camp Notebook, Day 4: Jacoby Returns, Offense Comes Alive
182594	player	277562	NFL	new	Marvin Harrison Jr.	Cards Camp Notebook, Day 4: Jacoby Returns, Offense Comes Alive
182594	player	280312	NFL	new	Isaiah Adams	Cards Camp Notebook, Day 4: Jacoby Returns, Offense Comes Alive
182594	player	281377	NFL	new	Dadrion Taylor-Demerson	Cards Camp Notebook, Day 4: Jacoby Returns, Offense Comes Alive
182594	player	281658	NFL	new	Darius Robinson	Cards Camp Notebook, Day 4: Jacoby Returns, Offense Comes Alive
182594	player	33934043	NFL	new	Carson Beck	Cards Camp Notebook, Day 4: Jacoby Returns, Offense Comes Alive
182594	player	33934347	NFL	new	Jeremiyah Love	Cards Camp Notebook, Day 4: Jacoby Returns, Offense Comes Alive
182594	player	33935102	NFL	new	Chase Bisontis	Cards Camp Notebook, Day 4: Jacoby Returns, Offense Comes Alive
182601	player	18	NFL	new	Jacoby Brissett	Cardinals Football
182603	player	18	NFL	new	Jacoby Brissett	Arizona Cardinals' latest controversial move shouldn't shut the door on Carson Beck's opportunity
182605	player	273392	NFL	new	Paris Johnson Jr.	Cardinals star Trey McBride’s immediate fired-up reaction to Jacoby Brissett’s raise
182608	player	41	NFL	new	Kyler Murray	Jacoby Brissett agrees to reworked 1-year deal with Cardinals and is likely starter at QB for Week 1
182608	player	65	NFL	new	Gardner Minshew	Jacoby Brissett agrees to reworked 1-year deal with Cardinals and is likely starter at QB for Week 1
182608	player	33934043	NFL	new	Carson Beck	Jacoby Brissett agrees to reworked 1-year deal with Cardinals and is likely starter at QB for Week 1
182610	player	41	NFL	new	Kyler Murray	Cardinals Make Surprising Jacoby Brissett Decision
182610	player	466	NFL	new	James Conner	Cardinals Make Surprising Jacoby Brissett Decision
182610	player	494	NFL	new	Tyler Allgeier	Cardinals Make Surprising Jacoby Brissett Decision
182610	player	277560	NFL	new	Trey Benson	Cardinals Make Surprising Jacoby Brissett Decision
182610	player	33934043	NFL	new	Carson Beck	Cardinals Make Surprising Jacoby Brissett Decision
182610	player	33934347	NFL	new	Jeremiyah Love	Cardinals Make Surprising Jacoby Brissett Decision
182618	player	1155	FOOTBALL	new	James Ward-Prowse	What happened during Rangers vs West Ham United: Starting XI's, new signings impact and injury concern
182618	player	1592	FOOTBALL	new	Jarrod Bowen	What happened during Rangers vs West Ham United: Starting XI's, new signings impact and injury concern
182618	player	20355429	FOOTBALL	new	Ivor Pandur	What happened during Rangers vs West Ham United: Starting XI's, new signings impact and injury concern
182618	player	37625510	FOOTBALL	new	Keiber Lamadrid	What happened during Rangers vs West Ham United: Starting XI's, new signings impact and injury concern
182622	player	7958	FOOTBALL	new	Ben Godfrey	Rangers 'Rolls Royce' applauded for dominant West Ham performance
182622	player	23730717	FOOTBALL	new	Mads Hermansen	Rangers 'Rolls Royce' applauded for dominant West Ham performance
182624	player	109417	FOOTBALL	new	Konstantinos Mavropanos	Rangers end preparations with West Ham stalemate as summer arrival embodies new era hopes
182624	player	23680764	FOOTBALL	new	Dan Neil	Rangers end preparations with West Ham stalemate as summer arrival embodies new era hopes
182625	player	1155	FOOTBALL	new	James Ward-Prowse	West Ham face transfer uncertainty: Three things learned after friendly vs Rangers
182625	player	4659	FOOTBALL	new	Kyle Walker-Peters	West Ham face transfer uncertainty: Three things learned after friendly vs Rangers
182625	player	5252	FOOTBALL	new	Aaron Wan-Bissaka	West Ham face transfer uncertainty: Three things learned after friendly vs Rangers
182625	player	31532	FOOTBALL	new	Niclas Fullkrug	West Ham face transfer uncertainty: Three things learned after friendly vs Rangers
182625	player	186815	FOOTBALL	new	Pablo Fornals	West Ham face transfer uncertainty: Three things learned after friendly vs Rangers
182625	player	524055	FOOTBALL	new	Taty Castellanos	West Ham face transfer uncertainty: Three things learned after friendly vs Rangers
182625	player	37581714	FOOTBALL	new	Oliver Scarles	West Ham face transfer uncertainty: Three things learned after friendly vs Rangers
182630	player	37685630	FOOTBALL	new	El Hadji Malick Diouf	Oliver Scarles needs honest Nuno conversation even though he started vs Rangers - here's why
182630	team	236	FOOTBALL	new	Brentford	Oliver Scarles needs honest Nuno conversation even though he started vs Rangers - here's why
182639	player	5640849	FOOTBALL	new	Mohammed Kudus	Reason Crysencio Summerville chose Saudi Arabia transfer revealed and West Ham fans will love it
182639	player	37593153	FOOTBALL	new	Mateus Fernandes	Reason Crysencio Summerville chose Saudi Arabia transfer revealed and West Ham fans will love it
182639	team	6	FOOTBALL	new	Tottenham Hotspur	Reason Crysencio Summerville chose Saudi Arabia transfer revealed and West Ham fans will love it
182639	team	14	FOOTBALL	new	Manchester United	Reason Crysencio Summerville chose Saudi Arabia transfer revealed and West Ham fans will love it
182639	team	37	FOOTBALL	new	Roma	Reason Crysencio Summerville chose Saudi Arabia transfer revealed and West Ham fans will love it
182645	player	1155	FOOTBALL	new	James Ward-Prowse	Rangers 0-0 West Ham: Hermansen rescues Hammers in frustrating draw
182645	player	7958	FOOTBALL	new	Ben Godfrey	Rangers 0-0 West Ham: Hermansen rescues Hammers in frustrating draw
182645	player	524055	FOOTBALL	new	Taty Castellanos	Rangers 0-0 West Ham: Hermansen rescues Hammers in frustrating draw
182645	player	20355429	FOOTBALL	new	Ivor Pandur	Rangers 0-0 West Ham: Hermansen rescues Hammers in frustrating draw
182645	player	37337029	FOOTBALL	new	Djeidi Gassama	Rangers 0-0 West Ham: Hermansen rescues Hammers in frustrating draw
182645	player	37587573	FOOTBALL	new	Youssef Chermiti	Rangers 0-0 West Ham: Hermansen rescues Hammers in frustrating draw
182650	player	1155	FOOTBALL	new	James Ward-Prowse	Nuno learns three key lessons from West Ham draw at Rangers
182650	player	1592	FOOTBALL	new	Jarrod Bowen	Nuno learns three key lessons from West Ham draw at Rangers
182650	player	524055	FOOTBALL	new	Taty Castellanos	Nuno learns three key lessons from West Ham draw at Rangers
182650	player	9939203	FOOTBALL	new	Crysencio Summerville	Nuno learns three key lessons from West Ham draw at Rangers
182650	player	37259213	FOOTBALL	new	Freddie Potts	Nuno learns three key lessons from West Ham draw at Rangers
182650	player	37544306	FOOTBALL	new	Lewis Orford	Nuno learns three key lessons from West Ham draw at Rangers
182650	player	37546780	FOOTBALL	new	George Earthy	Nuno learns three key lessons from West Ham draw at Rangers
182651	player	7958	FOOTBALL	new	Ben Godfrey	Aasgaard & Devlin 'will be fine for weekend' despite knocks
182651	player	23680764	FOOTBALL	new	Dan Neil	Aasgaard & Devlin 'will be fine for weekend' despite knocks
182663	team	71	FOOTBALL	new	Leeds United	Crysencio Summerville joins Al-Hilal and takes number 38
182664	player	9939203	FOOTBALL	new	Crysencio Summerville	Summerville: My instinct is what led me to Al Hilal
182666	team	19	FOOTBALL	new	Arsenal	Codina on why she joined West Ham project
182674	player	1155	FOOTBALL	new	James Ward-Prowse	West Ham v Rangers player ratings: Pablo awful and Kilman concerns return
182674	player	1592	FOOTBALL	new	Jarrod Bowen	West Ham v Rangers player ratings: Pablo awful and Kilman concerns return
182674	player	4659	FOOTBALL	new	Kyle Walker-Peters	West Ham v Rangers player ratings: Pablo awful and Kilman concerns return
182674	player	23730717	FOOTBALL	new	Mads Hermansen	West Ham v Rangers player ratings: Pablo awful and Kilman concerns return
182674	player	37337029	FOOTBALL	new	Djeidi Gassama	West Ham v Rangers player ratings: Pablo awful and Kilman concerns return
182674	player	37625510	FOOTBALL	new	Keiber Lamadrid	West Ham v Rangers player ratings: Pablo awful and Kilman concerns return
182677	player	1155	FOOTBALL	new	James Ward-Prowse	West Ham face transfer uncertainty: Three things learned after friendly vs Rangers
182677	player	4659	FOOTBALL	new	Kyle Walker-Peters	West Ham face transfer uncertainty: Three things learned after friendly vs Rangers
182677	player	5252	FOOTBALL	new	Aaron Wan-Bissaka	West Ham face transfer uncertainty: Three things learned after friendly vs Rangers
182677	player	31532	FOOTBALL	new	Niclas Fullkrug	West Ham face transfer uncertainty: Three things learned after friendly vs Rangers
182677	player	524055	FOOTBALL	new	Taty Castellanos	West Ham face transfer uncertainty: Three things learned after friendly vs Rangers
182677	player	37602888	FOOTBALL	new	Callum Marshall	West Ham face transfer uncertainty: Three things learned after friendly vs Rangers
182678	player	173121	FOOTBALL	new	Harry Souttar	How West Ham United can get their Axel Disasi replacement for £10m
182678	team	18	FOOTBALL	new	Chelsea	How West Ham United can get their Axel Disasi replacement for £10m
182678	team	21	FOOTBALL	new	Sheffield United	How West Ham United can get their Axel Disasi replacement for £10m
182678	team	42	FOOTBALL	new	Leicester City	How West Ham United can get their Axel Disasi replacement for £10m
182679	player	37672209	FOOTBALL	new	Ezra Mayers	West Ham kids must 'grow up' - Rui Pedro Silva's tough love is what's needed
182679	player	37675130	FOOTBALL	new	Mohamadou Kante	West Ham kids must 'grow up' - Rui Pedro Silva's tough love is what's needed
182684	player	37544805	FOOTBALL	new	Matteo Cancellieri	Celtic Tipped ‘To Step Up Their Interest’ In West Ham Linked Wide Attacker
182688	player	4659	FOOTBALL	new	Kyle Walker-Peters	Ollie Scarles explains how West Ham's relegation might actually be a good thing
182688	player	5252	FOOTBALL	new	Aaron Wan-Bissaka	Ollie Scarles explains how West Ham's relegation might actually be a good thing
182688	player	37685630	FOOTBALL	new	El Hadji Malick Diouf	Ollie Scarles explains how West Ham's relegation might actually be a good thing
182690	player	37685630	FOOTBALL	new	El Hadji Malick Diouf	Oliver Scarles needs honest Nuno conversation even though he started vs Rangers - here's why
182694	player	1155	FOOTBALL	new	James Ward-Prowse	West Ham Still Have Problems To Solve Following Rangers Friendly
182694	player	80655	FOOTBALL	new	Tomas Souček	West Ham Still Have Problems To Solve Following Rangers Friendly
182694	player	9939203	FOOTBALL	new	Crysencio Summerville	West Ham Still Have Problems To Solve Following Rangers Friendly
182694	player	37593153	FOOTBALL	new	Mateus Fernandes	West Ham Still Have Problems To Solve Following Rangers Friendly
182694	player	37625510	FOOTBALL	new	Keiber Lamadrid	West Ham Still Have Problems To Solve Following Rangers Friendly
182694	player	37675130	FOOTBALL	new	Mohamadou Kanté	West Ham Still Have Problems To Solve Following Rangers Friendly
182695	player	220052	FOOTBALL	new	Lucas Paqueta	Latest West Ham transfer target comes with one familiar complication
182695	player	37593153	FOOTBALL	new	Mateus Fernandes	Latest West Ham transfer target comes with one familiar complication
182703	player	1592	FOOTBALL	new	Jarrod Bowen	Transfer fears unfounded because West Ham's XI blows rivals away
182707	player	9939203	FOOTBALL	new	Crysencio Summerville	Summerville’s explanation for Al Hilal move will have West Ham fans howling
182721	player	1887	FOOTBALL	new	Granit Xhaka	'Topic is closed' - Le Bris warns Chelsea off Xhaka pursuit
182721	player	37400423	FOOTBALL	new	Emmanuel Emegha	'Topic is closed' - Le Bris warns Chelsea off Xhaka pursuit
182722	player	982	FOOTBALL	new	John Stones	Iraola already facing injury crisis as star hobbles off in pre-season
182722	player	1453	FOOTBALL	new	Joe Gomez	Iraola already facing injury crisis as star hobbles off in pre-season
182722	player	1743	FOOTBALL	new	Virgil van Dijk	Iraola already facing injury crisis as star hobbles off in pre-season
182722	player	37631909	FOOTBALL	new	Jeremy Jacquet	Iraola already facing injury crisis as star hobbles off in pre-season
182722	player	37685025	FOOTBALL	new	Giovanni Leoni	Iraola already facing injury crisis as star hobbles off in pre-season
182729	player	1887	FOOTBALL	new	Granit Xhaka	Régis Le Bris says Chelsea’s pursuit of Sunderland captain Xhaka is ‘closed’
182733	player	5666460	FOOTBALL	new	Wilson Isidor	A Memorable Season Could Be Yours, Wilson!
182735	team	8	FOOTBALL	new	Liverpool	Matchday Musings: Worthwhile Workout For Sunderland In Nashville
182738	player	1887	FOOTBALL	new	Granit Xhaka	'This topic is closed' - Sunderland boss Le Bris shuts down Xhaka to Chelsea talk
182744	player	1887	FOOTBALL	new	Granit Xhaka	'This topic is closed' – Le Bris adamant Xhaka is staying at Sunderland
182744	team	18	FOOTBALL	new	Chelsea	'This topic is closed' – Le Bris adamant Xhaka is staying at Sunderland
182750	team	71	FOOTBALL	new	Leeds United	Sunderland boss Le Bris takes Liverpool positives after 'dominant' first-half show
182754	player	1453	FOOTBALL	new	Joe Gomez	The ‘worst news’ for Liverpool in Iraola’s first match as they come from behind to beat Sunderland in the US
182769	team	8	FOOTBALL	new	Liverpool	Enzo Le Fée reveals personal Sunderland target and Régis Le Bris position verdict
182774	player	1887	FOOTBALL	new	Granit Xhaka	Update On The Future Of This Sunderland Midfielder: Good Move For Both Parties?
182784	player	1887	FOOTBALL	new	Granit Xhaka	Chelsea sent strong transfer warning by Premier League boss after failed bid
182793	player	1887	FOOTBALL	new	Granit Xhaka	Key Talking Points From Nashville Pre-Season Friendly
182793	player	7026744	FOOTBALL	new	Enzo Le Fee	Key Talking Points From Nashville Pre-Season Friendly
182793	player	37598297	FOOTBALL	new	Chris Rigg	Key Talking Points From Nashville Pre-Season Friendly
182793	player	37651677	FOOTBALL	new	Jenson Jones	Key Talking Points From Nashville Pre-Season Friendly
182801	player	1453	FOOTBALL	new	Joe Gomez	Liverpool handed injury blow in pre-season win over Sunderland as Iraola confirms trio’s upcoming return
182801	player	129836	FOOTBALL	new	Federico Chiesa	Liverpool handed injury blow in pre-season win over Sunderland as Iraola confirms trio’s upcoming return
182801	player	785998	FOOTBALL	new	Dominik Szoboszlai	Liverpool handed injury blow in pre-season win over Sunderland as Iraola confirms trio’s upcoming return
182801	player	5270462	FOOTBALL	new	Ryan Gravenberch	Liverpool handed injury blow in pre-season win over Sunderland as Iraola confirms trio’s upcoming return
182801	player	37657770	FOOTBALL	new	Lewis Koumas	Liverpool handed injury blow in pre-season win over Sunderland as Iraola confirms trio’s upcoming return
182802	player	1887	FOOTBALL	new	Granit Xhaka	Chelsea sent final warning by Premier League rivals over former Arsenal star
182817	team	18	FOOTBALL	new	Chelsea	Tottenham begin tour with victory over Auckland FC in front of record crowd
182821	player	2823228	FOOTBALL	new	Sandro Tonali	Savinho drops big hint that he wants to move to Tottenham Hotspur
182823	team	2930	FOOTBALL	new	Inter Milan	Tottenham transfer needs to be sorted 'within 10 days' amid Arsenal hijack rumours
182825	player	219633	FOOTBALL	new	Richarlison	De Zerbi starts Spurs reign with victory as youngsters shine in front of record New Zealand crowd
182825	player	1494245	FOOTBALL	new	Conor Gallagher	De Zerbi starts Spurs reign with victory as youngsters shine in front of record New Zealand crowd
182825	player	2823228	FOOTBALL	new	Sandro Tonali	De Zerbi starts Spurs reign with victory as youngsters shine in front of record New Zealand crowd
182825	player	24818803	FOOTBALL	new	Jan Paul van Hecke	De Zerbi starts Spurs reign with victory as youngsters shine in front of record New Zealand crowd
182825	player	37259210	FOOTBALL	new	Dane Scarlett	De Zerbi starts Spurs reign with victory as youngsters shine in front of record New Zealand crowd
182825	player	37531504	FOOTBALL	new	Mathys Tel	De Zerbi starts Spurs reign with victory as youngsters shine in front of record New Zealand crowd
182825	player	37593153	FOOTBALL	new	Mateus Fernandes	De Zerbi starts Spurs reign with victory as youngsters shine in front of record New Zealand crowd
182828	player	997	FOOTBALL	new	Harry Kane	Kane out until March with ankle injury
182828	player	4125	FOOTBALL	new	Mohamed Salah	Kane out until March with ankle injury
182828	player	31739	FOOTBALL	new	Pierre-Emerick Aubameyang	Kane out until March with ankle injury
182828	team	8	FOOTBALL	new	Liverpool	Kane out until March with ankle injury
182828	team	14	FOOTBALL	new	Manchester United	Kane out until March with ankle injury
182837	player	6838	FOOTBALL	new	James Maddison	Every word Roberto De Zerbi said on big transfer news, Maddison injury and Williams-Barnett
182837	player	125482	FOOTBALL	new	Manor Solomon	Every word Roberto De Zerbi said on big transfer news, Maddison injury and Williams-Barnett
182837	player	219633	FOOTBALL	new	Richarlison	Every word Roberto De Zerbi said on big transfer news, Maddison injury and Williams-Barnett
182837	player	37259210	FOOTBALL	new	Dane Scarlett	Every word Roberto De Zerbi said on big transfer news, Maddison injury and Williams-Barnett
182837	player	37531504	FOOTBALL	new	Mathys Tel	Every word Roberto De Zerbi said on big transfer news, Maddison injury and Williams-Barnett
182837	player	37581741	FOOTBALL	new	Archie Gray	Every word Roberto De Zerbi said on big transfer news, Maddison injury and Williams-Barnett
182837	player	37593153	FOOTBALL	new	Mateus Fernandes	Every word Roberto De Zerbi said on big transfer news, Maddison injury and Williams-Barnett
182837	player	37728388	FOOTBALL	new	Luca Williams-Barnett	Every word Roberto De Zerbi said on big transfer news, Maddison injury and Williams-Barnett
182840	player	37527169	FOOTBALL	new	Savinho	Tottenham Hotspur Are Ready To Be Patient For This Man City Winger: Good Option For De Zerbi?
182841	player	333731	FOOTBALL	new	Cristian Romero	Arsenal Are Locked In A Three-Way Battle For This Tottenham Hotspur Ace: Good Fit For Arteta?
182846	player	62342	FOOTBALL	new	Youri Tielemans	Manchester United told to sign Tottenham star as new star branded ‘signing of the summer’
182846	player	333731	FOOTBALL	new	Cristian Romero	Manchester United told to sign Tottenham star as new star branded ‘signing of the summer’
182850	team	2930	FOOTBALL	new	Inter Milan	Tottenham told to sacrifice star and keep Djed Spence as starter
182851	player	333797	FOOTBALL	new	Rodrigo Bentancur	Report: Tottenham Hotspur ready to sell midfielder this summer
182851	player	2823228	FOOTBALL	new	Sandro Tonali	Report: Tottenham Hotspur ready to sell midfielder this summer
182851	player	37593153	FOOTBALL	new	Mateus Fernandes	Report: Tottenham Hotspur ready to sell midfielder this summer
182854	player	37581741	FOOTBALL	new	Archie Gray	Mikey Moore praises 'unbelievable' Tottenham wonderkid who caught De Zerbi's eye
182857	team	591	FOOTBALL	new	PSG	Inter Milan working to sign Cristian Romero from Tottenham after 2026 World Cup campaign
182859	team	2930	FOOTBALL	new	Inter Milan	Cristian Romero offered Tottenham escape route as transfer exit talks opened
182860	team	2930	FOOTBALL	new	Inter Milan	Cristian Romero offered Tottenham escape route as transfer exit talks opened
182861	player	6838	FOOTBALL	new	James Maddison	Tottenham told one player they can’t lose as Roberto De Zerbi lays down the law
182861	player	37581741	FOOTBALL	new	Archie Gray	Tottenham told one player they can’t lose as Roberto De Zerbi lays down the law
182861	player	37607151	FOOTBALL	new	Lucas Bergvall	Tottenham told one player they can’t lose as Roberto De Zerbi lays down the law
182864	player	2823228	FOOTBALL	new	Sandro Tonali	Tottenham are in a rush to return to the summit but should not forget value of youth
182864	player	37259210	FOOTBALL	new	Dane Scarlett	Tottenham are in a rush to return to the summit but should not forget value of youth
182864	player	37581741	FOOTBALL	new	Archie Gray	Tottenham are in a rush to return to the summit but should not forget value of youth
182864	player	37593153	FOOTBALL	new	Mateus Fernandes	Tottenham are in a rush to return to the summit but should not forget value of youth
182864	player	37651099	FOOTBALL	new	Mikey Moore	Tottenham are in a rush to return to the summit but should not forget value of youth
182864	player	37728388	FOOTBALL	new	Luca Williams-Barnett	Tottenham are in a rush to return to the summit but should not forget value of youth
182865	team	83	FOOTBALL	new	Barcelona	Arsenal and Chelsea linked with shock swoop for wantaway Tottenham star
182865	team	2930	FOOTBALL	new	Inter Milan	Arsenal and Chelsea linked with shock swoop for wantaway Tottenham star
182865	team	7980	FOOTBALL	new	Atletico Madrid	Arsenal and Chelsea linked with shock swoop for wantaway Tottenham star
182866	player	219633	FOOTBALL	new	Richarlison	Roberto De Zerbi prioritises fitness as Tottenham Hotspur beat Auckland
182866	player	333989	FOOTBALL	new	Marcos Senesi	Roberto De Zerbi prioritises fitness as Tottenham Hotspur beat Auckland
182866	player	2823228	FOOTBALL	new	Sandro Tonali	Roberto De Zerbi prioritises fitness as Tottenham Hotspur beat Auckland
182866	player	24818803	FOOTBALL	new	Jan Paul van Hecke	Roberto De Zerbi prioritises fitness as Tottenham Hotspur beat Auckland
182866	player	37259210	FOOTBALL	new	Dane Scarlett	Roberto De Zerbi prioritises fitness as Tottenham Hotspur beat Auckland
182866	player	37531504	FOOTBALL	new	Mathys Tel	Roberto De Zerbi prioritises fitness as Tottenham Hotspur beat Auckland
182866	player	37593153	FOOTBALL	new	Mateus Fernandes	Roberto De Zerbi prioritises fitness as Tottenham Hotspur beat Auckland
182868	team	625	FOOTBALL	new	Juventus	Tottenham interest in Moise Kean with Roberto De Zerbi influence
182872	player	1453	FOOTBALL	new	Joe Gomez	Spurs down Auckland FC before record New Zealand crowd
182872	player	125482	FOOTBALL	new	Manor Solomon	Spurs down Auckland FC before record New Zealand crowd
182872	player	219633	FOOTBALL	new	Richarlison	Spurs down Auckland FC before record New Zealand crowd
182872	player	2823228	FOOTBALL	new	Sandro Tonali	Spurs down Auckland FC before record New Zealand crowd
182872	player	24818803	FOOTBALL	new	Jan Paul van Hecke	Spurs down Auckland FC before record New Zealand crowd
182872	player	37259210	FOOTBALL	new	Dane Scarlett	Spurs down Auckland FC before record New Zealand crowd
182872	player	37593153	FOOTBALL	new	Mateus Fernandes	Spurs down Auckland FC before record New Zealand crowd
182872	player	37631909	FOOTBALL	new	Jeremy Jacquet	Spurs down Auckland FC before record New Zealand crowd
182883	player	6838	FOOTBALL	new	James Maddison	De Zerbi explains Spurs absences in pre-season friendly win – and discusses future of youngster
182883	player	219633	FOOTBALL	new	Richarlison	De Zerbi explains Spurs absences in pre-season friendly win – and discusses future of youngster
182883	player	32777506	FOOTBALL	new	Destiny Udogie	De Zerbi explains Spurs absences in pre-season friendly win – and discusses future of youngster
182883	player	37259210	FOOTBALL	new	Dane Scarlett	De Zerbi explains Spurs absences in pre-season friendly win – and discusses future of youngster
182883	player	37651099	FOOTBALL	new	Mikey Moore	De Zerbi explains Spurs absences in pre-season friendly win – and discusses future of youngster
182885	team	625	FOOTBALL	new	Juventus	Fenerbahce monitor Richarlison as Tottenham ‘to invite’ cut-price summer offers
182889	player	37259210	FOOTBALL	new	Dane Scarlett	Auckland FC 0-2 Tottenham: Scarlett and Richarlison secure tour win
182893	team	20	FOOTBALL	new	Newcastle United	Meet the Parents of Tottenham Hotspur’s Midfield Maestro Sandro Tonali: Giandomenico Tonali and Mariarosa Crivellari
182896	player	125482	FOOTBALL	new	Manor Solomon	New players get chance to shine as Auckland FC and Spurs set crowd record
182896	player	219633	FOOTBALL	new	Richarlison	New players get chance to shine as Auckland FC and Spurs set crowd record
182896	player	540476	FOOTBALL	new	Brandon Austin	New players get chance to shine as Auckland FC and Spurs set crowd record
182896	player	37259210	FOOTBALL	new	Dane Scarlett	New players get chance to shine as Auckland FC and Spurs set crowd record
182903	player	333731	FOOTBALL	new	Cristian Romero	Italian giant prepares official offer: Argentina star closes in on Serie A return
182909	player	459145	FOOTBALL	new	Bruno Guimaraes	Newcastle should accelerate Archie Gray plan as superb pre-season stats emerge
182929	player	34053	FOOTBALL	new	Alexander Isak	Watch: Gravenberch, Isak and Wirtz get to work in Liverpool's Sunday session
182929	player	5270462	FOOTBALL	new	Ryan Gravenberch	Watch: Gravenberch, Isak and Wirtz get to work in Liverpool's Sunday session
182929	player	37429246	FOOTBALL	new	Florian Wirtz	Watch: Gravenberch, Isak and Wirtz get to work in Liverpool's Sunday session
182934	player	4125	FOOTBALL	new	Mohamed Salah	Federico Chiesa: Liverpool star reveals transfer latest amid uncertain future
182934	player	37595819	FOOTBALL	new	Victor Munoz	Federico Chiesa: Liverpool star reveals transfer latest amid uncertain future
182934	player	37922937	FOOTBALL	new	Yan Diomande	Federico Chiesa: Liverpool star reveals transfer latest amid uncertain future
182934	team	3468	FOOTBALL	new	Real Madrid	Federico Chiesa: Liverpool star reveals transfer latest amid uncertain future
182943	player	4125	FOOTBALL	new	Mohamed Salah	Romano reveals Barcola has reached decision on joining Liverpool as Reds ‘lead race’
182943	player	37317369	FOOTBALL	new	Bradley Barcola	Romano reveals Barcola has reached decision on joining Liverpool as Reds ‘lead race’
182943	player	37595819	FOOTBALL	new	Victor Munoz	Romano reveals Barcola has reached decision on joining Liverpool as Reds ‘lead race’
182943	team	591	FOOTBALL	new	PSG	Romano reveals Barcola has reached decision on joining Liverpool as Reds ‘lead race’
182951	player	129836	FOOTBALL	new	Federico Chiesa	Liverpool man ready for 'fresh start' as he reveals feelings on next season
182951	player	37317369	FOOTBALL	new	Bradley Barcola	Liverpool man ready for 'fresh start' as he reveals feelings on next season
182951	player	37595819	FOOTBALL	new	Victor Munoz	Liverpool man ready for 'fresh start' as he reveals feelings on next season
182954	player	37317369	FOOTBALL	new	Bradley Barcola	PSG price tag revealed as Barcola’s priority is Liverpool
182957	player	14685650	FOOTBALL	new	Giorgi Mamardashvili	It’s official: Liverpool confirm new arrival at Anfield after recent exit from Serie A giants
182959	team	591	FOOTBALL	new	PSG	Bradley Barcola makes decision on Arsenal and Liverpool transfer interest
182965	player	37600791	FOOTBALL	new	Armin Pecsi	Liverpool youngster set to leave on loan
182967	player	37317369	FOOTBALL	new	Bradley Barcola	Liverpool make move for £140m-rated World Cup star
182967	team	591	FOOTBALL	new	PSG	Liverpool make move for £140m-rated World Cup star
182969	player	1453	FOOTBALL	new	Joe Gomez	Gomez injury overshadows winning start for Iraola
182969	player	129836	FOOTBALL	new	Federico Chiesa	Gomez injury overshadows winning start for Iraola
182969	player	785998	FOOTBALL	new	Dominik Szoboszlai	Gomez injury overshadows winning start for Iraola
182969	player	7026744	FOOTBALL	new	Enzo le Fee	Gomez injury overshadows winning start for Iraola
182969	player	23269836	FOOTBALL	new	Harvey Elliott	Gomez injury overshadows winning start for Iraola
182969	player	37657770	FOOTBALL	new	Lewis Koumas	Gomez injury overshadows winning start for Iraola
182969	player	37661364	FOOTBALL	new	Kieran Morrison	Gomez injury overshadows winning start for Iraola
182969	team	3	FOOTBALL	new	Sunderland	Gomez injury overshadows winning start for Iraola
182971	player	37600791	FOOTBALL	new	Armin Pecsi	Liverpool appoint Alejandro Rosalen as new first-team goalkeeping coach
182982	player	37682555	FOOTBALL	new	Amara Nallo	Report: European club ‘closing in’ on move for Liverpool defender with ‘outstanding’ mentality
182987	player	6013424	FOOTBALL	new	Darwin Nunez	Mohamed Salah strikes ‘agreement’ with next club as ex-Liverpool striker could join him
182987	team	18	FOOTBALL	new	Chelsea	Mohamed Salah strikes ‘agreement’ with next club as ex-Liverpool striker could join him
182987	team	19	FOOTBALL	new	Arsenal	Mohamed Salah strikes ‘agreement’ with next club as ex-Liverpool striker could join him
182991	player	37317369	FOOTBALL	new	Bradley Barcola	Bombshell: Fabrizio Romano confirms €170m Liverpool talks
182991	team	591	FOOTBALL	new	Paris Saint-Germain	Bombshell: Fabrizio Romano confirms €170m Liverpool talks
182996	team	3	FOOTBALL	new	Sunderland	'The worst news' - Joe Gomez forced off injured as Iraola gives bleak update
183002	team	591	FOOTBALL	new	Paris Saint Germain	‘Confirmed’ – Fabrizio Romano drops breaking news on Bradley Barcola to Liverpool
183005	player	4357	FOOTBALL	new	Freddie Woodman	Seven transfers Liverpool can complete this week after big weekend developments
183005	player	14685650	FOOTBALL	new	Giorgi Mamardashvili	Seven transfers Liverpool can complete this week after big weekend developments
183005	player	23269836	FOOTBALL	new	Harvey Elliott	Seven transfers Liverpool can complete this week after big weekend developments
183005	player	37317369	FOOTBALL	new	Bradley Barcola	Seven transfers Liverpool can complete this week after big weekend developments
183005	player	37565677	FOOTBALL	new	Stefan Bajcetic	Seven transfers Liverpool can complete this week after big weekend developments
183005	player	37595819	FOOTBALL	new	Victor Munoz	Seven transfers Liverpool can complete this week after big weekend developments
183005	player	37709599	FOOTBALL	new	Said El Mala	Seven transfers Liverpool can complete this week after big weekend developments
183005	player	37922937	FOOTBALL	new	Yan Diomande	Seven transfers Liverpool can complete this week after big weekend developments
183012	team	591	FOOTBALL	new	Paris Saint-Germain	‘Watch that one…’ – Liverpool journalist not ruling out Reds swoop for ‘interesting name’
183014	player	1453	FOOTBALL	new	Joe Gomez	Kostas Tsimikas: Wearing the captain's armband was an honour beyond words
183014	team	3	FOOTBALL	new	Sunderland	Kostas Tsimikas: Wearing the captain's armband was an honour beyond words
183020	team	3468	FOOTBALL	new	Real Madrid	Perfect tour for English Premier League tragics
183023	player	496775	FOOTBALL	new	Pedro Neto	Manchester City are facing frustration in their hunt for a winger, but that could change quickly
183023	player	23661272	FOOTBALL	new	Iliman Ndiaye	Manchester City are facing frustration in their hunt for a winger, but that could change quickly
183023	player	37726575	FOOTBALL	new	Ibrahim Mbaye	Manchester City are facing frustration in their hunt for a winger, but that could change quickly
183029	player	73147	FOOTBALL	new	Mateo Kovacic	Updated Manchester City contract expiry dates as Abdukodir Khusanov extends until 2031
183029	player	154421	FOOTBALL	new	Erling Haaland	Updated Manchester City contract expiry dates as Abdukodir Khusanov extends until 2031
183029	player	186910	FOOTBALL	new	Rodri	Updated Manchester City contract expiry dates as Abdukodir Khusanov extends until 2031
183029	player	336133	FOOTBALL	new	Phil Foden	Updated Manchester City contract expiry dates as Abdukodir Khusanov extends until 2031
183029	player	23697990	FOOTBALL	new	Jeremy Doku	Updated Manchester City contract expiry dates as Abdukodir Khusanov extends until 2031
183029	player	24838191	FOOTBALL	new	Josko Gvardiol	Updated Manchester City contract expiry dates as Abdukodir Khusanov extends until 2031
183032	player	23697990	FOOTBALL	new	Jeremy Doku	Enzo Maresca reveals he made personal phone call to Phil Foden after England World Cup snub
183034	player	24838191	FOOTBALL	new	Josko Gvardiol	Manchester City defender to sign long-term contract on Monday to rebuff Real Madrid interest
183035	team	83	FOOTBALL	new	Barcelona	Manchester Day magic as giants, dancers and gnomes bring sunshine to city streets
183038	player	496775	FOOTBALL	new	Pedro Neto	Manchester City Are In The Mix To Recruit This Chelsea Winger: Should Maresca Go For Him?
183039	team	18	FOOTBALL	new	Chelsea	Manchester City add Pedro Neto to winger shortlist
183040	player	154421	FOOTBALL	new	Erling Haaland	Revealed: Manchester City’s FPL prices for the 2026-27 season
183040	team	52	FOOTBALL	new	Bournemouth	Revealed: Manchester City’s FPL prices for the 2026-27 season
183042	team	19	FOOTBALL	new	Arsenal	Man United nearing double Man City academy swoop following behind-the-scenes reshuffle
183044	player	336133	FOOTBALL	new	Phil Foden	Manchester City Reward Khusanov With Long-Term Contract Extension
183044	player	37623459	FOOTBALL	new	Abdukodir Khusanov	Manchester City Reward Khusanov With Long-Term Contract Extension
183044	team	271	FOOTBALL	new	Lens	Manchester City Reward Khusanov With Long-Term Contract Extension
183045	player	982	FOOTBALL	new	John Stones	Juventus Step Up Transfer Pursuit of Former Manchester City Star
183046	team	63	FOOTBALL	new	Nottingham Forest	Elliot Anderson’s message to Manchester City fans in first interview since World Cup heartbreak
183047	player	29709995	FOOTBALL	new	Enzo Fernandez	Enzo Maresca keen on double Manchester City raid on Chelsea after Elliot Anderson acquisition
183047	player	37317367	FOOTBALL	new	Malo Gusto	Enzo Maresca keen on double Manchester City raid on Chelsea after Elliot Anderson acquisition
183051	team	591	FOOTBALL	new	PSG	Rodri to Real Madrid hijacked by two European giants as ‘agreement’ reached
183069	team	625	FOOTBALL	new	Juventus	John Stones 'in free transfer talks with former Champions League winners'
183078	team	13	FOOTBALL	new	Everton	Enzo Maresca continues to keep Man City door open for Jack Grealish return
183084	team	18	FOOTBALL	new	Chelsea	The Full Implications of Alejandro Garnacho to Aston Villa: Should Fans Be Concerned?
183084	team	19	FOOTBALL	new	Arsenal	The Full Implications of Alejandro Garnacho to Aston Villa: Should Fans Be Concerned?
183089	team	83	FOOTBALL	new	Barcelona	All you need to know about Manchester Day 2026
183090	player	982	FOOTBALL	new	John Stones	Report Stones targeted by Juventus for genuine proposal
183096	player	186910	FOOTBALL	new	Rodri	Man City star rejects new contract offers
183096	team	19	FOOTBALL	new	Arsenal	Man City star rejects new contract offers
183096	team	52	FOOTBALL	new	Bournemouth	Man City star rejects new contract offers
183096	team	2930	FOOTBALL	new	Inter Milan	Man City star rejects new contract offers
183096	team	3468	FOOTBALL	new	Real Madrid	Man City star rejects new contract offers
183105	team	6	FOOTBALL	new	Tottenham Hotspur	Transfer rumors, news: Real Madrid close in on Ivorian star Yan Diomande
183105	team	18	FOOTBALL	new	Chelsea	Transfer rumors, news: Real Madrid close in on Ivorian star Yan Diomande
183105	team	19	FOOTBALL	new	Arsenal	Transfer rumors, news: Real Madrid close in on Ivorian star Yan Diomande
183105	team	37	FOOTBALL	new	AS Roma	Transfer rumors, news: Real Madrid close in on Ivorian star Yan Diomande
183105	team	83	FOOTBALL	new	Barcelona	Transfer rumors, news: Real Madrid close in on Ivorian star Yan Diomande
183105	team	625	FOOTBALL	new	Juventus	Transfer rumors, news: Real Madrid close in on Ivorian star Yan Diomande
183105	team	2930	FOOTBALL	new	Inter Milan	Transfer rumors, news: Real Madrid close in on Ivorian star Yan Diomande
183112	player	4592198	FOOTBALL	new	Morgan Rogers	Chelsea news: Gittens ready to play for 'world-class midfielder' Alonso
183115	player	496775	FOOTBALL	new	Pedro Neto	Chelsea directors agree that winger is not “untouchable” as Man City prepare to step up interest
183118	player	3189	FOOTBALL	new	SAM MORSY	GRUP A KADRO TANITIMI
183118	player	4125	FOOTBALL	new	MOHAMED SALAH	GRUP A KADRO TANITIMI
183119	team	65	FOOTBALL	new	Southampton	James Morrison says West Brom working hard on signings, ‘clearly we need’ a right-back
183121	player	31625938	FOOTBALL	new	Radek Vítek	SUFC News: United's rivals 'interested' in goalkeeper as West Brom 'work' on deal
183128	team	65	FOOTBALL	new	Southampton	James Morrison outlines West Brom transfer push and right-back need
183129	team	65	FOOTBALL	new	Southampton	West Brom step up search for new right-back as Morrison confirms transfer plans
183145	player	2225	FOOTBALL	new	Nathaniel Chalobah	Sheffield Wednesday must seal no-brainer deal for ex-West Brom player
183153	player	105	FOOTBALL	new	Scott Carson	Drogba strikes as Chelsea go top
183156	team	15	FOOTBALL	new	Aston Villa	This L'Oréal moisturiser promises plumper skin in just one hour
183163	team	3468	FOOTBALL	new	Real Madrid	Fulham leading Mastantuono loan race
183164	team	18	FOOTBALL	new	Chelsea	Who won the local elections in Hammersmith and Fulham?
183168	player	6518	FOOTBALL	new	Hamza Choudhury	Farhan Ali Wahid makes Fulham debut in preseason friendly
183174	team	14	FOOTBALL	new	Manchester United	Antonee Robinson "can do everything" as Premier League giants continue to circle - x
183179	team	6	FOOTBALL	new	Tottenham	Leeds United will still be in relegation battle no matter who they sign, warns title winner
183183	player	37922937	FOOTBALL	new	Yan Diomande	Mourinho responds to Gonzalo Garcia interest as Fulham plot 'significant' move
183183	team	3468	FOOTBALL	new	Real Madrid	Mourinho responds to Gonzalo Garcia interest as Fulham plot 'significant' move
183186	player	37317369	FOOTBALL	new	Bradley Barcola	Fulham Ready to Splash Big on Real Forward Garcia
183186	player	37593253	FOOTBALL	new	Gonzalo Garcia	Fulham Ready to Splash Big on Real Forward Garcia
183186	team	8	FOOTBALL	new	Liverpool	Fulham Ready to Splash Big on Real Forward Garcia
183186	team	14	FOOTBALL	new	Manchester United	Fulham Ready to Splash Big on Real Forward Garcia
183186	team	83	FOOTBALL	new	Barcelona	Fulham Ready to Splash Big on Real Forward Garcia
183186	team	3468	FOOTBALL	new	Real Madrid	Fulham Ready to Splash Big on Real Forward Garcia
183194	player	37593253	FOOTBALL	new	Gonzalo García	Arbeloa wants to steal a player from Real Madrid
183197	player	74060	FOOTBALL	new	Dani Olmo	Spain and Argentina war of words takes twist as new evidence offered to FIFA investigation
183198	player	518749	FOOTBALL	new	Flynn Downes	Saints are right to make three suitors sweat over one price tag
183198	player	37442672	FOOTBALL	new	Shea Charles	Saints are right to make three suitors sweat over one price tag
183198	team	9	FOOTBALL	new	Manchester City	Saints are right to make three suitors sweat over one price tag
183198	team	14	FOOTBALL	new	Manchester United	Saints are right to make three suitors sweat over one price tag
183198	team	51	FOOTBALL	new	Crystal Palace	Saints are right to make three suitors sweat over one price tag
183198	team	71	FOOTBALL	new	Leeds United	Saints are right to make three suitors sweat over one price tag
183202	team	591	FOOTBALL	new	Paris Saint-Germain	Bradley Barcola 'makes decision on £145m Liverpool transfer' after Reds hold talks
183209	player	1116	FOOTBALL	new	Jack Grealish	Monday’s Everton News: Ndiaye rumours, Rohl talks position, Eredivisie top scorer interest
183209	player	4536524	FOOTBALL	new	James Garner	Monday’s Everton News: Ndiaye rumours, Rohl talks position, Eredivisie top scorer interest
183209	player	32404895	FOOTBALL	new	Jarrad Branthwaite	Monday’s Everton News: Ndiaye rumours, Rohl talks position, Eredivisie top scorer interest
183209	player	37266009	FOOTBALL	new	Merlin Rohl	Monday’s Everton News: Ndiaye rumours, Rohl talks position, Eredivisie top scorer interest
183209	team	236	FOOTBALL	new	Brentford	Monday’s Everton News: Ndiaye rumours, Rohl talks position, Eredivisie top scorer interest
183213	player	4536524	FOOTBALL	new	James Garner	Hayden Hackney's Everton journey set to start at the perfect time after midfield losses
183216	player	537316	FOOTBALL	new	Zian Flemming	Everton Consider Move For This 25-Year-Old Forward: Does He Fit Into Moyes’ Tactics?
183216	team	27	FOOTBALL	new	Burnley	Everton Consider Move For This 25-Year-Old Forward: Does He Fit Into Moyes’ Tactics?
183217	player	23661272	FOOTBALL	new	Iliman Ndiaye	Everton in talks with Al Hilal over Ndiaye sale
183221	player	4536524	FOOTBALL	new	James Garner	Everton news: Garner recovering from groin surgery as Everton draw at Bolton
183225	team	9	FOOTBALL	new	Manchester City	Aston Villa's Garnacho move offers Everton key Grealish boost
183225	team	18	FOOTBALL	new	Chelsea	Aston Villa's Garnacho move offers Everton key Grealish boost
183230	team	1	FOOTBALL	new	West Ham United	Al Hilal open talks with Premier League and World Cup star after Crysencio Summerville signing
183238	player	34455209	FOOTBALL	new	Jonathan Rowe	Everton join race for Bologna winger Rowe but face €45m demand
183240	player	262274	FOOTBALL	new	Jack Harrison	Ex Gatorade National Player of the Year returns to MA with the Revs
183240	team	9	FOOTBALL	new	Manchester City	Ex Gatorade National Player of the Year returns to MA with the Revs
183240	team	11	FOOTBALL	new	Fulham	Ex Gatorade National Player of the Year returns to MA with the Revs
183240	team	71	FOOTBALL	new	Leeds United	Ex Gatorade National Player of the Year returns to MA with the Revs
183240	team	109	FOOTBALL	new	Fiorentina	Ex Gatorade National Player of the Year returns to MA with the Revs
183245	player	37459070	FOOTBALL	new	Brooke Norton-Cuffy	Latest Update On 22-Year-Old Right-Back To Everton: Is It A Setback?
183245	team	102	FOOTBALL	new	Genoa	Latest Update On 22-Year-Old Right-Back To Everton: Is It A Setback?
183246	team	277	FOOTBALL	new	RB Leipzig	Yan Diomande deal 'done' as Liverpool handed transfer update on winger
183246	team	3468	FOOTBALL	new	Real Madrid	Yan Diomande deal 'done' as Liverpool handed transfer update on winger
183257	player	4536524	FOOTBALL	new	James Garner	Injury blow for Everton star as trio’s absences in friendly draw are explained
183257	player	37561126	FOOTBALL	new	Tyler Dibling	Injury blow for Everton star as trio’s absences in friendly draw are explained
183293	player	9939203	FOOTBALL	new	Crysencio Summerville	Al-Hilal open talks to sign Iliman Ndiaye from Everton as player stance shared
183294	player	21773178	FOOTBALL	new	Beto	What we know as details of Everton offer for Ayase Ueda emerge
183294	team	63	FOOTBALL	new	Nottingham Forest	What we know as details of Everton offer for Ayase Ueda emerge
183297	player	4536524	FOOTBALL	new	James Garner	How Everton midfield crisis directly harms Harrison Armstrong's development
183297	player	37266009	FOOTBALL	new	Merlin Rohl	How Everton midfield crisis directly harms Harrison Armstrong's development
183297	player	37592037	FOOTBALL	new	Tyrique George	How Everton midfield crisis directly harms Harrison Armstrong's development
183300	player	537758	FOOTBALL	new	Donyell Malen	Two reasons why Everton's slow transfer window should not cause panic yet
183300	player	37266009	FOOTBALL	new	Merlin Rohl	Two reasons why Everton's slow transfer window should not cause panic yet
183300	player	37590699	FOOTBALL	new	Daniele Ghilardi	Two reasons why Everton's slow transfer window should not cause panic yet
183300	player	37592037	FOOTBALL	new	Tyrique George	Two reasons why Everton's slow transfer window should not cause panic yet
183300	team	8	FOOTBALL	new	Liverpool	Two reasons why Everton's slow transfer window should not cause panic yet
183300	team	9	FOOTBALL	new	Manchester City	Two reasons why Everton's slow transfer window should not cause panic yet
183300	team	18	FOOTBALL	new	Chelsea	Two reasons why Everton's slow transfer window should not cause panic yet
183300	team	37	FOOTBALL	new	AS Roma	Two reasons why Everton's slow transfer window should not cause panic yet
183300	team	116	FOOTBALL	new	Ipswich Town	Two reasons why Everton's slow transfer window should not cause panic yet
183303	player	9605680	FOOTBALL	new	Joshua Zirkzee	Everton have perfect chance to sign talented Man United star as he’s now expected to leave
183304	player	537316	FOOTBALL	new	Zian Flemming	Everton Consider Move For This 25-Year-Old Forward: Does He Fit Into Moyes’ Tactics?
183304	team	27	FOOTBALL	new	Burnley	Everton Consider Move For This 25-Year-Old Forward: Does He Fit Into Moyes’ Tactics?
183309	team	18	FOOTBALL	new	Chelsea	Man Utd news: Manu Kone agreement reached as player requests Old Trafford move
183309	team	37	FOOTBALL	new	Roma	Man Utd news: Manu Kone agreement reached as player requests Old Trafford move
183309	team	3468	FOOTBALL	new	Real Madrid	Man Utd news: Manu Kone agreement reached as player requests Old Trafford move
183311	team	1	FOOTBALL	new	West Ham United	Summer transfer window 2026: Every Premier League done deal
183311	team	3	FOOTBALL	new	Sunderland	Summer transfer window 2026: Every Premier League done deal
183311	team	6	FOOTBALL	new	Tottenham Hotspur	Summer transfer window 2026: Every Premier League done deal
183311	team	8	FOOTBALL	new	Liverpool	Summer transfer window 2026: Every Premier League done deal
183311	team	15	FOOTBALL	new	Aston Villa	Summer transfer window 2026: Every Premier League done deal
183311	team	18	FOOTBALL	new	Chelsea	Summer transfer window 2026: Every Premier League done deal
183311	team	19	FOOTBALL	new	Arsenal	Summer transfer window 2026: Every Premier League done deal
183311	team	27	FOOTBALL	new	Burnley	Summer transfer window 2026: Every Premier League done deal
183311	team	71	FOOTBALL	new	Leeds United	Summer transfer window 2026: Every Premier League done deal
183312	player	37588823	FOOTBALL	new	Carlos Baleba	Man United latest: Manu Kone strikes 'agreement' as target requests transfer
183312	team	37	FOOTBALL	new	Roma	Man United latest: Manu Kone strikes 'agreement' as target requests transfer
183319	player	955	FOOTBALL	new	Luke Shaw	I was banished from Man United pre-season training – I made a mistake and the boss was right
183322	team	277	FOOTBALL	new	RB Leipzig	Yan Diomande transfer agreement could give green light to vital Man United deal
183322	team	3468	FOOTBALL	new	Real Madrid	Yan Diomande transfer agreement could give green light to vital Man United deal
183327	player	129602	FOOTBALL	new	Bruno Fernandes	Manchester United 26-27 Third Kit - Close-Up Images
183327	player	455376	FOOTBALL	new	Scott McTominay	Manchester United 26-27 Third Kit - Close-Up Images
183330	player	9605680	FOOTBALL	new	Joshua Zirkzee	How Man Utd can have perfect transfer window with three more signings and Marcus Rashford leading exits
183333	player	2884	FOOTBALL	new	Harry Maguire	Maguire trains as Robson attends session
183335	team	15	FOOTBALL	new	Aston Villa	Marcus Rashford told he must make Man United statement and accept new role
183335	team	83	FOOTBALL	new	Barcelona	Marcus Rashford told he must make Man United statement and accept new role
183339	player	1248	FOOTBALL	new	Odion Ighalo	Man United can pull off transfer masterstroke by reviving much criticised striker plan
183339	player	12145	FOOTBALL	new	Ollie Watkins	Man United can pull off transfer masterstroke by reviving much criticised striker plan
183339	player	31000	FOOTBALL	new	Robert Lewandowski	Man United can pull off transfer masterstroke by reviving much criticised striker plan
183339	player	96088	FOOTBALL	new	Edinson Cavani	Man United can pull off transfer masterstroke by reviving much criticised striker plan
183339	player	9605680	FOOTBALL	new	Joshua Zirkzee	Man United can pull off transfer masterstroke by reviving much criticised striker plan
183339	player	24818280	FOOTBALL	new	Benjamin Sesko	Man United can pull off transfer masterstroke by reviving much criticised striker plan
183339	player	37723663	FOOTBALL	new	Chido Obi	Man United can pull off transfer masterstroke by reviving much criticised striker plan
183342	team	15	FOOTBALL	new	Aston Villa	Jadon Sancho finally receives shock contract offer months after Man Utd exit
183342	team	18	FOOTBALL	new	Chelsea	Jadon Sancho finally receives shock contract offer months after Man Utd exit
183342	team	68	FOOTBALL	new	Borussia Dortmund	Jadon Sancho finally receives shock contract offer months after Man Utd exit
183343	team	3468	FOOTBALL	new	Real Madrid	£68m Aurelien Tchouameni to Man Utd deal on amid triple boost
183345	player	62342	FOOTBALL	new	Youri Tielemans	Manchester United pre-season update: Transfers, injuries and Marcus Rashford's situation
183345	player	5270371	FOOTBALL	new	Aurelien Tchouameni	Manchester United pre-season update: Transfers, injuries and Marcus Rashford's situation
183345	player	24818280	FOOTBALL	new	Benjamin Sesko	Manchester United pre-season update: Transfers, injuries and Marcus Rashford's situation
183345	player	31625938	FOOTBALL	new	Radek Vitek	Manchester United pre-season update: Transfers, injuries and Marcus Rashford's situation
183345	player	37459072	FOOTBALL	new	Lewis Hall	Manchester United pre-season update: Transfers, injuries and Marcus Rashford's situation
183345	player	37540234	FOOTBALL	new	Kobbie Mainoo	Manchester United pre-season update: Transfers, injuries and Marcus Rashford's situation
183345	player	37562129	FOOTBALL	new	Andrey Santos	Manchester United pre-season update: Transfers, injuries and Marcus Rashford's situation
183356	player	1878	FOOTBALL	new	Marcus Rashford	Transfer news LIVE: Vini Jr to Arsenal latest, Man Utd's Manu Kone move, Yan Diomande deal
183356	player	600687	FOOTBALL	new	Vinicius Jr	Transfer news LIVE: Vini Jr to Arsenal latest, Man Utd's Manu Kone move, Yan Diomande deal
183356	player	37317369	FOOTBALL	new	Bradley Barcola	Transfer news LIVE: Vini Jr to Arsenal latest, Man Utd's Manu Kone move, Yan Diomande deal
183356	team	8	FOOTBALL	new	Liverpool	Transfer news LIVE: Vini Jr to Arsenal latest, Man Utd's Manu Kone move, Yan Diomande deal
183361	player	23738800	FOOTBALL	new	Manu Koné	Report: Man United explore option of using Rashford in swap deal for midfield signing
183365	team	9	FOOTBALL	new	Manchester City	Manchester United plotting bold move behind the scenes to raid Liverpool
183367	player	5270371	FOOTBALL	new	Aurelien Tchouameni	Manchester United preparing blockbuster €80 million move for World Cup semi-finalist
183367	team	3468	FOOTBALL	new	Real Madrid	Manchester United preparing blockbuster €80 million move for World Cup semi-finalist
183368	player	1878	FOOTBALL	new	Marcus Rashford	Man Utd make Kone 'offer' in £26m 'solution' to decrease £51m asking price
183368	player	23738800	FOOTBALL	new	Manu Kone	Man Utd make Kone 'offer' in £26m 'solution' to decrease £51m asking price
183369	team	113	FOOTBALL	new	AC Milan	Sources: Chelsea join top clubs in the race to sign ‘superb’ Barcelona player
183371	player	23738800	FOOTBALL	new	Manu Kone	Fabrizio Romano reveals Man United’s “concrete conversations” with agents of €50m star
183372	player	34455209	FOOTBALL	new	Jonathan Rowe	Manchester United Have Set Their Sights On This Serie A Winger: Should Carrick Move In For Him?
183374	team	37	FOOTBALL	new	Roma	Man Utd Approaching Now-or-Never Territory With Manu Kone Transfer
183377	team	1	FOOTBALL	new	West Ham United	Revealed: The top 10 most expensive Premier League signings of all time adjusted for inflation
183377	team	8	FOOTBALL	new	Liverpool	Revealed: The top 10 most expensive Premier League signings of all time adjusted for inflation
183377	team	9	FOOTBALL	new	Manchester City	Revealed: The top 10 most expensive Premier League signings of all time adjusted for inflation
183377	team	15	FOOTBALL	new	Aston Villa	Revealed: The top 10 most expensive Premier League signings of all time adjusted for inflation
183377	team	18	FOOTBALL	new	Chelsea	Revealed: The top 10 most expensive Premier League signings of all time adjusted for inflation
183377	team	19	FOOTBALL	new	Arsenal	Revealed: The top 10 most expensive Premier League signings of all time adjusted for inflation
183377	team	43	FOOTBALL	new	Lazio	Revealed: The top 10 most expensive Premier League signings of all time adjusted for inflation
183377	team	63	FOOTBALL	new	Nottingham Forest	Revealed: The top 10 most expensive Premier League signings of all time adjusted for inflation
183377	team	71	FOOTBALL	new	Leeds United	Revealed: The top 10 most expensive Premier League signings of all time adjusted for inflation
183379	player	496775	FOOTBALL	new	Pedro Neto	Sources: “Discussions” pave way for potential €80m Chelsea & Man City transfer agreement
183381	team	8	FOOTBALL	new	Liverpool	SuperCupNI: Football's rising talent parade in Coleraine
183384	player	600687	FOOTBALL	new	Vinicius Jr.	Transfer Rumors: Real Madrid’s Vinicius Jr U-Turn; Man Utd Make Tchouameni Bid
183393	team	15	FOOTBALL	new	Aston Villa	Meet the Parents of Manchester United’s Midfielder Youri Tielemans
183394	team	68	FOOTBALL	new	Borussia Dortmund	Jadon Sancho receives free transfer offer from Al-Rayyan after Man Utd exit
183395	team	6	FOOTBALL	new	Tottenham Hotspur	Transfer rumors, news: Real Madrid close in on Ivorian star Yan Diomande
183395	team	18	FOOTBALL	new	Chelsea	Transfer rumors, news: Real Madrid close in on Ivorian star Yan Diomande
183395	team	19	FOOTBALL	new	Arsenal	Transfer rumors, news: Real Madrid close in on Ivorian star Yan Diomande
183395	team	37	FOOTBALL	new	Roma	Transfer rumors, news: Real Madrid close in on Ivorian star Yan Diomande
183395	team	83	FOOTBALL	new	Barcelona	Transfer rumors, news: Real Madrid close in on Ivorian star Yan Diomande
183395	team	277	FOOTBALL	new	RB Leipzig	Transfer rumors, news: Real Madrid close in on Ivorian star Yan Diomande
183395	team	591	FOOTBALL	new	Paris Saint-Germain	Transfer rumors, news: Real Madrid close in on Ivorian star Yan Diomande
183395	team	2930	FOOTBALL	new	Inter Milan	Transfer rumors, news: Real Madrid close in on Ivorian star Yan Diomande
183395	team	7980	FOOTBALL	new	Atlético Madrid	Transfer rumors, news: Real Madrid close in on Ivorian star Yan Diomande
183396	player	537121	FOOTBALL	new	Mason Mount	Man United put talks for Kone on standby
183396	player	5270371	FOOTBALL	new	Aurélien Tchouameni	Man United put talks for Kone on standby
183396	player	23738800	FOOTBALL	new	Manu Koné	Man United put talks for Kone on standby
183405	player	1878	FOOTBALL	new	Marcus Rashford	"The coach will like him": Rashford in line for a surprise move over his future
183405	player	23738800	FOOTBALL	new	Manu Koné	"The coach will like him": Rashford in line for a surprise move over his future
183405	team	37	FOOTBALL	new	Roma	"The coach will like him": Rashford in line for a surprise move over his future
183414	team	51	FOOTBALL	new	Crystal Palace	Aston Villa set for talks over Evann Guessand exit
183416	team	1	FOOTBALL	new	West Ham United	Premier League 2026 summer transfers: All confirmed ins, outs for every club
183416	team	6	FOOTBALL	new	Tottenham Hotspur	Premier League 2026 summer transfers: All confirmed ins, outs for every club
183416	team	8	FOOTBALL	new	Liverpool	Premier League 2026 summer transfers: All confirmed ins, outs for every club
183416	team	9	FOOTBALL	new	Manchester City	Premier League 2026 summer transfers: All confirmed ins, outs for every club
183416	team	18	FOOTBALL	new	Chelsea	Premier League 2026 summer transfers: All confirmed ins, outs for every club
183416	team	19	FOOTBALL	new	Arsenal	Premier League 2026 summer transfers: All confirmed ins, outs for every club
183416	team	20	FOOTBALL	new	Newcastle United	Premier League 2026 summer transfers: All confirmed ins, outs for every club
183416	team	52	FOOTBALL	new	Bournemouth	Premier League 2026 summer transfers: All confirmed ins, outs for every club
183416	team	83	FOOTBALL	new	Barcelona	Premier League 2026 summer transfers: All confirmed ins, outs for every club
183416	team	3468	FOOTBALL	new	Real Madrid	Premier League 2026 summer transfers: All confirmed ins, outs for every club
183420	team	14	FOOTBALL	new	Manchester United	Garnacho glad to start new chapter at Aston Villa
183420	team	18	FOOTBALL	new	Chelsea	Garnacho glad to start new chapter at Aston Villa
183423	player	1343	FOOTBALL	new	Emiliano Martinez	Aston Villa reject Serie A club’s ‘tiny offer’ for World Cup finalist
183423	team	625	FOOTBALL	new	Juventus	Aston Villa reject Serie A club’s ‘tiny offer’ for World Cup finalist
183431	team	20	FOOTBALL	new	Newcastle United	Aston Villa hold talks to sign £25m Brazil midfielder
183431	team	33	FOOTBALL	new	Norwich City	Aston Villa hold talks to sign £25m Brazil midfielder
183431	team	597	FOOTBALL	new	Napoli	Aston Villa hold talks to sign £25m Brazil midfielder
183432	player	5273	FOOTBALL	new	Declan Rice	Konsa looks back at 'special tournament' for England
183432	player	7124	FOOTBALL	new	Ezri Konsa	Konsa looks back at 'special tournament' for England
183437	player	37316549	FOOTBALL	new	Alejandro Garnacho	Everything to know about Pau Torres injury as Aston Villa star speaks out
183438	player	37681576	FOOTBALL	new	Johan Manzambi	Can World Cup star Manzambi be a good FPL buy at Villa?
183441	player	1343	FOOTBALL	new	Emiliano Martinez	Huge Emi Martinez transfer claim made by Juventus boss Luciano Spalletti as speculation rages over Aston Villa goalkeeper's future | Goal.com Kenya
183443	player	37726575	FOOTBALL	new	Ibrahim Mbaye	Club Ready To Let €30m Aston Villa Target Depart: Should The Midlands Club Jump In?
183443	team	591	FOOTBALL	new	Paris Saint-Germain	Club Ready To Let €30m Aston Villa Target Depart: Should The Midlands Club Jump In?
183456	player	1343	FOOTBALL	new	Emiliano Martínez	After his retirement pledge: a repeated scenario strikes Argentina's star
183456	team	625	FOOTBALL	new	Juventus	After his retirement pledge: a repeated scenario strikes Argentina's star
183457	player	580	FOOTBALL	new	Cristiano Ronaldo	Will Ronaldo tempt him? Saudi battle with Chelsea to snatch a special kind of deal
183461	player	1343	FOOTBALL	new	Emiliano Martinez	Spalletti keen on bringing Martinez to Juventus
183467	player	4592198	FOOTBALL	new	Morgan Rogers	'Rogers departs on a high... but reinvestment critical for next chapter'
183467	player	37402348	FOOTBALL	new	Joao Gomes	'Rogers departs on a high... but reinvestment critical for next chapter'
183467	player	37681576	FOOTBALL	new	Johan Manzambi	'Rogers departs on a high... but reinvestment critical for next chapter'
183467	team	9	FOOTBALL	new	Manchester City	'Rogers departs on a high... but reinvestment critical for next chapter'
183468	player	1343	FOOTBALL	new	Emiliano Martinez	Spalletti keen on bringing Martinez to Juventus
183475	player	24818280	FOOTBALL	new	Benjamin Šeško	Man Utd Monitoring £40M Joshua Zirkzee Replacement
183480	player	1343	FOOTBALL	new	Emiliano Martínez	After the retirement promise: a repeated scenario strikes Argentina's star
183480	team	625	FOOTBALL	new	Juventus	After the retirement promise: a repeated scenario strikes Argentina's star
183485	player	37922937	FOOTBALL	new	Yan Diomandé	PSG star refuses to renew, and his fate is intertwined with Real Madrid's deal
183485	team	8	FOOTBALL	new	Liverpool	PSG star refuses to renew, and his fate is intertwined with Real Madrid's deal
183485	team	18	FOOTBALL	new	Chelsea	PSG star refuses to renew, and his fate is intertwined with Real Madrid's deal
183485	team	19	FOOTBALL	new	Arsenal	PSG star refuses to renew, and his fate is intertwined with Real Madrid's deal
183485	team	503	FOOTBALL	new	Bayern Munich	PSG star refuses to renew, and his fate is intertwined with Real Madrid's deal
183486	player	1343	FOOTBALL	new	Emiliano Martínez	Bombshell: Emiliano "Dibu" Martínez wants to leave this summer
183486	player	186910	FOOTBALL	new	Rodri	Bombshell: Emiliano "Dibu" Martínez wants to leave this summer
183487	player	27048385	FOOTBALL	new	Borja Sainz	Hwang In-beom makes debut for Porto in preseason win over Aston Villa
183489	player	160072	FOOTBALL	new	João Palhinha	Aston Villa Receive Boost To Sign This 31-Year-Old: Right Choice At This Moment?
183489	team	6	FOOTBALL	new	Tottenham Hotspur	Aston Villa Receive Boost To Sign This 31-Year-Old: Right Choice At This Moment?
183489	team	503	FOOTBALL	new	Bayern Munich	Aston Villa Receive Boost To Sign This 31-Year-Old: Right Choice At This Moment?
183490	player	5666477	FOOTBALL	new	Zion Suzuki	Three players who could replace Emiliano Martinez at Aston Villa after what Luciano Spalletti said
183490	player	37584869	FOOTBALL	new	Guillaume Restes	Three players who could replace Emiliano Martinez at Aston Villa after what Luciano Spalletti said
183490	team	20	FOOTBALL	new	Newcastle United	Three players who could replace Emiliano Martinez at Aston Villa after what Luciano Spalletti said
183490	team	71	FOOTBALL	new	Leeds United	Three players who could replace Emiliano Martinez at Aston Villa after what Luciano Spalletti said
183490	team	398	FOOTBALL	new	Parma	Three players who could replace Emiliano Martinez at Aston Villa after what Luciano Spalletti said
183490	team	625	FOOTBALL	new	Juventus	Three players who could replace Emiliano Martinez at Aston Villa after what Luciano Spalletti said
183493	player	160072	FOOTBALL	new	João Palhinha	Aston Villa target “aware” transfer is on agenda – Sporting Director speaks
183493	team	503	FOOTBALL	new	Bayern Munich	Aston Villa target “aware” transfer is on agenda – Sporting Director speaks
183498	player	95368	FOOTBALL	new	Lucas Digne	Andy Townsend delivers Aston Villa transfer verdict and makes 'vulnerable' admission
183498	player	187969	FOOTBALL	new	Pervis Estupinan	Andy Townsend delivers Aston Villa transfer verdict and makes 'vulnerable' admission
183498	player	23311159	FOOTBALL	new	Ian Maatsen	Andy Townsend delivers Aston Villa transfer verdict and makes 'vulnerable' admission
183498	team	14	FOOTBALL	new	Manchester United	Andy Townsend delivers Aston Villa transfer verdict and makes 'vulnerable' admission
183498	team	591	FOOTBALL	new	PSG	Andy Townsend delivers Aston Villa transfer verdict and makes 'vulnerable' admission
183504	player	33716	FOOTBALL	new	Leon Bailey	70 Per Cent Deal Done For Aston Villa Star Claim ‘Is Optimistic’
183504	team	591	FOOTBALL	new	PSG	70 Per Cent Deal Done For Aston Villa Star Claim ‘Is Optimistic’
183507	player	37259180	FOOTBALL	new	Levi Colwill	Colwill 'honoured' to be working with Alonso | News | Official Site
183513	player	334	FOOTBALL	new	Gary Cahill	Today on tour: Settling in Sydney | News | Official Site
183513	player	581000	FOOTBALL	new	Robert Sanchez	Today on tour: Settling in Sydney | News | Official Site
183513	player	37373590	FOOTBALL	new	Teddy Sharman-Lowe	Today on tour: Settling in Sydney | News | Official Site
183513	player	37536874	FOOTBALL	new	Romeo Lavia	Today on tour: Settling in Sydney | News | Official Site
183513	player	37554470	FOOTBALL	new	Ted Curd	Today on tour: Settling in Sydney | News | Official Site
183513	team	6	FOOTBALL	new	Tottenham	Today on tour: Settling in Sydney | News | Official Site
183537	player	334	FOOTBALL	new	Gary Cahill	Gallery: Getting to work in Sydney! | News | Official Site
183537	player	5241	FOOTBALL	new	Tosin Adarabioyo	Gallery: Getting to work in Sydney! | News | Official Site
183537	player	581000	FOOTBALL	new	Robert Sanchez	Gallery: Getting to work in Sydney! | News | Official Site
183537	player	11311795	FOOTBALL	new	Wesley Fofana	Gallery: Getting to work in Sydney! | News | Official Site
183537	player	23715941	FOOTBALL	new	Filip Jorgensen	Gallery: Getting to work in Sydney! | News | Official Site
183537	player	28912747	FOOTBALL	new	Cole Palmer	Gallery: Getting to work in Sydney! | News | Official Site
183537	player	37259180	FOOTBALL	new	Levi Colwill	Gallery: Getting to work in Sydney! | News | Official Site
183537	player	37536874	FOOTBALL	new	Romeo Lavia	Gallery: Getting to work in Sydney! | News | Official Site
183542	team	15	FOOTBALL	new	Aston Villa	Jamie Gittens: Morgan Rogers brings a buzz — he can help us win the title
183543	team	15	FOOTBALL	new	Aston Villa	Xabi Alonso backs Morgan Rogers to make an ‘instant impact’ at Chelsea
183543	team	51	FOOTBALL	new	Crystal Palace	Xabi Alonso backs Morgan Rogers to make an ‘instant impact’ at Chelsea
183550	player	4592198	FOOTBALL	new	Morgan Rogers	'We want to win everything' – Gittens says Chelsea have big ambitions for new season
183550	player	37316840	FOOTBALL	new	Jamie Gittens	'We want to win everything' – Gittens says Chelsea have big ambitions for new season
183550	player	37653289	FOOTBALL	new	Marco Palestra	'We want to win everything' – Gittens says Chelsea have big ambitions for new season
183551	team	15	FOOTBALL	new	Aston Villa	Every word Xabi Alonso said on Morgan Rogers, Maxence Lacroix and Chelsea summer transfer plans
183553	player	1887	FOOTBALL	new	Granit Xhaka	Chelsea sent strong transfer warning by Premier League boss after failed bid
183553	team	3	FOOTBALL	new	Sunderland	Chelsea sent strong transfer warning by Premier League boss after failed bid
183556	team	15	FOOTBALL	new	Aston Villa	Gittens says Morgan Rogers can win Chelsea the league despite starting XI fears
183557	player	37649990	FOOTBALL	new	Kerim Alajbegovic	Personal terms agreed and Chelsea set to close €52m deal for teenage attacker
183564	player	982	FOOTBALL	new	John Stones	Juve ready to rivals Premier League duo for Stones
183568	player	4592198	FOOTBALL	new	Morgan Rogers	Chelsea news: Gittens ready to play for 'world-class midfielder' Alonso
183568	player	37316840	FOOTBALL	new	Jamie Gittens	Chelsea news: Gittens ready to play for 'world-class midfielder' Alonso
183568	team	8	FOOTBALL	new	Liverpool	Chelsea news: Gittens ready to play for 'world-class midfielder' Alonso
183568	team	9	FOOTBALL	new	Manchester City	Chelsea news: Gittens ready to play for 'world-class midfielder' Alonso
183568	team	3468	FOOTBALL	new	Real Madrid	Chelsea news: Gittens ready to play for 'world-class midfielder' Alonso
183571	player	21803152	FOOTBALL	new	Pep Chavarria	Xabi Alonso needs cash injection to build dream Chelsea defence after Maxence Lacroix transfer
183571	player	37600243	FOOTBALL	new	Jorrel Hato	Xabi Alonso needs cash injection to build dream Chelsea defence after Maxence Lacroix transfer
183572	player	37259180	FOOTBALL	new	Levi Colwill	Chelsea boss Alonso hails Sydney-born teen a talent with ‘special qualities that you don’t see that often’
183572	team	6	FOOTBALL	new	Tottenham Hotspur	Chelsea boss Alonso hails Sydney-born teen a talent with ‘special qualities that you don’t see that often’
183575	player	1887	FOOTBALL	new	Granit Xhaka	Stay away from this player: a warning message to Xabi Alonso regarding the Chelsea deal
183575	team	3	FOOTBALL	new	Sunderland	Stay away from this player: a warning message to Xabi Alonso regarding the Chelsea deal
183577	team	6	FOOTBALL	new	Tottenham Hotspur	Auckland FC invitational side gains more internationals for Chelsea match
183578	player	4592198	FOOTBALL	new	Morgan Rogers	Why Chelsea Have Left Two Summer Signings Out of Preseason Tour
183579	player	4592198	FOOTBALL	new	Morgan Rogers	Chelsea begin a fresh trophy push under Xabi Alonso
183579	player	37316840	FOOTBALL	new	Jamie Gittens	Chelsea begin a fresh trophy push under Xabi Alonso
183579	team	15	FOOTBALL	new	Aston Villa	Chelsea begin a fresh trophy push under Xabi Alonso
183579	team	68	FOOTBALL	new	Borussia Dortmund	Chelsea begin a fresh trophy push under Xabi Alonso
183581	player	982	FOOTBALL	new	John Stones	Wanted at Arsenal and Chelsea: Juventus enters the race for England international star
183583	player	37255840	FOOTBALL	new	Jude Bellingham	Meet Chelsea’s Bellingham clone who is eligible to play for Australia
183597	team	15	FOOTBALL	new	Aston Villa	Chelsea star makes Premier League title prediction after £117m Morgan Rogers move
183598	team	3468	FOOTBALL	new	Real Madrid	Arsenal plan incredible response to Vinicius Junior and Jose Mourinho transfer decisions
183601	player	28912747	FOOTBALL	new	Cole Palmer	BBC notice how Xabi Alonso treated 16 year old pair – and what that tells us about Tuesday’s team
183603	team	15	FOOTBALL	new	Aston Villa	Jamie Gittens on Chelsea’s title ambitions, Morgan Rogers’ arrival and Xabi Alonso’s ‘aura’
183604	player	4592198	FOOTBALL	new	Morgan Rogers	Do Chelsea need to worry about squad size?
183604	player	35659570	FOOTBALL	new	Gabriel Slonina	Do Chelsea need to worry about squad size?
183604	player	37525712	FOOTBALL	new	Caleb Wiley	Do Chelsea need to worry about squad size?
183604	player	37664041	FOOTBALL	new	Marc Guiu	Do Chelsea need to worry about squad size?
183604	team	14	FOOTBALL	new	Manchester United	Do Chelsea need to worry about squad size?
183604	team	15	FOOTBALL	new	Aston Villa	Do Chelsea need to worry about squad size?
183604	team	20	FOOTBALL	new	Newcastle United	Do Chelsea need to worry about squad size?
183604	team	42	FOOTBALL	new	Leicester City	Do Chelsea need to worry about squad size?
183605	team	6	FOOTBALL	new	Tottenham Hotspur	Chelsea set to sell five central defenders this summer
183605	team	11	FOOTBALL	new	Fulham	Chelsea set to sell five central defenders this summer
183605	team	51	FOOTBALL	new	Crystal Palace	Chelsea set to sell five central defenders this summer
183605	team	113	FOOTBALL	new	AC Milan	Chelsea set to sell five central defenders this summer
183605	team	268	FOOTBALL	new	Como	Chelsea set to sell five central defenders this summer
183605	team	625	FOOTBALL	new	Juventus	Chelsea set to sell five central defenders this summer
183607	player	5329	FOOTBALL	new	Gabriel Jesus	Arsenal training match highlights: Nwaneri scores as Tzolis makes debut
183607	player	537759	FOOTBALL	new	Reiss Nelson	Arsenal training match highlights: Nwaneri scores as Tzolis makes debut
183607	player	5270497	FOOTBALL	new	Fabio Vieira	Arsenal training match highlights: Nwaneri scores as Tzolis makes debut
183607	player	24817182	FOOTBALL	new	Christos Tzolis	Arsenal training match highlights: Nwaneri scores as Tzolis makes debut
183607	player	37568808	FOOTBALL	new	Ethan Nwaneri	Arsenal training match highlights: Nwaneri scores as Tzolis makes debut
183607	player	37568815	FOOTBALL	new	Myles Lewis-Skelly	Arsenal training match highlights: Nwaneri scores as Tzolis makes debut
183608	player	600687	FOOTBALL	new	Vinicius Jr	Arsenal news: Big Vinicius Jr transfer update as target tries to force move
183617	player	459145	FOOTBALL	new	Bruno Guimaraes	Arsenal explore shock move to sign Real Madrid star Vinicius Jr
183617	player	600687	FOOTBALL	new	Vinicius Jr.	Arsenal explore shock move to sign Real Madrid star Vinicius Jr
183617	player	24817182	FOOTBALL	new	Christos Tzolis	Arsenal explore shock move to sign Real Madrid star Vinicius Jr
183617	player	37317369	FOOTBALL	new	Bradley Barcola	Arsenal explore shock move to sign Real Madrid star Vinicius Jr
183617	player	37922937	FOOTBALL	new	Yan Diomande	Arsenal explore shock move to sign Real Madrid star Vinicius Jr
183619	player	459145	FOOTBALL	new	Bruno Guimaraes	Arsenal get Guimaraes transfer update as Howe reveals 'really good talks'
183622	player	194167	FOOTBALL	new	Viktor Gyokeres	6 transfers Arsenal can complete this week including electric attacking arrivals
183622	player	9611543	FOOTBALL	new	Anthony Gordon	6 transfers Arsenal can complete this week including electric attacking arrivals
183622	team	6	FOOTBALL	new	Tottenham	6 transfers Arsenal can complete this week including electric attacking arrivals
183622	team	14	FOOTBALL	new	Manchester United	6 transfers Arsenal can complete this week including electric attacking arrivals
183622	team	18	FOOTBALL	new	Chelsea	6 transfers Arsenal can complete this week including electric attacking arrivals
183622	team	20	FOOTBALL	new	Newcastle United	6 transfers Arsenal can complete this week including electric attacking arrivals
183622	team	71	FOOTBALL	new	Leeds United	6 transfers Arsenal can complete this week including electric attacking arrivals
183622	team	113	FOOTBALL	new	AC Milan	6 transfers Arsenal can complete this week including electric attacking arrivals
183622	team	3468	FOOTBALL	new	Real Madrid	6 transfers Arsenal can complete this week including electric attacking arrivals
183623	player	186910	FOOTBALL	new	Rodri	Arsenal star hailed ‘second best in the world’ behind Ballon d’Or winner
183623	player	186932	FOOTBALL	new	Mikel Oyarzabal	Arsenal star hailed ‘second best in the world’ behind Ballon d’Or winner
183623	player	530762	FOOTBALL	new	Martin Zubimendi	Arsenal star hailed ‘second best in the world’ behind Ballon d’Or winner
183623	player	37288001	FOOTBALL	new	Pedri	Arsenal star hailed ‘second best in the world’ behind Ballon d’Or winner
183623	player	37459030	FOOTBALL	new	Gavi	Arsenal star hailed ‘second best in the world’ behind Ballon d’Or winner
183623	team	83	FOOTBALL	new	Barcelona	Arsenal star hailed ‘second best in the world’ behind Ballon d’Or winner
183625	team	277	FOOTBALL	new	RB Leipzig	Arsenal plan incredible response to Vinicius Junior and Jose Mourinho transfer decisions
183625	team	3468	FOOTBALL	new	Real Madrid	Arsenal plan incredible response to Vinicius Junior and Jose Mourinho transfer decisions
183626	player	5329	FOOTBALL	new	Gabriel Jesus	Will Arsenal struggle to finance Vinicius Jr deal?
183626	player	31609	FOOTBALL	new	Christian Norgaard	Will Arsenal struggle to finance Vinicius Jr deal?
183626	player	537759	FOOTBALL	new	Reiss Nelson	Will Arsenal struggle to finance Vinicius Jr deal?
183626	player	600687	FOOTBALL	new	Vinicius Jr.	Will Arsenal struggle to finance Vinicius Jr deal?
183626	player	5270497	FOOTBALL	new	Fabio Vieira	Will Arsenal struggle to finance Vinicius Jr deal?
183629	player	600687	FOOTBALL	new	Vinicius Jr.	Vinicius Jr warned over major Premier League issue despite 'Arsenal deal making sense for all parties'
183629	player	21394947	FOOTBALL	new	Julian Alvarez	Vinicius Jr warned over major Premier League issue despite 'Arsenal deal making sense for all parties'
183629	team	3468	FOOTBALL	new	Real Madrid	Vinicius Jr warned over major Premier League issue despite 'Arsenal deal making sense for all parties'
183630	player	74060	FOOTBALL	new	Dani Olmo	Arsenal make £72m 'offer' for Spain star as Barcelona 'give up' on Alvarez in huge Gunners boost
183630	player	21394947	FOOTBALL	new	Julian Alvarez	Arsenal make £72m 'offer' for Spain star as Barcelona 'give up' on Alvarez in huge Gunners boost
183635	player	600687	FOOTBALL	new	Vinicius Jr	Arsenal's incredible starting XI with Vinicius Jr and two more deals as transfer progress made
183638	player	600687	FOOTBALL	new	Vinicius Jr.	Arsenal learn fee and transfer conditions to sign Vinicius Jr from Real Madrid
183642	team	20	FOOTBALL	new	Newcastle United	Arsenal handed Bruno Guimaraes opening after Eddie Howe admission
183647	team	277	FOOTBALL	new	RB Leipzig	Real Madrid's stance on Vinicius Jr after Yan Diomande agreement and Arsenal transfer interest
183653	player	600687	FOOTBALL	new	Vinicius Junior	Record salary for Real Madrid superstar! Are Arsenal planning the most spectacular transfer coup of the summer?
183654	player	5329	FOOTBALL	new	Gabriel Jesus	Arsenal will have to smash contract record to secure £400,000-week Vinicius Jr transfer from Real Madrid
183654	player	61780	FOOTBALL	new	Leandro Trossard	Arsenal will have to smash contract record to secure £400,000-week Vinicius Jr transfer from Real Madrid
183654	player	600687	FOOTBALL	new	Vinicius Jr	Arsenal will have to smash contract record to secure £400,000-week Vinicius Jr transfer from Real Madrid
183654	player	4592198	FOOTBALL	new	Morgan Rogers	Arsenal will have to smash contract record to secure £400,000-week Vinicius Jr transfer from Real Madrid
183654	player	10959356	FOOTBALL	new	Gabriel Martinelli	Arsenal will have to smash contract record to secure £400,000-week Vinicius Jr transfer from Real Madrid
183654	player	16827155	FOOTBALL	new	Bukayo Saka	Arsenal will have to smash contract record to secure £400,000-week Vinicius Jr transfer from Real Madrid
183654	player	37317369	FOOTBALL	new	Bradley Barcola	Arsenal will have to smash contract record to secure £400,000-week Vinicius Jr transfer from Real Madrid
183657	player	600687	FOOTBALL	new	Vinicius Junior	Arsenal medical done as signing is agreed hours after Vinicius Jr transfer update
183657	team	9	FOOTBALL	new	Manchester City	Arsenal medical done as signing is agreed hours after Vinicius Jr transfer update
183657	team	11	FOOTBALL	new	Fulham	Arsenal medical done as signing is agreed hours after Vinicius Jr transfer update
183657	team	3468	FOOTBALL	new	Real Madrid	Arsenal medical done as signing is agreed hours after Vinicius Jr transfer update
183659	player	600687	FOOTBALL	new	Vinícius Jr.	Why Vinícius Jr. is linked with a move to Arsenal
183661	player	600687	FOOTBALL	new	Vinicius Jr	Vinicius Jr to Arsenal transfer twist as Yan Diomande deal 'done'
183661	team	277	FOOTBALL	new	RB Leipzig	Vinicius Jr to Arsenal transfer twist as Yan Diomande deal 'done'
183661	team	3468	FOOTBALL	new	Real Madrid	Vinicius Jr to Arsenal transfer twist as Yan Diomande deal 'done'
183662	player	982	FOOTBALL	new	John Stones	Five players Arsenal could sign imminently as Vinicius Jr transfer gets green light
183662	player	459145	FOOTBALL	new	Bruno Guimaraes	Five players Arsenal could sign imminently as Vinicius Jr transfer gets green light
183662	player	600687	FOOTBALL	new	Vinicius Jr	Five players Arsenal could sign imminently as Vinicius Jr transfer gets green light
183662	player	37317369	FOOTBALL	new	Bradley Barcola	Five players Arsenal could sign imminently as Vinicius Jr transfer gets green light
183669	player	600687	FOOTBALL	new	Vinicius Jr.	Real Madrid president has already made Vinicius Jr to Arsenal stance very clear
183670	player	459145	FOOTBALL	new	Bruno Guimaraes	Romano gives Arsenal timeline for ‘direct negotiations with Newcastle’ over Guimaraes after ‘agreement’
183671	player	600687	FOOTBALL	new	Vinicius Jr	Vinicius Jr to Arsenal update, Real Madrid valuation, contract demands and salary expectations
183673	team	8	FOOTBALL	new	Liverpool	‘Decision confirmed’ – Fabrizio Romano drops Bradley Barcola transfer news
183673	team	591	FOOTBALL	new	Paris Saint-Germain	‘Decision confirmed’ – Fabrizio Romano drops Bradley Barcola transfer news
183676	player	600687	FOOTBALL	new	Vinicius Jr	Arsenal latest: Vinicius Jr transfer twist as target attempts to push through move
183676	team	3468	FOOTBALL	new	Real Madrid	Arsenal latest: Vinicius Jr transfer twist as target attempts to push through move
183678	player	600687	FOOTBALL	new	Vinícius Júnior	Vinícius Júnior Rumored Arsenal Salary Details Revealed
183678	team	3468	FOOTBALL	new	Real Madrid	Vinícius Júnior Rumored Arsenal Salary Details Revealed
183682	player	333594	FOOTBALL	new	Lautaro Martinez	Arsenal dealt transfer blow as Bruno Guimaraes decision nears
183682	player	600687	FOOTBALL	new	Vinícius Júnior	Arsenal dealt transfer blow as Bruno Guimaraes decision nears
183684	player	600687	FOOTBALL	new	Vinicius Jr	Yan Diomande double ‘verbal agreement’ reached as Arsenal get boost in Vinicius Jr transfer
183685	player	459145	FOOTBALL	new	Bruno Guimaraes	Romano gives ‘here we go’ to fourth Arsenal signing after bid is launched for Vinicius Jr
183685	player	600687	FOOTBALL	new	Vinicius Jr	Romano gives ‘here we go’ to fourth Arsenal signing after bid is launched for Vinicius Jr
183685	player	4592198	FOOTBALL	new	Morgan Rogers	Romano gives ‘here we go’ to fourth Arsenal signing after bid is launched for Vinicius Jr
183685	team	18	FOOTBALL	new	Chelsea	Romano gives ‘here we go’ to fourth Arsenal signing after bid is launched for Vinicius Jr
183685	team	3468	FOOTBALL	new	Real Madrid	Romano gives ‘here we go’ to fourth Arsenal signing after bid is launched for Vinicius Jr
183686	player	1453	FOOTBALL	new	Joe Gomez	Premier League friendlies: Christos Tzolis' debut assist, Liverpool's injury bug - what you missed
183686	player	1743	FOOTBALL	new	Virgil van Dijk	Premier League friendlies: Christos Tzolis' debut assist, Liverpool's injury bug - what you missed
183686	player	30062	FOOTBALL	new	Cody Gakpo	Premier League friendlies: Christos Tzolis' debut assist, Liverpool's injury bug - what you missed
183686	player	785998	FOOTBALL	new	Dominik Szoboszlai	Premier League friendlies: Christos Tzolis' debut assist, Liverpool's injury bug - what you missed
183686	player	37631909	FOOTBALL	new	Jérémy Jacquet	Premier League friendlies: Christos Tzolis' debut assist, Liverpool's injury bug - what you missed
183686	player	37657770	FOOTBALL	new	Lewis Koumas	Premier League friendlies: Christos Tzolis' debut assist, Liverpool's injury bug - what you missed
183686	team	3	FOOTBALL	new	Sunderland	Premier League friendlies: Christos Tzolis' debut assist, Liverpool's injury bug - what you missed
183702	player	600687	FOOTBALL	new	Vinicius Jr.	Real Madrid set Vinicius Jr price tag as Arsenal transfer conditions made clear
183705	player	3130	FOOTBALL	new	David Raya	Arsenal's incredible starting XI with Vinicius and two more deals as Real Madrid progress made
183705	player	3259	FOOTBALL	new	Ben White	Arsenal's incredible starting XI with Vinicius and two more deals as Real Madrid progress made
183705	player	61780	FOOTBALL	new	Leandro Trossard	Arsenal's incredible starting XI with Vinicius and two more deals as Real Madrid progress made
183705	player	97811	FOOTBALL	new	Gabriel Magalhaes	Arsenal's incredible starting XI with Vinicius and two more deals as Real Madrid progress made
183705	player	600687	FOOTBALL	new	Vinicius Jr	Arsenal's incredible starting XI with Vinicius and two more deals as Real Madrid progress made
183705	player	5270466	FOOTBALL	new	Jurrien Timber	Arsenal's incredible starting XI with Vinicius and two more deals as Real Madrid progress made
183705	player	17544737	FOOTBALL	new	William Saliba	Arsenal's incredible starting XI with Vinicius and two more deals as Real Madrid progress made
183705	player	24817182	FOOTBALL	new	Christos Tzolis	Arsenal's incredible starting XI with Vinicius and two more deals as Real Madrid progress made
183705	player	37592228	FOOTBALL	new	Cristhian Mosquera	Arsenal's incredible starting XI with Vinicius and two more deals as Real Madrid progress made
183708	team	19	FOOTBALL	new	Arsenal	Newcastle United have Bruno Guimaraes replacement 'lined up' as decision made on transfer
183710	team	8	FOOTBALL	new	Liverpool	Kevin Keegan - the Newcastle United Days - Pt1 - True Faith
183710	team	11	FOOTBALL	new	Fulham	Kevin Keegan - the Newcastle United Days - Pt1 - True Faith
183710	team	14	FOOTBALL	new	Manchester United	Kevin Keegan - the Newcastle United Days - Pt1 - True Faith
183710	team	65	FOOTBALL	new	Southampton	Kevin Keegan - the Newcastle United Days - Pt1 - True Faith
183710	team	78	FOOTBALL	new	Brighton & Hove Albion	Kevin Keegan - the Newcastle United Days - Pt1 - True Faith
183711	player	28575686	FOOTBALL	new	James Trafford	Sky Sports man confirms Newcastle United want £30 million player
183712	player	459145	FOOTBALL	new	Bruno Guimaraes	Newcastle United midfielder explains what he wants after transfer development
183712	player	1494447	FOOTBALL	new	Joe Willock	Newcastle United midfielder explains what he wants after transfer development
183712	player	5270468	FOOTBALL	new	Sven Botman	Newcastle United midfielder explains what he wants after transfer development
183715	team	6	FOOTBALL	new	Tottenham Hotspur	Eddie Howe makes £169m transfer admission as Newcastle United face transfer reboot
183715	team	19	FOOTBALL	new	Arsenal	Eddie Howe makes £169m transfer admission as Newcastle United face transfer reboot
183715	team	83	FOOTBALL	new	Barcelona	Eddie Howe makes £169m transfer admission as Newcastle United face transfer reboot
183717	player	1371	FOOTBALL	new	Kevin de Bruyne	Sean Steur reveals Eddie Howe message that sparked impressive Newcastle bow amid De Bruyne influence
183719	player	2763	FOOTBALL	new	Nick Pope	Newcastle United hint on signing number five dropped as Eddie Howe transfer role made clear
183719	player	459145	FOOTBALL	new	Bruno Guimaraes	Newcastle United hint on signing number five dropped as Eddie Howe transfer role made clear
183719	player	1494447	FOOTBALL	new	Joe Willock	Newcastle United hint on signing number five dropped as Eddie Howe transfer role made clear
183719	player	37459072	FOOTBALL	new	Lewis Hall	Newcastle United hint on signing number five dropped as Eddie Howe transfer role made clear
183719	player	37717075	FOOTBALL	new	Aladji Bamba	Newcastle United hint on signing number five dropped as Eddie Howe transfer role made clear
183727	team	116	FOOTBALL	new	Ipswich Town	Newcastle United make U-turn and now want goalkeeper with €30m release clause
183732	player	459145	FOOTBALL	new	Bruno Guimaraes	Arsenal racing against time as “special” target sets transfer deadline
183753	player	37607151	FOOTBALL	new	Lucas Bergvall	Report: Newcastle United ready to pay £60m to sign Premier League star
183753	team	6	FOOTBALL	new	Tottenham Hotspur	Report: Newcastle United ready to pay £60m to sign Premier League star
183753	team	15	FOOTBALL	new	Aston Villa	Report: Newcastle United ready to pay £60m to sign Premier League star
183753	team	19	FOOTBALL	new	Arsenal	Report: Newcastle United ready to pay £60m to sign Premier League star
183753	team	52	FOOTBALL	new	Bournemouth	Report: Newcastle United ready to pay £60m to sign Premier League star
183753	team	63	FOOTBALL	new	Nottingham Forest	Report: Newcastle United ready to pay £60m to sign Premier League star
183754	team	19	FOOTBALL	new	Arsenal	I hoped Bruno Guimaraes would stay at Newcastle – until I heard Eddie Howe speak
183758	player	37607151	FOOTBALL	new	Lucas Bergvall	Newcastle Urged to Make Bold Move After Sandro Tonali Sale and Bruno Saga Chaos
183758	team	6	FOOTBALL	new	Tottenham Hotspur	Newcastle Urged to Make Bold Move After Sandro Tonali Sale and Bruno Saga Chaos
183758	team	15	FOOTBALL	new	Aston Villa	Newcastle Urged to Make Bold Move After Sandro Tonali Sale and Bruno Saga Chaos
183758	team	19	FOOTBALL	new	Arsenal	Newcastle Urged to Make Bold Move After Sandro Tonali Sale and Bruno Saga Chaos
183758	team	52	FOOTBALL	new	Bournemouth	Newcastle Urged to Make Bold Move After Sandro Tonali Sale and Bruno Saga Chaos
183758	team	113	FOOTBALL	new	AC Milan	Newcastle Urged to Make Bold Move After Sandro Tonali Sale and Bruno Saga Chaos
183758	team	377	FOOTBALL	new	Rayo Vallecano	Newcastle Urged to Make Bold Move After Sandro Tonali Sale and Bruno Saga Chaos
183760	player	2815	FOOTBALL	new	Dan Burn	Eddie Howe confirms Newcastle United player suffered knock in training
183760	player	4655	FOOTBALL	new	Fikayo Tomori	Eddie Howe confirms Newcastle United player suffered knock in training
183760	player	32372	FOOTBALL	new	Fabian Schar	Eddie Howe confirms Newcastle United player suffered knock in training
183760	player	5270468	FOOTBALL	new	Sven Botman	Eddie Howe confirms Newcastle United player suffered knock in training
183763	team	8	FOOTBALL	new	Liverpool	Confirmed Newcastle United team v Gateshead as Pope, Steur, Schar, Hall, Neave all start
183764	player	33645	FOOTBALL	new	Joelinton	Wrexham to appoint Newcastle's Nickson as sporting director
183764	player	257663	FOOTBALL	new	Miguel Almiron	Wrexham to appoint Newcastle's Nickson as sporting director
183764	player	459145	FOOTBALL	new	Bruno Guimaraes	Wrexham to appoint Newcastle's Nickson as sporting director
183765	team	3	FOOTBALL	new	Sunderland	The Granit Xhaka and Bruno Guimaraes conundrum
183765	team	19	FOOTBALL	new	Arsenal	The Granit Xhaka and Bruno Guimaraes conundrum
183772	player	5329	FOOTBALL	new	Gabriel Jesus	6 transfers Arsenal can complete this week including electric attacking arrivals
183772	player	194167	FOOTBALL	new	Viktor Gyokeres	6 transfers Arsenal can complete this week including electric attacking arrivals
183772	player	459145	FOOTBALL	new	Bruno Guimaraes	6 transfers Arsenal can complete this week including electric attacking arrivals
183772	player	600687	FOOTBALL	new	Vini Jr.	6 transfers Arsenal can complete this week including electric attacking arrivals
183772	player	21394947	FOOTBALL	new	Julian Alvarez	6 transfers Arsenal can complete this week including electric attacking arrivals
183772	team	71	FOOTBALL	new	Leeds United	6 transfers Arsenal can complete this week including electric attacking arrivals
183772	team	113	FOOTBALL	new	AC Milan	6 transfers Arsenal can complete this week including electric attacking arrivals
183776	player	34053	FOOTBALL	new	Alexander Isak	Where are Newcastle in bid to be the best by 2030?
183776	player	459145	FOOTBALL	new	Bruno Guimaraes	Where are Newcastle in bid to be the best by 2030?
183776	player	21762216	FOOTBALL	new	Malick Thiaw	Where are Newcastle in bid to be the best by 2030?
183776	team	9	FOOTBALL	new	Manchester City	Where are Newcastle in bid to be the best by 2030?
183776	team	15	FOOTBALL	new	Aston Villa	Where are Newcastle in bid to be the best by 2030?
183776	team	18	FOOTBALL	new	Chelsea	Where are Newcastle in bid to be the best by 2030?
183794	team	6	FOOTBALL	new	Tottenham Hotspur	Newcastle should accelerate Archie Gray plan as superb pre-season stats emerge
183796	team	8	FOOTBALL	new	Liverpool	Former Hyde United director shares touching tribute to Kevin Keegan
183796	team	11	FOOTBALL	new	Fulham	Former Hyde United director shares touching tribute to Kevin Keegan
183799	player	459145	FOOTBALL	new	Bruno Guimaraes	Arsenal set to make improved bid for Brazil midfielder
183802	player	982	FOOTBALL	new	John Stones	$39m-a-year deal that could rock PL; record at risk again in Reds blockbuster — Transfer latest
183802	player	600687	FOOTBALL	new	Vinicius Junior	$39m-a-year deal that could rock PL; record at risk again in Reds blockbuster — Transfer latest
183802	team	8	FOOTBALL	new	Liverpool	$39m-a-year deal that could rock PL; record at risk again in Reds blockbuster — Transfer latest
183802	team	18	FOOTBALL	new	Chelsea	$39m-a-year deal that could rock PL; record at risk again in Reds blockbuster — Transfer latest
183802	team	19	FOOTBALL	new	Arsenal	$39m-a-year deal that could rock PL; record at risk again in Reds blockbuster — Transfer latest
183802	team	277	FOOTBALL	new	RB Leipzig	$39m-a-year deal that could rock PL; record at risk again in Reds blockbuster — Transfer latest
183802	team	591	FOOTBALL	new	PSG	$39m-a-year deal that could rock PL; record at risk again in Reds blockbuster — Transfer latest
183802	team	3468	FOOTBALL	new	Real Madrid	$39m-a-year deal that could rock PL; record at risk again in Reds blockbuster — Transfer latest
183803	team	14	FOOTBALL	new	Manchester United	Keegan's highs and lows on Tyneside return
183803	team	63	FOOTBALL	new	Nottingham Forest	Keegan's highs and lows on Tyneside return
183803	team	71	FOOTBALL	new	Leeds United	Keegan's highs and lows on Tyneside return
183806	player	2875852	FOOTBALL	new	Rabbi Matondo	SUFC News: Chris Wilder gives Matondo transfer update following latest United outing
183812	player	26813	FOOTBALL	new	Gustavo Hamer	“We Are Trying” – Sheffield United Boss Admits Talks With International Have Taken Place
183812	player	173121	FOOTBALL	new	Harry Souttar	“We Are Trying” – Sheffield United Boss Admits Talks With International Have Taken Place
183812	player	1494236	FOOTBALL	new	Tahith Chong	“We Are Trying” – Sheffield United Boss Admits Talks With International Have Taken Place
183812	player	33991824	FOOTBALL	new	Tom Cannon	“We Are Trying” – Sheffield United Boss Admits Talks With International Have Taken Place
183813	player	173121	FOOTBALL	new	Harry Souttar	Wilder outlines Sheffield United transfer plans – with two players expected to depart and talks ongoing over move for defender
183813	player	2875852	FOOTBALL	new	Rabbi Matondo	Wilder outlines Sheffield United transfer plans – with two players expected to depart and talks ongoing over move for defender
183813	team	42	FOOTBALL	new	Leicester City	Wilder outlines Sheffield United transfer plans – with two players expected to depart and talks ongoing over move for defender
183814	team	6	FOOTBALL	new	Tottenham	Premier League summer transfers 2026: All the Done Deals
183814	team	8	FOOTBALL	new	Liverpool	Premier League summer transfers 2026: All the Done Deals
183814	team	9	FOOTBALL	new	Manchester City	Premier League summer transfers 2026: All the Done Deals
183814	team	13	FOOTBALL	new	Everton	Premier League summer transfers 2026: All the Done Deals
183814	team	15	FOOTBALL	new	Aston Villa	Premier League summer transfers 2026: All the Done Deals
183814	team	18	FOOTBALL	new	Chelsea	Premier League summer transfers 2026: All the Done Deals
183814	team	19	FOOTBALL	new	Arsenal	Premier League summer transfers 2026: All the Done Deals
183814	team	83	FOOTBALL	new	Barcelona	Premier League summer transfers 2026: All the Done Deals
183814	team	3468	FOOTBALL	new	Real Madrid	Premier League summer transfers 2026: All the Done Deals
183815	player	26813	FOOTBALL	new	Gustavo Hamer	Rotherham United 0-2 Sheffield United: Blades Continue to Make Positive Steps in Pre-season
183815	player	1494236	FOOTBALL	new	Tahith Chong	Rotherham United 0-2 Sheffield United: Blades Continue to Make Positive Steps in Pre-season
183824	player	37337720	FOOTBALL	new	Jamal Baptiste	SUFC News: United gem continues impressive rise to prominence as search goes on
183830	team	63	FOOTBALL	new	Nottingham Forest	The head coach is keen to speed up the Millers' recruitment.
183835	team	15	FOOTBALL	new	Aston Villa	SWFC News: Sil Swinkels may have given Pedersen the answer to one part of his dilemma
183841	team	19	FOOTBALL	new	Arsenal	PL Greatest Games on Sky Sports Premier League HD: full details and when it's on
183851	player	37588236	FOOTBALL	new	Iker Bravo	Dionisi: Watford likely to start season in 4-3-3 shape
183853	player	37588236	FOOTBALL	new	Iker Bravo	Dionisi: Watford likely to start season in 4-3-3 shape
183860	team	3	FOOTBALL	new	Sunderland	Demi Lambourne becomes Watford Women's latest signing
183860	team	42	FOOTBALL	new	Leicester City	Demi Lambourne becomes Watford Women's latest signing
183860	team	51	FOOTBALL	new	Crystal Palace	Demi Lambourne becomes Watford Women's latest signing
183907	player	537316	FOOTBALL	new	Zian Flemming	Florentino, Flemming, Foster and Broja: Burnley absences explained for Ajax game
183907	player	4243070	FOOTBALL	new	Lyle Foster	Florentino, Flemming, Foster and Broja: Burnley absences explained for Ajax game
183907	player	23697427	FOOTBALL	new	Armando Broja	Florentino, Flemming, Foster and Broja: Burnley absences explained for Ajax game
183943	player	537316	FOOTBALL	new	Zian Flemming	Everton Consider Move For This 25-Year-Old Forward: Does He Fit Into Moyes’ Tactics?
183953	player	5141	FOOTBALL	new	Dominic Calvert-Lewin	Leeds United striker target left out of pre-season clash amid Elland Road links
183953	player	32158	FOOTBALL	new	Julian Brandt	Leeds United striker target left out of pre-season clash amid Elland Road links
183953	player	537316	FOOTBALL	new	Zian Flemming	Leeds United striker target left out of pre-season clash amid Elland Road links
183953	player	28575686	FOOTBALL	new	James Trafford	Leeds United striker target left out of pre-season clash amid Elland Road links
183957	player	310132	FOOTBALL	new	Ko Itakura	Ouazane Leads Ajax Victory Over Burnley in Friendly Match
183963	player	4244	FOOTBALL	new	Josh Cullen	Burnley Faces Ajax in Pre-Season Friendly at Johan Cruijff Arena
183963	player	3861826	FOOTBALL	new	Jordan Beyer	Burnley Faces Ajax in Pre-Season Friendly at Johan Cruijff Arena
183987	player	37738333	FOOTBALL	new	Mateus Mane	IT’S A RECORD YORK CROWD
183988	player	289398	FOOTBALL	new	Marshall Munetsi	What did we learn from Wolves' first pre-season defeat?
183988	player	37354841	FOOTBALL	new	Rodrigo Gomes	What did we learn from Wolves' first pre-season defeat?
183988	player	37526007	FOOTBALL	new	Andre	What did we learn from Wolves' first pre-season defeat?
183988	team	594	FOOTBALL	new	Real Sociedad	What did we learn from Wolves' first pre-season defeat?
183993	player	289398	FOOTBALL	new	Marshall Munetsi	Tommy Doyle reveals Wolves tactical change that allows him to ‘use my engine’
183993	player	37526007	FOOTBALL	new	Andre	Tommy Doyle reveals Wolves tactical change that allows him to ‘use my engine’
183993	team	594	FOOTBALL	new	Real Sociedad	Tommy Doyle reveals Wolves tactical change that allows him to ‘use my engine’
183997	team	594	FOOTBALL	new	Real Sociedad	Tommy Doyle: Wolves players have got to ‘be like a sponge’ under Cesar Peixoto
184000	team	10	FOOTBALL	new	West Brom	Will Boyle: It’s an honour to become Shrewsbury Town captain
184006	team	214	FOOTBALL	new	Valencia	Wildfire forces another 55,000 people to evacuate in southwest France
184006	team	3562	FOOTBALL	new	Bordeaux	Wildfire forces another 55,000 people to evacuate in southwest France
184010	team	1	FOOTBALL	new	West Ham United	Arsenal, Liverpool, Spurs Win as Premier League Title Race Heats Up
184010	team	9	FOOTBALL	new	Manchester City	Arsenal, Liverpool, Spurs Win as Premier League Title Race Heats Up
184010	team	13	FOOTBALL	new	Everton	Arsenal, Liverpool, Spurs Win as Premier League Title Race Heats Up
184010	team	14	FOOTBALL	new	Manchester United	Arsenal, Liverpool, Spurs Win as Premier League Title Race Heats Up
184010	team	20	FOOTBALL	new	Newcastle United	Arsenal, Liverpool, Spurs Win as Premier League Title Race Heats Up
184010	team	51	FOOTBALL	new	Crystal Palace	Arsenal, Liverpool, Spurs Win as Premier League Title Race Heats Up
184027	player	12145	FOOTBALL	new	Ollie Watkins	Man Utd to Make 'Official Approach' For £40M Striker to Replace Zirkzee
184027	team	8	FOOTBALL	new	Liverpool	Man Utd to Make 'Official Approach' For £40M Striker to Replace Zirkzee
184027	team	15	FOOTBALL	new	Aston Villa	Man Utd to Make 'Official Approach' For £40M Striker to Replace Zirkzee
184027	team	19	FOOTBALL	new	Arsenal	Man Utd to Make 'Official Approach' For £40M Striker to Replace Zirkzee
184027	team	37	FOOTBALL	new	AS Roma	Man Utd to Make 'Official Approach' For £40M Striker to Replace Zirkzee
184027	team	83	FOOTBALL	new	Barcelona	Man Utd to Make 'Official Approach' For £40M Striker to Replace Zirkzee
184027	team	625	FOOTBALL	new	Juventus	Man Utd to Make 'Official Approach' For £40M Striker to Replace Zirkzee
184030	team	19	FOOTBALL	new	Arsenal	Benik Afobe signs for 16th club
184035	player	37282898	FOOTBALL	new	Ben Chrisene	Ozcan taking strides as City left-back search continues
184040	team	11	FOOTBALL	new	Fulham	Midfielder's 'head not right' ... or did Norwich star simply go on strike?
184040	team	2930	FOOTBALL	new	Inter Milan	Midfielder's 'head not right' ... or did Norwich star simply go on strike?
184042	player	37540217	FOOTBALL	new	Ronnie Hollingshead	Young Norwich side beaten by late Linnets strike
184048	player	14338473	FOOTBALL	new	Ryan Giles	Hull City's new transfer arrival as Oscar Zambrano showing assessed in big win
184048	player	37259217	FOOTBALL	new	Abu Kamara	Hull City's new transfer arrival as Oscar Zambrano showing assessed in big win
184054	team	214	FOOTBALL	new	Valencia	Wildfire forces another 55,000 people to evacuate in southwest France
184054	team	3562	FOOTBALL	new	Bordeaux	Wildfire forces another 55,000 people to evacuate in southwest France
184080	player	37922937	FOOTBALL	new	Yan Diomandé	Real Madrid €120m signing is ‘practically a done deal’
184080	team	277	FOOTBALL	new	RB Leipzig	Real Madrid €120m signing is ‘practically a done deal’
184097	player	450031	FOOTBALL	new	Zeki Celik	Report Roma want Reyes with first €5m offer for Mexico defender
184097	player	37560881	FOOTBALL	new	Rafik Belghali	Report Roma want Reyes with first €5m offer for Mexico defender
184097	player	37600364	FOOTBALL	new	Ivan Fresneda	Report Roma want Reyes with first €5m offer for Mexico defender
184097	team	44	FOOTBALL	new	Olympique Marseille	Report Roma want Reyes with first €5m offer for Mexico defender
184097	team	1123	FOOTBALL	new	Hellas Verona	Report Roma want Reyes with first €5m offer for Mexico defender
184097	team	3468	FOOTBALL	new	Real Madrid	Report Roma want Reyes with first €5m offer for Mexico defender
184102	player	1878	FOOTBALL	new	Marcus Rashford	Roma-Rashford deal appears very complex due to player’s salary
184104	player	1878	FOOTBALL	new	Marcus Rashford	Roma close on Castro for €35m, Dovbyk targeted by Bologna, Rashford too expensive
184104	player	37567337	FOOTBALL	new	Santiago Castro	Roma close on Castro for €35m, Dovbyk targeted by Bologna, Rashford too expensive
184104	team	14	FOOTBALL	new	Manchester United	Roma close on Castro for €35m, Dovbyk targeted by Bologna, Rashford too expensive
184106	player	1878	FOOTBALL	new	Marcus Rashford	Nusa stays Roma’s priority after Rashford and Schjelderup suggestions
184106	player	154421	FOOTBALL	new	Erling Haaland	Nusa stays Roma’s priority after Rashford and Schjelderup suggestions
184106	player	537758	FOOTBALL	new	Donyell Malen	Nusa stays Roma’s priority after Rashford and Schjelderup suggestions
184106	player	9939203	FOOTBALL	new	Crysencio Summerville	Nusa stays Roma’s priority after Rashford and Schjelderup suggestions
184106	player	37567337	FOOTBALL	new	Santiago Castro	Nusa stays Roma’s priority after Rashford and Schjelderup suggestions
184106	player	37570379	FOOTBALL	new	Antonio Nusa	Nusa stays Roma’s priority after Rashford and Schjelderup suggestions
184108	player	37567337	FOOTBALL	new	Santiago Castro	Report – Bologna Star Set to Join Roma
184109	player	9939203	FOOTBALL	new	Crysencio Summerville	Al Hilal poke fun at Roma following Summerville signing: “All roads lead to Al Riyadh.”
184112	player	37567337	FOOTBALL	new	Santiago Castro	Roma working to finalize €35 million deal for Castro
184113	player	37567337	FOOTBALL	new	Santiago Castro	Report Roma want Reyes with first €5m offer for Mexico defender
184113	player	37600364	FOOTBALL	new	Ivan Fresneda	Report Roma want Reyes with first €5m offer for Mexico defender
184116	player	5270371	FOOTBALL	new	Aurélien Tchouameni	Man United put talks for Kone on standby
184116	player	23738800	FOOTBALL	new	Manu Koné	Man United put talks for Kone on standby
184127	team	6	FOOTBALL	new	Tottenham	Milan bid for Martín, Lazio eye 2007-born, Chevalier-Juve 👎 🤑
184127	team	83	FOOTBALL	new	Barcelona	Milan bid for Martín, Lazio eye 2007-born, Chevalier-Juve 👎 🤑
184127	team	597	FOOTBALL	new	Napoli	Milan bid for Martín, Lazio eye 2007-born, Chevalier-Juve 👎 🤑
184129	player	333731	FOOTBALL	new	Cristian Romero	Roma submit official bid for Israel Reyes
184129	team	6	FOOTBALL	new	Tottenham Hotspur	Roma submit official bid for Israel Reyes
184129	team	2930	FOOTBALL	new	Inter Milan	Roma submit official bid for Israel Reyes
184133	team	18	FOOTBALL	new	Chelsea	It's finally happening after 12 years! Salah is joining Beşiktaş...
184137	player	37649990	FOOTBALL	new	Kerim Alajbegovic	Roma renew interest in Alajbegovic
184139	player	23738800	FOOTBALL	new	Manu Kone	Man United hold talks with Kone’s entourage
184152	player	37567337	FOOTBALL	new	Santiago Castro	Roma working on double attacking swoop for Castro and Nusa: The details
184152	player	37570379	FOOTBALL	new	Antonio Nusa	Roma working on double attacking swoop for Castro and Nusa: The details
184152	team	8513	FOOTBALL	new	Bologna	Roma working on double attacking swoop for Castro and Nusa: The details
184154	player	32744	FOOTBALL	new	Borja Mayoral	‘Inability to accept defeat’ - What it is like to play for Jose Mourinho as ex-Real Madrid & Roma star lifts the lid on ‘Special One’
184162	player	1878	FOOTBALL	new	Marcus Rashford	Roma keeps Antonio Nusa as priority amid Rashford and Schjelderup talks
184162	player	154421	FOOTBALL	new	Erling Haaland	Roma keeps Antonio Nusa as priority amid Rashford and Schjelderup talks
184162	team	14	FOOTBALL	new	Manchester United	Roma keeps Antonio Nusa as priority amid Rashford and Schjelderup talks
184162	team	277	FOOTBALL	new	RB Leipzig	Roma keeps Antonio Nusa as priority amid Rashford and Schjelderup talks
184162	team	3320	FOOTBALL	new	FC Köln	Roma keeps Antonio Nusa as priority amid Rashford and Schjelderup talks
184166	team	8513	FOOTBALL	new	Bologna	Dovbyk is moving to another club instead of Genoa – media reports
184179	player	1878	FOOTBALL	new	Marcus Rashford	Man Utd Explores Exchange Deal Involving Rashford for Roma Midfielder Kone
184179	player	23738800	FOOTBALL	new	Manu Kone	Man Utd Explores Exchange Deal Involving Rashford for Roma Midfielder Kone
184186	player	333594	FOOTBALL	new	Lautaro Martinez	Roma Secure First Summer Signing for Gasperini: Santiago Castro Joins from Bologna, Details Emerge
184215	player	31293	FOOTBALL	new	Mathew Leckie	Transfer News LIVE: 17-cap Socceroo set to sign for Indian club, Aussie forward joins UK side in $244k deal
184215	player	173121	FOOTBALL	new	Harry Souttar	Transfer News LIVE: 17-cap Socceroo set to sign for Indian club, Aussie forward joins UK side in $244k deal
184215	team	20	FOOTBALL	new	Newcastle United	Transfer News LIVE: 17-cap Socceroo set to sign for Indian club, Aussie forward joins UK side in $244k deal
184215	team	21	FOOTBALL	new	Sheffield United	Transfer News LIVE: 17-cap Socceroo set to sign for Indian club, Aussie forward joins UK side in $244k deal
184221	team	109	FOOTBALL	new	Fiorentina	Winks and Fazzini arrive to join Cagliari: ‘Happy to be back in Italy’
184225	player	681	FOOTBALL	new	Asmir Begovic	Leicester player with over 250 PL appearances leaves Foxes
184225	player	1131	FOOTBALL	new	Alex McCarthy	Leicester player with over 250 PL appearances leaves Foxes
184225	player	8043762	FOOTBALL	new	Fran Vieites	Leicester player with over 250 PL appearances leaves Foxes
184225	player	13633370	FOOTBALL	new	Jakub Stolarczyk	Leicester player with over 250 PL appearances leaves Foxes
184226	player	1038	FOOTBALL	new	Jordan Ayew	Dom Ballard is a confirmed Leicester target & can be signed
184226	player	55485	FOOTBALL	new	Patson Daka	Dom Ballard is a confirmed Leicester target & can be signed
184231	team	13	FOOTBALL	new	Everton	“A sham” – Finance expert predicts ground-breaking Leeds United legal feud vs 3 PL clubs
184254	player	37563931	FOOTBALL	new	Mason Burstow	Leicester in the hunt for young striker who has won promotion to the Championship
184264	player	1193	FOOTBALL	new	N'Golo Kante	Super Eagles: Al Ittihad step up pursuit of Ndidi – 2 key reasons behind interest
184264	player	5319	FOOTBALL	new	Wilfred Ndidi	Super Eagles: Al Ittihad step up pursuit of Ndidi – 2 key reasons behind interest
184264	player	96099	FOOTBALL	new	Fabinho	Super Eagles: Al Ittihad step up pursuit of Ndidi – 2 key reasons behind interest
184273	player	23698077	FOOTBALL	new	Gustav Isaksen	Celtic Keep Close Tabs On The Lazio Pair: Why They Must Snap Up At Least One Of The Attackers
184273	player	37544805	FOOTBALL	new	Matteo Cancellieri	Celtic Keep Close Tabs On The Lazio Pair: Why They Must Snap Up At Least One Of The Attackers
184276	team	1	FOOTBALL	new	West Ham United	This Week In Lazio History: July 20-26
184277	player	2503729	FOOTBALL	new	Santiago Gimenez	Lazio target Milan pair Musah and Gimenez
184277	player	28575698	FOOTBALL	new	Yunus Musah	Lazio target Milan pair Musah and Gimenez
184278	team	3457	FOOTBALL	new	Levante	Lazio ‘to pursue’ Carlos Espi as loan with obligation explored
184280	player	30482209	FOOTBALL	new	Nicolo Rovella	Gattuso Insists His Team Deserved a Red Card, Hails Lazio Midfielder
184281	player	37325004	FOOTBALL	new	Oliver Provstgaard	Lazio Reject Sporting Club Offer for Defender Considered Untouchable
184281	team	113	FOOTBALL	new	AC Milan	Lazio Reject Sporting Club Offer for Defender Considered Untouchable
184282	player	219486	FOOTBALL	new	Dodo	Milan bid for Martín, Lazio eye 17-year-old, Chevalier-Juve 👎 🤑
184282	team	6	FOOTBALL	new	Tottenham	Milan bid for Martín, Lazio eye 17-year-old, Chevalier-Juve 👎 🤑
184282	team	37	FOOTBALL	new	Roma	Milan bid for Martín, Lazio eye 17-year-old, Chevalier-Juve 👎 🤑
184282	team	83	FOOTBALL	new	Barcelona	Milan bid for Martín, Lazio eye 17-year-old, Chevalier-Juve 👎 🤑
184282	team	597	FOOTBALL	new	Napoli	Milan bid for Martín, Lazio eye 17-year-old, Chevalier-Juve 👎 🤑
184282	team	8513	FOOTBALL	new	Bologna	Milan bid for Martín, Lazio eye 17-year-old, Chevalier-Juve 👎 🤑
184306	player	23278674	FOOTBALL	new	Fisayo Dele-Bashiru	Dele-Bashiru sends message to Gattuso with goal in Lazio's emphatic 6-0 pre-season win
184311	player	134056	FOOTBALL	new	Alessandro Buongiorno	Italian Football Clubs Target Transfer Window Upgrades Ahead of Season
184311	player	37699443	FOOTBALL	new	Matias Moreno	Italian Football Clubs Target Transfer Window Upgrades Ahead of Season
184311	team	6	FOOTBALL	new	Tottenham Hotspur	Italian Football Clubs Target Transfer Window Upgrades Ahead of Season
184311	team	83	FOOTBALL	new	Barcelona	Italian Football Clubs Target Transfer Window Upgrades Ahead of Season
184311	team	113	FOOTBALL	new	Milan	Italian Football Clubs Target Transfer Window Upgrades Ahead of Season
184311	team	267	FOOTBALL	new	Venezia	Italian Football Clubs Target Transfer Window Upgrades Ahead of Season
184311	team	597	FOOTBALL	new	Napoli	Italian Football Clubs Target Transfer Window Upgrades Ahead of Season
184317	player	100190	FOOTBALL	new	Ismael Bennacer	Bennacer flies out for new job in Qatar after Milan terminate contract
184319	player	31739	FOOTBALL	new	Pierre-Emerick Aubameyang	Deportivo A Coruña play out goalless friendly at Real Oviedo
184319	player	186287	FOOTBALL	new	Ximo Navarro	Deportivo A Coruña play out goalless friendly at Real Oviedo
184319	player	187079	FOOTBALL	new	Dani Calvo	Deportivo A Coruña play out goalless friendly at Real Oviedo
184319	player	37553170	FOOTBALL	new	Miguel Narváez	Deportivo A Coruña play out goalless friendly at Real Oviedo
184319	player	37597528	FOOTBALL	new	Jonathan Asp Jensen	Deportivo A Coruña play out goalless friendly at Real Oviedo
184331	player	32403	FOOTBALL	new	Ousmane Dembele	What we know as Al Hilal open talks for Iliman Ndiaye transfer from Everton
184331	player	9939203	FOOTBALL	new	Crysencio Summerville	What we know as Al Hilal open talks for Iliman Ndiaye transfer from Everton
184331	team	1	FOOTBALL	new	West Ham United	What we know as Al Hilal open talks for Iliman Ndiaye transfer from Everton
184331	team	8	FOOTBALL	new	Liverpool	What we know as Al Hilal open talks for Iliman Ndiaye transfer from Everton
184331	team	591	FOOTBALL	new	Paris Saint-Germain	What we know as Al Hilal open talks for Iliman Ndiaye transfer from Everton
184333	team	113	FOOTBALL	new	AC Milan	Rafael Leao rejects Galatasaray loan offer as Fenerbahce prepares fresh bid
184363	player	516291	FOOTBALL	new	Nayef Aguerd	Mercato OM: Ça se précise pour Aguerd
184365	player	529856	FOOTBALL	new	Jean-Clair Todibo	OM Mercato : un ex du FC Barcelone a dit oui à Marseille !
184366	player	13171199	FOOTBALL	new	Leonardo Balerdi	Mercato : L'OM voit grand avec une star du Real Madrid !
184380	team	14	FOOTBALL	new	Manchester United	Weekly Crystal Palace News Roundup - Monday 27th July
184380	team	18	FOOTBALL	new	Chelsea	Weekly Crystal Palace News Roundup - Monday 27th July
184380	team	90	FOOTBALL	new	Augsburg	Weekly Crystal Palace News Roundup - Monday 27th July
184395	team	18	FOOTBALL	new	Chelsea	Crystal Palace hold talks to hijack Trevoh Chalobah transfer
184412	player	5666458	FOOTBALL	new	Maxence Lacroix	Southampton’s 2022 Lacroix miss now stings as Palace defender nears big-money move
184412	team	18	FOOTBALL	new	Chelsea	Southampton’s 2022 Lacroix miss now stings as Palace defender nears big-money move
184436	player	96950	FOOTBALL	new	Jean-Philippe Mateta	Rayo Vallecano
184436	player	37350704	FOOTBALL	new	Adam Wharton	Rayo Vallecano
184444	player	37526007	FOOTBALL	new	André	Crystal Palace take close look at Corinthians gem – Brazilian scouting mission
184451	team	90	FOOTBALL	new	FC Augsburg	Crystal Palace fail with €25 million bid for Chrislain Matsima
184453	player	540251	FOOTBALL	new	Rafael Leao	Transfer news and rumours today: Crystal Palace submit £21.3m bid for defender, Celtic agree fee for Daizen Maeda replacement
184453	player	23269627	FOOTBALL	new	Chrislain Matsima	Transfer news and rumours today: Crystal Palace submit £21.3m bid for defender, Celtic agree fee for Daizen Maeda replacement
184453	team	8	FOOTBALL	new	Liverpool	Transfer news and rumours today: Crystal Palace submit £21.3m bid for defender, Celtic agree fee for Daizen Maeda replacement
184453	team	13	FOOTBALL	new	Everton	Transfer news and rumours today: Crystal Palace submit £21.3m bid for defender, Celtic agree fee for Daizen Maeda replacement
184453	team	19	FOOTBALL	new	Arsenal	Transfer news and rumours today: Crystal Palace submit £21.3m bid for defender, Celtic agree fee for Daizen Maeda replacement
184453	team	71	FOOTBALL	new	Leeds United	Transfer news and rumours today: Crystal Palace submit £21.3m bid for defender, Celtic agree fee for Daizen Maeda replacement
184471	player	37550443	FOOTBALL	new	Alex Scott	Scott comparisons and "surreal" first team experiences - Childhood Cherry Stevens
184471	player	37732368	FOOTBALL	new	Charlie Stevens	Scott comparisons and "surreal" first team experiences - Childhood Cherry Stevens
184473	team	83	FOOTBALL	new	Barcelona	What If Other Clubs Adopted Bournemouth's Boxed Sponsor Design?
184473	team	503	FOOTBALL	new	Bayern Munich	What If Other Clubs Adopted Bournemouth's Boxed Sponsor Design?
184478	player	37550443	FOOTBALL	new	Alex Scott	WATCH - Childhood Cherries fan Stevens chats to Daily Echo in Austria
184478	player	37732368	FOOTBALL	new	Charlie Stevens	WATCH - Childhood Cherries fan Stevens chats to Daily Echo in Austria
184483	player	21394947	FOOTBALL	new	Julian Alvarez	Barcelona consider Kroupi as backup to Alvarez
184483	player	37632336	FOOTBALL	new	Eli Junior Kroupi	Barcelona consider Kroupi as backup to Alvarez
184491	player	21394947	FOOTBALL	new	Julian Alvarez	Deco Turns to €100m Kroupi as Alvarez Route Closes for Barcelona
184491	player	37632336	FOOTBALL	new	Eli Junior Kroupi	Deco Turns to €100m Kroupi as Alvarez Route Closes for Barcelona
184493	player	333989	FOOTBALL	new	Marcos Senesi	WATCH - Diakite speaks to Daily Echo on summer's opportunity with Cherries
184493	player	22536030	FOOTBALL	new	Bafode Diakite	WATCH - Diakite speaks to Daily Echo on summer's opportunity with Cherries
184501	player	37679567	FOOTBALL	new	Rayan	Liverpool in club-to-club contact over potential £130m transfer
184565	team	14	FOOTBALL	new	Manchester United	Arsenal urged to move for Alex Scott after Chelsea bid rejected
184575	player	49353	FOOTBALL	new	Vedat Muriqi	Bad news for Luca Zidane
184575	player	433811	FOOTBALL	new	Kader Bamba	Bad news for Luca Zidane
184575	team	377	FOOTBALL	new	Rayo Vallecano	Bad news for Luca Zidane
184578	player	1488	FOOTBALL	new	Kelechi Iheanacho	Transfer: Another Super Eagles star nears move to Turkey after Iheanacho
184578	player	161320	FOOTBALL	new	Chidozie Awaziem	Transfer: Another Super Eagles star nears move to Turkey after Iheanacho
184606	player	52867	FOOTBALL	new	Xaver Schlager	Nottingham Forest ‘submit’ second bid for Givairo Read as player open to move
184606	team	9	FOOTBALL	new	Manchester City	Nottingham Forest ‘submit’ second bid for Givairo Read as player open to move
184606	team	503	FOOTBALL	new	Bayern Munich	Nottingham Forest ‘submit’ second bid for Givairo Read as player open to move
184607	player	914	FOOTBALL	new	Chris Wood	Three Must-Have Nottingham Forest Stars in FPL
184607	player	154421	FOOTBALL	new	Erling Haaland	Three Must-Have Nottingham Forest Stars in FPL
184616	team	21	FOOTBALL	new	Sheffield United	Ben Osborn
184620	player	289398	FOOTBALL	new	Marshall Munetsi	Premier League side Nottingham Forest eyes Zim prodigy
184632	player	332047	FOOTBALL	new	Elliot Anderson	Why Nottingham Forest have to walk away from deal for Lucas Bergvall
184632	team	6	FOOTBALL	new	Tottenham Hotspur	Why Nottingham Forest have to walk away from deal for Lucas Bergvall
184637	team	9	FOOTBALL	new	Manchester City	Nottingham Forest 'having second thoughts' about signing Rico Lewis
184641	player	914	FOOTBALL	new	Chris Wood	Nottingham Forest are making a big mistake by lining up Beto deal
184641	player	26506	FOOTBALL	new	Taiwo Awoniyi	Nottingham Forest are making a big mistake by lining up Beto deal
184641	player	23269650	FOOTBALL	new	Arnaud Kalimuendo	Nottingham Forest are making a big mistake by lining up Beto deal
184641	team	13	FOOTBALL	new	Everton	Nottingham Forest are making a big mistake by lining up Beto deal
184649	player	96950	FOOTBALL	new	Jean-Philippe Mateta	Forget Bergvall: Why £25m star is the perfect signing for Nottingham Forest
184649	player	37607151	FOOTBALL	new	Lucas Bergvall	Forget Bergvall: Why £25m star is the perfect signing for Nottingham Forest
184649	team	6	FOOTBALL	new	Tottenham Hotspur	Forget Bergvall: Why £25m star is the perfect signing for Nottingham Forest
184649	team	8	FOOTBALL	new	Liverpool	Forget Bergvall: Why £25m star is the perfect signing for Nottingham Forest
184649	team	18	FOOTBALL	new	Chelsea	Forget Bergvall: Why £25m star is the perfect signing for Nottingham Forest
184649	team	19	FOOTBALL	new	Arsenal	Forget Bergvall: Why £25m star is the perfect signing for Nottingham Forest
184649	team	51	FOOTBALL	new	Crystal Palace	Forget Bergvall: Why £25m star is the perfect signing for Nottingham Forest
184649	team	83	FOOTBALL	new	Barcelona	Forget Bergvall: Why £25m star is the perfect signing for Nottingham Forest
184649	team	503	FOOTBALL	new	Bayern Munich	Forget Bergvall: Why £25m star is the perfect signing for Nottingham Forest
184649	team	3468	FOOTBALL	new	Real Madrid	Forget Bergvall: Why £25m star is the perfect signing for Nottingham Forest
184651	player	955	FOOTBALL	new	Luke Shaw	Forest’s €20m Bid for Reid Leaves Man United Scrambling
184651	player	28716	FOOTBALL	new	Noussair Mazraoui	Forest’s €20m Bid for Reid Leaves Man United Scrambling
184651	player	2158417	FOOTBALL	new	Tyrell Malacia	Forest’s €20m Bid for Reid Leaves Man United Scrambling
184651	player	37459072	FOOTBALL	new	Lewis Hall	Forest’s €20m Bid for Reid Leaves Man United Scrambling
184651	player	37675777	FOOTBALL	new	Harry Amass	Forest’s €20m Bid for Reid Leaves Man United Scrambling
184651	team	8	FOOTBALL	new	Liverpool	Forest’s €20m Bid for Reid Leaves Man United Scrambling
184652	team	8	FOOTBALL	new	Liverpool	Nottingham Forest can offer Federico Chiesa a key role and £100,000-a-week deal - verdict
184666	team	503	FOOTBALL	new	Bayern Munich	Nottingham Forest Submit Bid for Feyenoord Defender Givairo Read
184690	player	28575686	FOOTBALL	new	James Trafford	Leeds United transfer round-up: Julian Brandt latest as sixth player leaves Whites permanently
184690	player	37442672	FOOTBALL	new	Shea Charles	Leeds United transfer round-up: Julian Brandt latest as sixth player leaves Whites permanently
184715	team	82	FOOTBALL	new	Werder Bremen	New Schalke 04 signing Maximilian Wöber reveals Bundesliga comeback plan
184716	player	4817	FOOTBALL	new	Loris Karius	“Maybe I can become a candidate”: former protégé of Jürgen Klopp hopes for DFB team debut
184720	team	71	FOOTBALL	new	Leeds United	New Schalke 04 signing Maximilian Wöber reveals Bundesliga comeback plan
184720	team	82	FOOTBALL	new	Werder Bremen	New Schalke 04 signing Maximilian Wöber reveals Bundesliga comeback plan
184721	player	1358	FOOTBALL	new	Edin Džeko	Schalke reportedly tie down young defender Mertcan Ayhan to new long-term deal
184724	player	1358	FOOTBALL	new	Edin Džeko	Schalke close to tying down duo to new deals
184728	player	1358	FOOTBALL	new	Edin Džeko	Gosens makes Schalke debut as Džeko talks stall
184728	player	25242	FOOTBALL	new	Robin Gosens	Gosens makes Schalke debut as Džeko talks stall
184731	player	25242	FOOTBALL	new	Robin Gosens	Džeko reportedly set to stay at Schalke in Bundesliga return
184731	team	90	FOOTBALL	new	Augsburg	Džeko reportedly set to stay at Schalke in Bundesliga return
184737	team	90	FOOTBALL	new	FC Augsburg	Werder Bremen ‘to join’ Schalke and Gladbach race for Felix Uduokhai
184749	player	31878	FOOTBALL	new	Kaan Ayhan	Schalke 04 extend 19-year-old defender Mertcan Ayhan's contract until 2030
184790	player	32158	FOOTBALL	new	Julian Brandt	Leeds United and Ajax in the hunt for former Borussia Dortmund ace
184791	player	32158	FOOTBALL	new	Julian Brandt	Strong criticism of the Bundesliga: BVB chief Cramer is annoyed by one particular thing
184791	player	37341806	FOOTBALL	new	Yan Couto	Strong criticism of the Bundesliga: BVB chief Cramer is annoyed by one particular thing
184791	team	37	FOOTBALL	new	AS Roma	Strong criticism of the Bundesliga: BVB chief Cramer is annoyed by one particular thing
184791	team	71	FOOTBALL	new	Leeds United	Strong criticism of the Bundesliga: BVB chief Cramer is annoyed by one particular thing
184791	team	503	FOOTBALL	new	Bayern Munich	Strong criticism of the Bundesliga: BVB chief Cramer is annoyed by one particular thing
184794	player	25499	FOOTBALL	new	Sebastien Haller	Borussia Dortmund's most expensive signings, ranked
184794	player	30372	FOOTBALL	new	Mats Hummels	Borussia Dortmund's most expensive signings, ranked
184794	player	32403	FOOTBALL	new	Ousmane Dembele	Borussia Dortmund's most expensive signings, ranked
184794	player	37255840	FOOTBALL	new	Jude Bellingham	Borussia Dortmund's most expensive signings, ranked
184794	player	37581777	FOOTBALL	new	Jobe Bellingham	Borussia Dortmund's most expensive signings, ranked
184795	team	19	FOOTBALL	new	Arsenal	Clear criticism of the Bundesliga: BVB chief Cramer is annoyed by one particular thing
184795	team	37	FOOTBALL	new	AS Roma	Clear criticism of the Bundesliga: BVB chief Cramer is annoyed by one particular thing
184795	team	71	FOOTBALL	new	Leeds United	Clear criticism of the Bundesliga: BVB chief Cramer is annoyed by one particular thing
184795	team	503	FOOTBALL	new	Bayern Munich	Clear criticism of the Bundesliga: BVB chief Cramer is annoyed by one particular thing
184795	team	1092	FOOTBALL	new	Fortuna Düsseldorf	Clear criticism of the Bundesliga: BVB chief Cramer is annoyed by one particular thing
184796	player	37709599	FOOTBALL	new	Said El Mala	Ole Book confirms Dortmund’s interest in signing two attackers amid El Mala and Karetsas links
184809	team	14	FOOTBALL	new	Manchester United	Sancho receives a surprise offer from an Arab club
184815	player	538034	FOOTBALL	new	Jadon Sancho	Sancho has big Qatar offer after Man Utd exit
184820	player	37709599	FOOTBALL	new	Said El Mala	Ole Book confirms Dortmund interest in two attackers amid Mala and Karetsas links
184820	team	3320	FOOTBALL	new	Köln	Ole Book confirms Dortmund interest in two attackers amid Mala and Karetsas links
184828	team	14	FOOTBALL	new	Manchester United	Jadon Sancho faces the biggest turning point in his career
184828	team	15	FOOTBALL	new	Aston Villa	Jadon Sancho faces the biggest turning point in his career
184838	player	538034	FOOTBALL	new	Jadon Sancho	No Borussia comeback? Sancho receives a surprise offer
184849	player	32695	FOOTBALL	new	Serhou Guirassy	The expected news came to Fenerbahçe from Borussia Dortmund
184850	player	28912976	FOOTBALL	new	Liam Delap	Jamie Gittens Discusses Xabi Alonso’s Aura and Prep for the New Season
184850	team	18	FOOTBALL	new	Chelsea	Jamie Gittens Discusses Xabi Alonso’s Aura and Prep for the New Season
184853	player	154421	FOOTBALL	new	Erling Haaland	He will eventually play for them — Haaland's former teammate names his dream club
184853	team	3468	FOOTBALL	new	Real Madrid	He will eventually play for them — Haaland's former teammate names his dream club
184864	player	262274	FOOTBALL	new	Jack Harrison	Harrison returns to MLS with New England Revolution
184874	player	5141	FOOTBALL	new	Dominic Calvert-Lewin	Everything you need to know about Leeds United's friendly defeat to Wrexham
184874	player	5403	FOOTBALL	new	Harry Wilson	Everything you need to know about Leeds United's friendly defeat to Wrexham
184874	player	5681	FOOTBALL	new	Kieffer Moore	Everything you need to know about Leeds United's friendly defeat to Wrexham
184874	player	29382	FOOTBALL	new	Joel Piroe	Everything you need to know about Leeds United's friendly defeat to Wrexham
184874	player	173737	FOOTBALL	new	Sean Longstaff	Everything you need to know about Leeds United's friendly defeat to Wrexham
184874	player	262274	FOOTBALL	new	Jack Harrison	Everything you need to know about Leeds United's friendly defeat to Wrexham
184874	player	460159	FOOTBALL	new	Lucas Perri	Everything you need to know about Leeds United's friendly defeat to Wrexham
184874	player	1548632	FOOTBALL	new	Jaka Bijol	Everything you need to know about Leeds United's friendly defeat to Wrexham
184874	player	4536574	FOOTBALL	new	Sebastiaan Bornauw	Everything you need to know about Leeds United's friendly defeat to Wrexham
184874	player	37529525	FOOTBALL	new	Tarik Muharemovic	Everything you need to know about Leeds United's friendly defeat to Wrexham
184884	player	37769337	FOOTBALL	new	Jayden Lienou	Leeds United ratings vs Wrexham as Sean Longstaff shines and youngster impresses
184886	team	9	FOOTBALL	new	Manchester City	Enzo Maresca on James Trafford with Leeds in discussions over deal
184887	player	173737	FOOTBALL	new	Sean Longstaff	Leeds United player ratings as Whites lose 3-2 to Wrexham: £15m man gets 8, Joe Rodon struggles
184888	player	1267	FOOTBALL	new	Pablo Hernandez	Leeds United News: Pablo's 'special' La Liga and Elland Road reunion ends with win
184888	team	214	FOOTBALL	new	Valencia	Leeds United News: Pablo's 'special' La Liga and Elland Road reunion ends with win
184892	team	109	FOOTBALL	new	Fiorentina	Leeds United sell Jack Harrison to New England Revolution after eight years at Elland Road
184915	player	262274	FOOTBALL	new	Jack Harrison	Ex Gatorade National Player of the Year returns to MA with the Revs
184915	team	9	FOOTBALL	new	Manchester City	Ex Gatorade National Player of the Year returns to MA with the Revs
184915	team	13	FOOTBALL	new	Everton	Ex Gatorade National Player of the Year returns to MA with the Revs
184915	team	109	FOOTBALL	new	Fiorentina	Ex Gatorade National Player of the Year returns to MA with the Revs
184917	team	3	FOOTBALL	new	Sunderland	Trio of goals please boss Parkinson after Wrexham's latest win
184917	team	8	FOOTBALL	new	Liverpool	Trio of goals please boss Parkinson after Wrexham's latest win
184919	player	5403	FOOTBALL	new	Harry Wilson	Daniel Farke names Leeds team vs Wrexham, Wilson on bench as three youngsters start
184919	player	12542	FOOTBALL	new	Ethan Ampadu	Daniel Farke names Leeds team vs Wrexham, Wilson on bench as three youngsters start
184919	player	339112	FOOTBALL	new	Joe Rodon	Daniel Farke names Leeds team vs Wrexham, Wilson on bench as three youngsters start
184928	player	262274	FOOTBALL	new	Jack Harrison	Ex Gatorade National Player of the Year returns to MA with the Revs
184928	team	9	FOOTBALL	new	Manchester City	Ex Gatorade National Player of the Year returns to MA with the Revs
184928	team	13	FOOTBALL	new	Everton	Ex Gatorade National Player of the Year returns to MA with the Revs
184928	team	109	FOOTBALL	new	Fiorentina	Ex Gatorade National Player of the Year returns to MA with the Revs
184930	player	262274	FOOTBALL	new	Jack Harrison	Ex Gatorade National Player of the Year returns to MA with the Revs
184930	team	9	FOOTBALL	new	Manchester City	Ex Gatorade National Player of the Year returns to MA with the Revs
184930	team	13	FOOTBALL	new	Everton	Ex Gatorade National Player of the Year returns to MA with the Revs
184930	team	109	FOOTBALL	new	Fiorentina	Ex Gatorade National Player of the Year returns to MA with the Revs
184931	player	262274	FOOTBALL	new	Jack Harrison	Ex Gatorade National Player of the Year returns to MA with the Revs
184931	team	9	FOOTBALL	new	Manchester City	Ex Gatorade National Player of the Year returns to MA with the Revs
184931	team	13	FOOTBALL	new	Everton	Ex Gatorade National Player of the Year returns to MA with the Revs
184931	team	109	FOOTBALL	new	Fiorentina	Ex Gatorade National Player of the Year returns to MA with the Revs
184932	team	14	FOOTBALL	new	Manchester United	Sam's the man once again as Wrexham start USA tour with win over Leeds
184933	team	3	FOOTBALL	new	Sunderland	Leeds United relegation odds outlined as pre-season tour begins in USA
184933	team	6	FOOTBALL	new	Tottenham	Leeds United relegation odds outlined as pre-season tour begins in USA
184933	team	13	FOOTBALL	new	Everton	Leeds United relegation odds outlined as pre-season tour begins in USA
184933	team	14	FOOTBALL	new	Manchester United	Leeds United relegation odds outlined as pre-season tour begins in USA
184933	team	19	FOOTBALL	new	Arsenal	Leeds United relegation odds outlined as pre-season tour begins in USA
184933	team	20	FOOTBALL	new	Newcastle United	Leeds United relegation odds outlined as pre-season tour begins in USA
184933	team	51	FOOTBALL	new	Crystal Palace	Leeds United relegation odds outlined as pre-season tour begins in USA
184933	team	63	FOOTBALL	new	Nottingham Forest	Leeds United relegation odds outlined as pre-season tour begins in USA
184940	player	262274	FOOTBALL	new	Jack Harrison	Ex Gatorade National Player of the Year returns to MA with the Revs
184940	team	9	FOOTBALL	new	Manchester City	Ex Gatorade National Player of the Year returns to MA with the Revs
184940	team	13	FOOTBALL	new	Everton	Ex Gatorade National Player of the Year returns to MA with the Revs
184940	team	109	FOOTBALL	new	Fiorentina	Ex Gatorade National Player of the Year returns to MA with the Revs
184942	player	262274	FOOTBALL	new	Jack Harrison	Ex Gatorade National Player of the Year returns to MA with the Revs
184942	team	13	FOOTBALL	new	Everton	Ex Gatorade National Player of the Year returns to MA with the Revs
184942	team	109	FOOTBALL	new	Fiorentina	Ex Gatorade National Player of the Year returns to MA with the Revs
184945	team	9	FOOTBALL	new	Manchester City	Enzo Maresca says James Trafford remains a City keeper amid Leeds talks
184951	player	5403	FOOTBALL	new	Harry Wilson	Wrexham manager praises Leeds win
184951	player	29382	FOOTBALL	new	Joel Piroe	Wrexham manager praises Leeds win
184951	player	339112	FOOTBALL	new	Joe Rodon	Wrexham manager praises Leeds win
184951	player	460159	FOOTBALL	new	Lucas Perri	Wrexham manager praises Leeds win
184954	team	6	FOOTBALL	new	Tottenham Hotspur	Ranking the new Premier League kits for the 2026-27 season
184954	team	8	FOOTBALL	new	Liverpool	Ranking the new Premier League kits for the 2026-27 season
184954	team	9	FOOTBALL	new	Manchester City	Ranking the new Premier League kits for the 2026-27 season
184954	team	14	FOOTBALL	new	Manchester United	Ranking the new Premier League kits for the 2026-27 season
184954	team	15	FOOTBALL	new	Aston Villa	Ranking the new Premier League kits for the 2026-27 season
184954	team	18	FOOTBALL	new	Chelsea	Ranking the new Premier League kits for the 2026-27 season
184954	team	19	FOOTBALL	new	Arsenal	Ranking the new Premier League kits for the 2026-27 season
184954	team	20	FOOTBALL	new	Newcastle United	Ranking the new Premier League kits for the 2026-27 season
184957	player	529960	FOOTBALL	new	Oumar Solet	Deal Off: Leeds United Pull Out of Transfer After Injury Worry Emerges
184957	player	28575686	FOOTBALL	new	James Trafford	Deal Off: Leeds United Pull Out of Transfer After Injury Worry Emerges
184963	player	802	FOOTBALL	new	Raheem Sterling	GW1 Ones to watch: Bernardo Silva
184963	player	1371	FOOTBALL	new	Kevin De Bruyne	GW1 Ones to watch: Bernardo Silva
184963	team	9	FOOTBALL	new	Manchester City	GW1 Ones to watch: Bernardo Silva
184965	player	9611543	FOOTBALL	new	Anthony Gordon	While waiting for Liverpool's stance: Brighton knock on Barcelona's door with an official offer
184965	player	37598766	FOOTBALL	new	Roony Bardghji	While waiting for Liverpool's stance: Brighton knock on Barcelona's door with an official offer
184965	player	37655226	FOOTBALL	new	Yankuba Minteh	While waiting for Liverpool's stance: Brighton knock on Barcelona's door with an official offer
184965	player	37656179	FOOTBALL	new	Lamine Yamal	While waiting for Liverpool's stance: Brighton knock on Barcelona's door with an official offer
184967	team	9	FOOTBALL	new	Manchester City	Adobe Women's FA Cup 2025-2026 - Football news & results
184979	player	62342	FOOTBALL	new	Youri Tielemans	£70 Million PL Midfielder "Super Keen" On Man Utd Move As Decision To Be Made
184979	player	159700	FOOTBALL	new	Casemiro	£70 Million PL Midfielder "Super Keen" On Man Utd Move As Decision To Be Made
184979	player	186910	FOOTBALL	new	Rodri	£70 Million PL Midfielder "Super Keen" On Man Utd Move As Decision To Be Made
184979	player	332047	FOOTBALL	new	Elliot Anderson	£70 Million PL Midfielder "Super Keen" On Man Utd Move As Decision To Be Made
184979	player	2823228	FOOTBALL	new	Sandro Tonali	£70 Million PL Midfielder "Super Keen" On Man Utd Move As Decision To Be Made
184979	player	5270371	FOOTBALL	new	Aurélien Tchouaméni	£70 Million PL Midfielder "Super Keen" On Man Utd Move As Decision To Be Made
184979	player	37562129	FOOTBALL	new	Andrey Santos	£70 Million PL Midfielder "Super Keen" On Man Utd Move As Decision To Be Made
184979	player	37588823	FOOTBALL	new	Carlos Baleba	£70 Million PL Midfielder "Super Keen" On Man Utd Move As Decision To Be Made
184979	player	37593153	FOOTBALL	new	Mateus Fernandes	£70 Million PL Midfielder "Super Keen" On Man Utd Move As Decision To Be Made
184983	player	37588823	FOOTBALL	new	Carlos Baleba	He Wants Move: Man Utd Get Green Light To Sign £70m Star, Another Midfielder Agrees Deal
184983	team	37	FOOTBALL	new	AS Roma	He Wants Move: Man Utd Get Green Light To Sign £70m Star, Another Midfielder Agrees Deal
184985	player	23738800	FOOTBALL	new	Manu Kone	Fabrizio Romano says Carlos Baleba is 'super keen on joining Manchester United,' and reveals where two other midfield deals stand
184991	team	15	FOOTBALL	new	Aston Villa	Donald Trump ruins English soccer team's preseason camp as pitches made unusable
184991	team	18	FOOTBALL	new	Chelsea	Donald Trump ruins English soccer team's preseason camp as pitches made unusable
184991	team	37	FOOTBALL	new	Roma	Donald Trump ruins English soccer team's preseason camp as pitches made unusable
184991	team	686	FOOTBALL	new	Strasbourg	Donald Trump ruins English soccer team's preseason camp as pitches made unusable
184991	team	8513	FOOTBALL	new	Bologna	Donald Trump ruins English soccer team's preseason camp as pitches made unusable
184997	player	37731112	FOOTBALL	new	Carlos Espi	£21.4m striker set for mystery PL transfer – Would be ideal for Leeds United: View
184998	team	37	FOOTBALL	new	Roma	Manu Kone: United locked in talks with Frenchman’s agents
185005	player	37317369	FOOTBALL	new	Bradley Barcola	This in-demand France star has turned down an extension at PSG
185005	team	8	FOOTBALL	new	Liverpool	This in-demand France star has turned down an extension at PSG
185005	team	19	FOOTBALL	new	Arsenal	This in-demand France star has turned down an extension at PSG
185005	team	503	FOOTBALL	new	Bayern Munich	This in-demand France star has turned down an extension at PSG
185013	team	591	FOOTBALL	new	Paris Saint-Germain	Fabrizio Romano's latest update a major boost to Liverpool's hopes of signing Bradley Barcola
185015	team	9	FOOTBALL	new	Manchester City	Leeds striker target remains on the bench as Fabrizio Romano confirms imminent exit
185019	team	591	FOOTBALL	new	Paris Saint-Germain	Bradley Barcola 'open' to Liverpool transfer
185031	player	1453	FOOTBALL	new	Joe Gomez	Andoni Iraola provides positive Liverpool injury update
185031	player	1743	FOOTBALL	new	Virgil van Dijk	Andoni Iraola provides positive Liverpool injury update
185031	player	37631909	FOOTBALL	new	Jeremy Jacquet	Andoni Iraola provides positive Liverpool injury update
185031	player	37685025	FOOTBALL	new	Giovanni Leoni	Andoni Iraola provides positive Liverpool injury update
185035	player	31625938	FOOTBALL	new	Radek Vitek	Sky Sports Reporter: Man United Ready to Sell Star This Summer
185041	player	154421	FOOTBALL	new	Erling Haaland	Revealed: Manchester City’s FPL prices for the 2026-27 season
185041	player	162536	FOOTBALL	new	Ruben Dias	Revealed: Manchester City’s FPL prices for the 2026-27 season
185041	player	4536500	FOOTBALL	new	Marc Guehi	Revealed: Manchester City’s FPL prices for the 2026-27 season
185041	player	24838191	FOOTBALL	new	Josko Gvardiol	Revealed: Manchester City’s FPL prices for the 2026-27 season
185041	player	37548599	FOOTBALL	new	Max Alleyne	Revealed: Manchester City’s FPL prices for the 2026-27 season
185041	team	18	FOOTBALL	new	Chelsea	Revealed: Manchester City’s FPL prices for the 2026-27 season
185041	team	19	FOOTBALL	new	Arsenal	Revealed: Manchester City’s FPL prices for the 2026-27 season
185041	team	52	FOOTBALL	new	Bournemouth	Revealed: Manchester City’s FPL prices for the 2026-27 season
185045	player	1887	FOOTBALL	new	Granit Xhaka	Update On The Future Of This Sunderland Midfielder: Good Move For Both Parties?
185047	player	37317369	FOOTBALL	new	Bradley Barcola	Report: World-class forward turns down move to Chelsea
185047	team	8	FOOTBALL	new	Liverpool	Report: World-class forward turns down move to Chelsea
185047	team	591	FOOTBALL	new	PSG	Report: World-class forward turns down move to Chelsea
185049	player	37527169	FOOTBALL	new	Savinho	Tottenham Hotspur Are Ready To Be Patient For This Man City Winger: Good Option For De Zerbi?
185051	player	23698077	FOOTBALL	new	Gustav Isaksen	Celtic Keep Close Tabs On The Lazio Pair: Why They Must Snap Up At Least One Of The Attackers
185051	player	37544805	FOOTBALL	new	Matteo Cancellieri	Celtic Keep Close Tabs On The Lazio Pair: Why They Must Snap Up At Least One Of The Attackers
185053	player	600687	FOOTBALL	new	Vinicius Junior	Liverpool Remain Keen On Recruiting This Real Madrid Winger: Dream Signing For Iraola?
185055	player	200872	FOOTBALL	new	Miro Muheim	HSV: These youngsters stood out in training camp
185055	player	37645180	FOOTBALL	new	Fábio Baldé	HSV: These youngsters stood out in training camp
185055	player	37657587	FOOTBALL	new	Luka Vuskovic	HSV: These youngsters stood out in training camp
185055	player	37660397	FOOTBALL	new	Otto Stange	HSV: These youngsters stood out in training camp
185055	player	37769153	FOOTBALL	new	Louis Lemke	HSV: These youngsters stood out in training camp
185055	team	2831	FOOTBALL	new	Heidenheim	HSV: These youngsters stood out in training camp
185063	player	333689	FOOTBALL	new	Santiago Ascacíbar	Riestra v Boca, Clausura 2026: kick-off time, line-ups and TV
185079	player	84427	FOOTBALL	new	Mads Pedersen	Tadeı Pogachar besinshi ret Týr de Frans jeńip, rekordty qaıtalady
185114	team	19	FOOTBALL	new	Arsenal	How Barcelona's Away Kit Would Have Looked With a Gradient Spotify Logo
185117	team	7980	FOOTBALL	new	Atlético Madrid	Deco gets the job done: five deals to solve Barcelona's puzzle
185119	player	448389	FOOTBALL	new	Ferran Torres	Strict plan: Barcelona refuses to make concessions to tempt Torres
185119	team	591	FOOTBALL	new	Paris Saint-Germain	Strict plan: Barcelona refuses to make concessions to tempt Torres
185136	team	13	FOOTBALL	new	Everton	Barcelona re-sign Martina Fernandez after activating buy-back clause
185147	player	186299	FOOTBALL	new	Aymeric Laporte	Why Barcelona ‘Snubbed’ World Cup Winner for Problem Position
185147	player	337394	FOOTBALL	new	Jules Koundé	Why Barcelona ‘Snubbed’ World Cup Winner for Problem Position
185147	player	37656790	FOOTBALL	new	Pau Cubarsí	Why Barcelona ‘Snubbed’ World Cup Winner for Problem Position
185154	player	21394947	FOOTBALL	new	Julian Alvarez	Barcelona shields itself from any betrayal by Torres
185154	player	32819099	FOOTBALL	new	Fisnik Asllani	Barcelona shields itself from any betrayal by Torres
185154	team	277	FOOTBALL	new	Leipzig	Barcelona shields itself from any betrayal by Torres
185155	player	31284	FOOTBALL	new	Marc-Andre ter Stegen	Ter Stegen's loan move to Ajax progresses, but slowly
185157	player	4460	FOOTBALL	new	Andreas Christensen	Five Barcelona Players Who Need to Impress in Preseason
185157	player	26536	FOOTBALL	new	Frenkie de Jong	Five Barcelona Players Who Need to Impress in Preseason
185157	player	160956	FOOTBALL	new	João Cancelo	Five Barcelona Players Who Need to Impress in Preseason
185157	player	337394	FOOTBALL	new	Jules Koundé	Five Barcelona Players Who Need to Impress in Preseason
185157	player	37357510	FOOTBALL	new	Gerard Martín	Five Barcelona Players Who Need to Impress in Preseason
185157	player	37584217	FOOTBALL	new	Marc Casadó	Five Barcelona Players Who Need to Impress in Preseason
185158	player	469717	FOOTBALL	new	Ronald Araujo	FC Barcelona News: 26 July 2026; Rodri in demand, Frenkie de Jong injury fears
185158	player	37357510	FOOTBALL	new	Gerard Martin	FC Barcelona News: 26 July 2026; Rodri in demand, Frenkie de Jong injury fears
185162	player	186910	FOOTBALL	new	Rodri	Real Madrid Face Competition From Barcelona for World Cup Hero—Report
185162	team	9	FOOTBALL	new	Manchester City	Real Madrid Face Competition From Barcelona for World Cup Hero—Report
185162	team	591	FOOTBALL	new	Paris Saint-Germain	Real Madrid Face Competition From Barcelona for World Cup Hero—Report
185174	player	31284	FOOTBALL	new	Marc-André ter Stegen	Barcelona star will not be called up for pre-season trip to England
185181	player	37317392	FOOTBALL	new	Xavi Simons	Leaving Barcelona for PSG at 16 was an easy decision, says Simons
185181	player	37429246	FOOTBALL	new	Florian Wirtz	Leaving Barcelona for PSG at 16 was an easy decision, says Simons
185181	team	6	FOOTBALL	new	Tottenham	Leaving Barcelona for PSG at 16 was an easy decision, says Simons
185183	player	186910	FOOTBALL	new	Rodri	Real Madrid Face Competition From Barcelona for World Cup Hero—Report
185183	team	9	FOOTBALL	new	Manchester City	Real Madrid Face Competition From Barcelona for World Cup Hero—Report
185183	team	591	FOOTBALL	new	Paris Saint-Germain	Real Madrid Face Competition From Barcelona for World Cup Hero—Report
185195	player	600687	FOOTBALL	new	Vinicius Junior	Transfer domino effect: Vinicius boosts Barcelona's biggest dream
185195	player	21394947	FOOTBALL	new	Julian Alvarez	Transfer domino effect: Vinicius boosts Barcelona's biggest dream
185195	player	37922937	FOOTBALL	new	Yan Diomande	Transfer domino effect: Vinicius boosts Barcelona's biggest dream
185195	team	19	FOOTBALL	new	Arsenal	Transfer domino effect: Vinicius boosts Barcelona's biggest dream
185195	team	3468	FOOTBALL	new	Real Madrid	Transfer domino effect: Vinicius boosts Barcelona's biggest dream
185195	team	7980	FOOTBALL	new	Atletico Madrid	Transfer domino effect: Vinicius boosts Barcelona's biggest dream
185197	player	31000	FOOTBALL	new	Robert Lewandowski	The countdown has begun: Barcelona await the "final step" to settle Alvarez's fate
185197	player	21394947	FOOTBALL	new	Julian Alvarez	The countdown has begun: Barcelona await the "final step" to settle Alvarez's fate
185209	team	27	FOOTBALL	new	Burnley	French-Congolese defender Bradley Locko attracts interest from Italy, England and Germany as transfer speculation grows
185215	player	96611	FOOTBALL	new	Kylian Mbappé	Vinicius prioritizes Real Madrid renewal as Diomande deal nears completion
185215	player	600687	FOOTBALL	new	Vinicius Junior	Vinicius prioritizes Real Madrid renewal as Diomande deal nears completion
185215	player	37255840	FOOTBALL	new	Jude Bellingham	Vinicius prioritizes Real Madrid renewal as Diomande deal nears completion
185215	player	37922937	FOOTBALL	new	Yan Diomande	Vinicius prioritizes Real Madrid renewal as Diomande deal nears completion
185215	team	8	FOOTBALL	new	Liverpool	Vinicius prioritizes Real Madrid renewal as Diomande deal nears completion
185215	team	19	FOOTBALL	new	Arsenal	Vinicius prioritizes Real Madrid renewal as Diomande deal nears completion
185215	team	277	FOOTBALL	new	RB Leipzig	Vinicius prioritizes Real Madrid renewal as Diomande deal nears completion
185218	player	18584306	FOOTBALL	new	Haissem Hassan	Celtic 'set to finalise' another transfer after Hogh as four-year deal 'agreed'
185222	player	18584306	FOOTBALL	new	Haissem Hassan	Celtic 'set to finalise another huge signing' after Kasper Hogh as another attacking transfer deal nears
185222	team	116	FOOTBALL	new	Ipswich Town	Celtic 'set to finalise another huge signing' after Kasper Hogh as another attacking transfer deal nears
185223	player	18584306	FOOTBALL	new	Haissem Hassan	'Accepted the offer' - Celtic Agree Another Signing After Kasper Hogh
185226	team	3468	FOOTBALL	new	Real Madrid	LaLiga Match Highlights on Premier Sports 2 HD: full details and when it's on
185227	player	37582048	FOOTBALL	new	Mika Baur	Haissem Hassan to Celtic transfer truth as Kasper Hogh arrives ahead of record £11m plus deal
185227	team	2642	FOOTBALL	new	Paderborn	Haissem Hassan to Celtic transfer truth as Kasper Hogh arrives ahead of record £11m plus deal
185229	player	18584306	FOOTBALL	new	Haissem Hassan	Celtic on verge of signing – World Cup player accepts move to Glasgow
185233	team	3477	FOOTBALL	new	Villarreal	After Kasper Hogh, Celtic get proposal 'accepted' by World Cup attacker
185236	player	184798	FOOTBALL	new	Lionel Messi	Karpaty Target Ivan Kalero to Replace Sych
185236	player	187215	FOOTBALL	new	Unai Simón	Karpaty Target Ivan Kalero to Replace Sych
185261	player	982	FOOTBALL	new	John Stones	Juventus transfer market, Stones' idea. Contacts with his entourage. Openda says goodbye: "I want to play."
185263	team	18	FOOTBALL	new	Chelsea	Young and the Restless Photo Preview: Sally Holds Back The Truth From Billy
185270	team	485	FOOTBALL	new	Real Betis	Horas intensas en torno a Nelson Deossa: "Aquí se lucha hasta el final"
185304	player	580	FOOTBALL	new	Cristiano Ronaldo	What is the "elixir of life" that has kept Messi and Cristiano on the pitch until now?
185304	player	184798	FOOTBALL	new	Lionel Messi	What is the "elixir of life" that has kept Messi and Cristiano on the pitch until now?
185305	player	448389	FOOTBALL	new	Ferran Torres	Lack of respect brings Barcelona star closer to leaving
185305	team	591	FOOTBALL	new	Paris Saint-Germain	Lack of respect brings Barcelona star closer to leaving
185325	player	37259217	FOOTBALL	new	Abu Kamara	Portsmouth ‘Would Like’ To Take Attacker To Fratton Park
185336	team	1	FOOTBALL	new	West Ham United	Vanja Dragojevic Misses Rangers Friendly Over Visa Delay
185338	player	7958	FOOTBALL	new	Ben Godfrey	Vanja Dragojevic Misses Rangers Friendly Due to Visa Delays
185338	team	1	FOOTBALL	new	West Ham United	Vanja Dragojevic Misses Rangers Friendly Due to Visa Delays
185363	player	262274	FOOTBALL	new	Jack Harrison	Harrison returns to MLS with New England Revolution
185363	team	13	FOOTBALL	new	Everton	Harrison returns to MLS with New England Revolution
185363	team	71	FOOTBALL	new	Leeds United	Harrison returns to MLS with New England Revolution
185366	player	37922937	FOOTBALL	new	Yan Diomandé	Paris star refuses to renew: his fate becomes entangled with Real Madrid deal
185366	team	8	FOOTBALL	new	Liverpool	Paris star refuses to renew: his fate becomes entangled with Real Madrid deal
185366	team	18	FOOTBALL	new	Chelsea	Paris star refuses to renew: his fate becomes entangled with Real Madrid deal
185366	team	19	FOOTBALL	new	Arsenal	Paris star refuses to renew: his fate becomes entangled with Real Madrid deal
185366	team	503	FOOTBALL	new	Bayern Munich	Paris star refuses to renew: his fate becomes entangled with Real Madrid deal
185367	player	37922937	FOOTBALL	new	Yan Diomande	Real Madrid and PSG are not alone: two Premier League giants continue the battle for Diomande
185367	team	277	FOOTBALL	new	RB Leipzig	Real Madrid and PSG are not alone: two Premier League giants continue the battle for Diomande
185388	team	9	FOOTBALL	new	Manchester City	Pirlo set for Italy job after Guardiola rejection: report
185388	team	83	FOOTBALL	new	Barcelona	Pirlo set for Italy job after Guardiola rejection: report
185388	team	503	FOOTBALL	new	Bayern Munich	Pirlo set for Italy job after Guardiola rejection: report
185388	team	625	FOOTBALL	new	Juventus	Pirlo set for Italy job after Guardiola rejection: report
185399	player	177988	FOOTBALL	new	Dusan Vlahovic	Transfer news and rumours today: Everton's striker 'challenge', Rafael Leao latest, Leeds United's Ajax battle
185403	team	625	FOOTBALL	new	Juventus	Serie A Women's Cup standings 2026/27 | Milan women
185404	player	4655	FOOTBALL	new	Fikayo Tomori	Official Milan squad for pre-season friendly tour includes Leao and Estupinan
185404	player	187969	FOOTBALL	new	Pervis Estupinan	Official Milan squad for pre-season friendly tour includes Leao and Estupinan
185404	player	540251	FOOTBALL	new	Rafael Leao	Official Milan squad for pre-season friendly tour includes Leao and Estupinan
185411	player	268	FOOTBALL	new	Luka Modric	Modric headlines strong AC Milan squad to head to Australia with only two significant absences
185411	team	6	FOOTBALL	new	Tottenham	Modric headlines strong AC Milan squad to head to Australia with only two significant absences
185411	team	18	FOOTBALL	new	Chelsea	Modric headlines strong AC Milan squad to head to Australia with only two significant absences
185411	team	625	FOOTBALL	new	Juventus	Modric headlines strong AC Milan squad to head to Australia with only two significant absences
185416	player	172960	FOOTBALL	new	Kieran Tierney	When Celtic's World Cup stars return as O'Neill reveals fresh injury problem
185420	player	172960	FOOTBALL	new	Kieran Tierney	O'Neill expects World Cup players to be back for Celtic opener
185420	player	262280	FOOTBALL	new	Auston Trusty	O'Neill expects World Cup players to be back for Celtic opener
185422	player	37714462	FOOTBALL	new	Francesco Camarda	Watch: Camarda rescues Milan in pre-season test against Celtic – the highlights
185426	player	37714462	FOOTBALL	new	Francesco Camarda	First goals arrive in his 20th appearance for Milan: Camarda’s turning point
185427	player	129203	FOOTBALL	new	Pietro Terracciano	Amorim begins player evaluations: Winners and losers from Celtic 2-2 Milan
185427	player	15434627	FOOTBALL	new	Samuel Chukwueze	Amorim begins player evaluations: Winners and losers from Celtic 2-2 Milan
185427	player	20716664	FOOTBALL	new	Samuele Ricci	Amorim begins player evaluations: Winners and losers from Celtic 2-2 Milan
185427	player	25930711	FOOTBALL	new	Strahinja Pavlovic	Amorim begins player evaluations: Winners and losers from Celtic 2-2 Milan
185427	player	37650933	FOOTBALL	new	David Odogu	Amorim begins player evaluations: Winners and losers from Celtic 2-2 Milan
185427	player	37714462	FOOTBALL	new	Francesco Camarda	Amorim begins player evaluations: Winners and losers from Celtic 2-2 Milan
185429	team	14	FOOTBALL	new	Manchester United	GdS: Milan will travel to Australia this afternoon – three players join the group
185429	team	18	FOOTBALL	new	Chelsea	GdS: Milan will travel to Australia this afternoon – three players join the group
185432	player	37596513	FOOTBALL	new	Kevin Zeroli	Schira: Departure likely for Milan youngster as Frosinone initiate contact
185434	player	333731	FOOTBALL	new	Cristian Romero	Inter set 10-day deadline to sign Tottenham captain
185435	player	268	FOOTBALL	new	Luka Modric	Luka who’s coming to Perth! Modric, Milan ready to jet in
185437	player	15434627	FOOTBALL	new	Samuel Chukwueze	Chukwueze set for crunch pre-season tasks
185438	player	540251	FOOTBALL	new	Rafael Leao	Turkish journalist expects Fenerbahce to table offers for Milan and Leao next week
185443	player	15434627	FOOTBALL	new	Samuel Chukwueze	Romano: Perfect start for Chukwueze as Milan remain open to keeping him
185445	player	268	FOOTBALL	new	Luka Modric	Milan set off on their tour in Australia: Nkunku and Gila are leaving, while awaiting Leao
185445	player	129203	FOOTBALL	new	Pietro Terracciano	Milan set off on their tour in Australia: Nkunku and Gila are leaving, while awaiting Leao
185445	player	538861	FOOTBALL	new	Alexis Saelemaekers	Milan set off on their tour in Australia: Nkunku and Gila are leaving, while awaiting Leao
185445	player	540251	FOOTBALL	new	Rafael Leao	Milan set off on their tour in Australia: Nkunku and Gila are leaving, while awaiting Leao
185445	player	37316934	FOOTBALL	new	Koni De Winter	Milan set off on their tour in Australia: Nkunku and Gila are leaving, while awaiting Leao
185459	player	540251	FOOTBALL	new	Rafael Leao	Report – Milan Superstar Offered to Roma
185460	player	31002	FOOTBALL	new	Ivan Perisic	Andrej Kostić in the Rossoneri world
185460	player	177988	FOOTBALL	new	Dusan Vlahovic	Andrej Kostić in the Rossoneri world
185460	player	37649990	FOOTBALL	new	Kerim Alajbegovic	Andrej Kostić in the Rossoneri world
185460	team	37	FOOTBALL	new	Roma	Andrej Kostić in the Rossoneri world
185461	player	37257779	FOOTBALL	new	Daniel Maldini	Power struggle in Italy! Paolo Maldini resigns after just two weeks
185463	team	1123	FOOTBALL	new	Hellas Verona	Alphadjo Cissè's first steps in Rossonero
185469	player	37714462	FOOTBALL	new	Francesco Camarda	Longoni: Camarda decision ‘surprising’ but good after two questionable seasons
185470	team	83	FOOTBALL	new	Barcelona	RONALDINHO GAUCHO
185470	team	591	FOOTBALL	new	Paris Saint-Germain	RONALDINHO GAUCHO
185473	player	15434627	FOOTBALL	new	Samuel Chukwueze	Chukwueze Inspires Milan Comeback With Assist In Pre-Season Draw
185473	team	11	FOOTBALL	new	Fulham	Chukwueze Inspires Milan Comeback With Assist In Pre-Season Draw
185473	team	3477	FOOTBALL	new	Villarreal	Chukwueze Inspires Milan Comeback With Assist In Pre-Season Draw
185474	player	333594	FOOTBALL	new	Lautaro Martínez	Harley Reid’s bespoke gift for Italian soccer giants
185474	player	540251	FOOTBALL	new	Rafael Leão	Harley Reid’s bespoke gift for Italian soccer giants
185475	player	96227	FOOTBALL	new	Mike Maignan	Maignan and Fofana's Cryptic Social Media Move: Posts Deleted, 'Milan Player' Removed from Bio
185475	player	3510051	FOOTBALL	new	Youssouf Fofana	Maignan and Fofana's Cryptic Social Media Move: Posts Deleted, 'Milan Player' Removed from Bio
185476	player	37714462	FOOTBALL	new	Francesco Camarda	Tuttosport: No.9 traits and maturity – Camarda has everything to succeed with Amorim
185480	team	708	FOOTBALL	new	Atalanta	Lorenzo Ossola Career Stats - Soccer
185481	player	25930711	FOOTBALL	new	Strahinja Pavlović	Kostić introduced himself to Milan fans: "I've always dreamed of this club, Pavlović is like an older brother to me"
185503	player	581197	FOOTBALL	new	Conor Coventry	Ireland international makes move to Championship
185503	player	37259161	FOOTBALL	new	Billy Koumetio	Ireland international makes move to Championship
185522	player	37577447	FOOTBALL	new	Emersonn	O'Shea's first impressions of O'Neil and Town's need to 'find a superpower'
185526	player	2965	FOOTBALL	new	Christian Walton	Scherpen Fee Agreed - Ipswich Town News
185526	player	29470	FOOTBALL	new	Kjell Scherpen	Scherpen Fee Agreed - Ipswich Town News
185550	player	29470	FOOTBALL	new	Kjell Scherpen	Town closing in on the signing of 6ft 9ins Dutch keeper after agreeing a fee
185550	team	11	FOOTBALL	new	Fulham	Town closing in on the signing of 6ft 9ins Dutch keeper after agreeing a fee
185550	team	42	FOOTBALL	new	Leicester	Town closing in on the signing of 6ft 9ins Dutch keeper after agreeing a fee
185550	team	289	FOOTBALL	new	Toulouse	Town closing in on the signing of 6ft 9ins Dutch keeper after agreeing a fee
185579	player	96799	FOOTBALL	new	Issa Diop	Ipswich Town confirm Daizen Maeda signing as quest to avoid 2025 fate continues
185579	player	37577447	FOOTBALL	new	Emersonn	Ipswich Town confirm Daizen Maeda signing as quest to avoid 2025 fate continues
185582	player	460810	FOOTBALL	new	Kyogo Furuhashi	Maeda Joins Ipswich from Celtic in £10m Deal
185586	team	63	FOOTBALL	new	Nottingham Forest	EFL Greatest Games on Sky Sports Football HD: full details and when it's on
185607	team	591	FOOTBALL	new	Paris Saint-Germain	Kang In Lee signs for Atlético de Madrid until 2031
185612	player	9967153	FOOTBALL	new	Kang In Lee	Kang In Lee y Baena volverán a jugar juntos 10 años después
185626	team	106	FOOTBALL	new	Getafe	Valencia is being criticized again over Lee Kang-in's move to Atletico... The coach called him 'the best' just two days into training, yet the club let him go for free.
185626	team	591	FOOTBALL	new	Paris Saint-Germain	Valencia is being criticized again over Lee Kang-in's move to Atletico... The coach called him 'the best' just two days into training, yet the club let him go for free.
185626	team	645	FOOTBALL	new	Mallorca	Valencia is being criticized again over Lee Kang-in's move to Atletico... The coach called him 'the best' just two days into training, yet the club let him go for free.
185626	team	7980	FOOTBALL	new	Atletico Madrid	Valencia is being criticized again over Lee Kang-in's move to Atletico... The coach called him 'the best' just two days into training, yet the club let him go for free.
185661	player	459145	FOOTBALL	new	Bruno Guimaraes	Arsenal set to make improved bid for Brazil midfielder
185664	player	21803033	FOOTBALL	new	Azzedine Ounahi	Have the Saudi federation given up on the Ounahi dream?
185677	player	3259	FOOTBALL	new	Ben White	Arsenal receive double injury boost for Girona friendly as pre-season pictures released
185677	player	5329	FOOTBALL	new	Gabriel Jesus	Arsenal receive double injury boost for Girona friendly as pre-season pictures released
185677	player	32612	FOOTBALL	new	Kai Havertz	Arsenal receive double injury boost for Girona friendly as pre-season pictures released
185677	player	194167	FOOTBALL	new	Viktor Gyokeres	Arsenal receive double injury boost for Girona friendly as pre-season pictures released
185677	player	537759	FOOTBALL	new	Reiss Nelson	Arsenal receive double injury boost for Girona friendly as pre-season pictures released
185677	player	5270466	FOOTBALL	new	Jurrien Timber	Arsenal receive double injury boost for Girona friendly as pre-season pictures released
185677	player	17544737	FOOTBALL	new	William Saliba	Arsenal receive double injury boost for Girona friendly as pre-season pictures released
185677	player	24817182	FOOTBALL	new	Christos Tzolis	Arsenal receive double injury boost for Girona friendly as pre-season pictures released
185677	player	37261496	FOOTBALL	new	Piero Hincapie	Arsenal receive double injury boost for Girona friendly as pre-season pictures released
185677	player	37568808	FOOTBALL	new	Ethan Nwaneri	Arsenal receive double injury boost for Girona friendly as pre-season pictures released
185689	team	115	FOOTBALL	new	Luton Town	'We're in a really good place' - Ainsworth's verdict as Gillingham near big kick-off
185696	player	8449373	FOOTBALL	new	Mikkel Damsgaard	Wilson: Building connections is key
185697	team	1	FOOTBALL	new	West Ham United	Oliver Scarles needs honest Nuno conversation even though he started vs Rangers - here's why
185705	team	11	FOOTBALL	new	Fulham	Shakhtar will play home Champions League matches in London
185705	team	18	FOOTBALL	new	Chelsea	Shakhtar will play home Champions League matches in London
185707	player	600687	FOOTBALL	new	Vinicius Jr	Arsenal hatch plan to complete blockbuster Vinicius Jr transfer with contract demands set
185707	team	3468	FOOTBALL	new	Real Madrid	Arsenal hatch plan to complete blockbuster Vinicius Jr transfer with contract demands set
185709	player	600687	FOOTBALL	new	Vinicius Jr	Vinicius Jr feelings on linking up with Declan Rice and Bukayo Saka already made clear
185744	player	17187774	FOOTBALL	new	Lucas Chevalier	Transfer news and rumours today: Man Utd goalkeeper interest, Jack Harrison leaves Leeds
185744	team	625	FOOTBALL	new	Juventus	Transfer news and rumours today: Man Utd goalkeeper interest, Jack Harrison leaves Leeds
185748	player	37423138	FOOTBALL	new	Andy Diouf	Karlsruhe 1-2 Inter: Fantastic Diouf late double seals friendly victory
185782	team	3543	FOOTBALL	new	SCF	SCF opens fall semester applications for all campuses
185820	player	37922937	FOOTBALL	new	Yan Diomandé	Real Madrid reportedly close €100m deal for RB Leipzig winger Yan Diomandé
185830	player	37922937	FOOTBALL	new	Yan Diomande	Real Madrid's Diomande bid rejected but deal still likely
185832	player	37599086	FOOTBALL	new	Arthur Vermeeren	RB Leipzig boss Demichelis challenges Vermeeren as Tidiam Gomis intends to stay
185834	player	37922937	FOOTBALL	new	Yan Diomande	BREAKING: Real Madrid reach agreement with RB Leipzig for Diomande as PSG withdraw from race
185837	team	8	FOOTBALL	new	Liverpool	Yan Diomande set for Real Madrid transfer? The truth about RB Leipzig 'verbal agreement'
185839	player	37922937	FOOTBALL	new	Yan Diomandé	No deal yet between Real Madrid, RB Leipzig for Yan Diomandé
185841	player	37922937	FOOTBALL	new	Yan Diomande	After Paris's withdrawal: a surprise in Real Madrid's negotiations with Diomande
185847	player	338180	FOOTBALL	new	Eljif Elmas	Elmas a strong alternative for Juventus at €10m
185847	team	613	FOOTBALL	new	Torino	Elmas a strong alternative for Juventus at €10m
185848	player	37922937	FOOTBALL	new	Yan Diomande	Conflicting reports emerge over Real Madrid's Diomande deal
185849	player	600687	FOOTBALL	new	Vinicius Jr.	Report: Yan Diomande to join attacking trio with Mbappe and Vinicius Jr. as Real Madrid reach agreement wit...
185852	player	37922937	FOOTBALL	new	Yan Diomande	Real Madrid Agree Over €100m Deal For Diomande From RB Leipzig
185853	team	3468	FOOTBALL	new	Real Madrid	PSG issue explosive statement: Yan Diomande’s new club appears to have been decided
185855	player	37922937	FOOTBALL	new	Yan Diomandé	Real Madrid reach Yan Diomandé agreement with Leipzig as PSG walk out of deal
185856	player	186910	FOOTBALL	new	Rodri	Breaking: PSG Pull Out of RB Leipzig's Yan Diomandé Deal Over 'Disproportionate' Demands
185856	player	37922937	FOOTBALL	new	Yan Diomandé	Breaking: PSG Pull Out of RB Leipzig's Yan Diomandé Deal Over 'Disproportionate' Demands
185856	team	3468	FOOTBALL	new	Real Madrid	Breaking: PSG Pull Out of RB Leipzig's Yan Diomandé Deal Over 'Disproportionate' Demands
185860	player	600687	FOOTBALL	new	Vinícius Júnior	Real Madrid advance Yan Diomande signing amid Vinícius Júnior transfer rumours
185862	player	37922937	FOOTBALL	new	Yan Diomande	Real Madrid set to sign one of the world’s hottest talents after $195m bid
185864	player	37922937	FOOTBALL	new	Yan Diomande	Diomande could be training for Real Madrid by this week – report
185868	player	37922937	FOOTBALL	new	Yan Diomande	Real Madrid seal €100m Diomande deal from RB Leipzig
185871	player	37922937	FOOTBALL	new	Yan Diomande	Real Madrid seal agreement in principle for Diomande transfer
185873	player	24799984	FOOTBALL	new	Michael Olise	What Does Yan Diomande Bring to Real Madrid?
185873	team	8	FOOTBALL	new	Liverpool	What Does Yan Diomande Bring to Real Madrid?
185873	team	9	FOOTBALL	new	Manchester City	What Does Yan Diomande Bring to Real Madrid?
185873	team	591	FOOTBALL	new	Paris Saint-Germain	What Does Yan Diomande Bring to Real Madrid?
185874	team	3468	FOOTBALL	new	Real Madrid	Liverpool sent strong Michael Olise transfer warning by Bayern Munich chief
185884	player	37922937	FOOTBALL	new	Yan Diomande	Real Madrid 'agree personal terms' with Diomande in eye catching race
185884	team	591	FOOTBALL	new	Paris Saint-Germain	Real Madrid 'agree personal terms' with Diomande in eye catching race
185885	player	37317369	FOOTBALL	new	Bradley Barcola	Real Madrid leave Liverpool helpless in £100m move to steal star
185885	player	37922937	FOOTBALL	new	Yan Diomande	Real Madrid leave Liverpool helpless in £100m move to steal star
185886	player	37922937	FOOTBALL	new	Yan Diomandé	Real Madrid’s next summer signing gets the ‘Here we Go’
185887	player	37922937	FOOTBALL	new	Yan Diomandé	PSG withdraw from Yan Diomandé race as transfer saga takes dramatic turn
185887	team	9	FOOTBALL	new	Manchester City	PSG withdraw from Yan Diomandé race as transfer saga takes dramatic turn
185887	team	3468	FOOTBALL	new	Real Madrid	PSG withdraw from Yan Diomandé race as transfer saga takes dramatic turn
185889	player	37922937	FOOTBALL	new	Yan Diomande	Report: Madrid finalizing deal to add Diomande from Leipzig
185890	player	37922937	FOOTBALL	new	Yan Diomande	Real Madrid completes Diomande deal: date set for official announcement
185891	player	37922937	FOOTBALL	new	Yan Diomandé	Real Madrid €120m signing is ‘practically a done deal’
185892	player	1917	FOOTBALL	new	Trent Alexander-Arnold	Winners and Losers From Real Madrid’s Yan Diomande Agreement
185892	player	96611	FOOTBALL	new	Kylian Mbappé	Winners and Losers From Real Madrid’s Yan Diomande Agreement
185892	player	600687	FOOTBALL	new	Vinícius Jr	Winners and Losers From Real Madrid’s Yan Diomande Agreement
185893	player	24799984	FOOTBALL	new	Michael Olise	Sky: Real Madrid turn attention to Diomande after Bayern’s refusal to negotiate Olise deal
185893	player	37922937	FOOTBALL	new	Yan Diomande	Sky: Real Madrid turn attention to Diomande after Bayern’s refusal to negotiate Olise deal
185898	player	37922937	FOOTBALL	new	Yan Diomande	Just in: Real Madrid set to sign Bundesliga winger for €130 million, announcement imminent
185899	team	8	FOOTBALL	new	Liverpool	Yan Diomande to Arsenal transfer latest – £85m bid made, Berta deals with worst case scenario
185899	team	18	FOOTBALL	new	Chelsea	Yan Diomande to Arsenal transfer latest – £85m bid made, Berta deals with worst case scenario
185899	team	591	FOOTBALL	new	Paris Saint-Germain	Yan Diomande to Arsenal transfer latest – £85m bid made, Berta deals with worst case scenario
185899	team	844	FOOTBALL	new	Leganes	Yan Diomande to Arsenal transfer latest – £85m bid made, Berta deals with worst case scenario
185899	team	3468	FOOTBALL	new	Real Madrid	Yan Diomande to Arsenal transfer latest – £85m bid made, Berta deals with worst case scenario
185910	player	37922937	FOOTBALL	new	Yan Diomande	Transfer: Diomande agrees deal with Real Madrid
185955	player	5922	FOOTBALL	new	Cameron Burgess	Swansea City : Ethan Pye historical data displays firm interest **Transfer Extra
185959	team	503	FOOTBALL	new	Bayern Munich	How ‘guarantee of goals’ Cristiano Ronaldo balances work & play as ex-Juventus team-mate reveals what CR7 is like behind the scenes
185964	player	1343	FOOTBALL	new	Emiliano Martinez	Comments from Juventus coach impacts likelihood of Okoye transfer
185964	player	540585	FOOTBALL	new	Maduka Okoye	Comments from Juventus coach impacts likelihood of Okoye transfer
185980	team	277	FOOTBALL	new	RB Leipzig	The best possible Real Madrid starting XI after Fabrizio Romano confirms Yan Diomande transfer
185994	team	116	FOOTBALL	new	Ipswich Town	Eintracht Frankfurt ‘to sign’ Brazilian defender Otávio
186000	player	37685381	FOOTBALL	new	Younes Ebnoutalib	Ebnoutalib Open to Representing Morocco or Germany Following World Cup Snub
186000	team	68	FOOTBALL	new	Borussia Dortmund	Ebnoutalib Open to Representing Morocco or Germany Following World Cup Snub
186011	player	310486	FOOTBALL	new	Ritsu Doan	Keita and Keito: Grateful and ambitious
186011	player	37700699	FOOTBALL	new	Keita Kosugi	Keita and Keito: Grateful and ambitious
186028	team	51	FOOTBALL	new	Crystal Palace	UEFA Conference League News
186064	player	3156875	FOOTBALL	new	Marash Kumbulla	Rayo Vallecano send contract offer to AS Roma star
186099	team	115	FOOTBALL	new	Luton	Two teenage boys arrested on suspicion of murder after stabbing in park | News - Forth 1
186121	player	37343971	FOOTBALL	new	Jacopo Fazzini	PRESS ROOM | Fazzini’s first words in Cagliari
186125	player	1878	FOOTBALL	new	Marcus Rashford	Roma close on Castro for €35m, Dovbyk targeted by Bologna, Rashford too expensive
186125	player	205978	FOOTBALL	new	Artem Dovbyk	Roma close on Castro for €35m, Dovbyk targeted by Bologna, Rashford too expensive
186125	player	37567337	FOOTBALL	new	Santiago Castro	Roma close on Castro for €35m, Dovbyk targeted by Bologna, Rashford too expensive
186151	team	9	FOOTBALL	new	Manchester City	2026 World Cup: PSG will receive €2.5 million thanks to FIFA
186151	team	19	FOOTBALL	new	Arsenal	2026 World Cup: PSG will receive €2.5 million thanks to FIFA
186151	team	503	FOOTBALL	new	Bayern Munich	2026 World Cup: PSG will receive €2.5 million thanks to FIFA
186151	team	690	FOOTBALL	new	LOSC	2026 World Cup: PSG will receive €2.5 million thanks to FIFA
186159	team	78	FOOTBALL	new	Brighton & Hove Albion	Kjell Scherpen seals at least a €10 million transfer to the Premier League
186159	team	116	FOOTBALL	new	Ipswich Town	Kjell Scherpen seals at least a €10 million transfer to the Premier League
186169	team	591	FOOTBALL	new	Paris Saint Germain	‘Changed the Dynamics’—Liverpool Receive Major Boost in Bradley Barcola Pursuit
186176	team	277	FOOTBALL	new	RB Leipzig	Liverpool 'identify' £51.2m Porto attacker as Yan Diomande alternative
186176	team	3468	FOOTBALL	new	Real Madrid	Liverpool 'identify' £51.2m Porto attacker as Yan Diomande alternative
186181	player	37317369	FOOTBALL	new	Bradley Barcola	Arsenal to let winger join Liverpool, deal could move fast
186181	player	37922937	FOOTBALL	new	Yan Diomande	Arsenal to let winger join Liverpool, deal could move fast
186183	player	600687	FOOTBALL	new	Vinicius Junior	Liverpool turn attention to Porto youngster as Diomande uncertainty grows
186183	team	277	FOOTBALL	new	RB Leipzig	Liverpool turn attention to Porto youngster as Diomande uncertainty grows
186214	player	186734	FOOTBALL	new	Dani Ceballos	Midfielder suffers transfer blow in wake of Real Madrid exit
186221	team	3468	FOOTBALL	new	Real Madrid	Ajax withdraws from pursuit of midfielder Dani Ceballos as crypto-sponsored clubs face transfer market realities
186263	player	52585	FOOTBALL	new	Konrad Laimer	The Bayern Insider: Michael Olise ‘wants Real Madrid’ as Bradley Barcola transfer hijack stance clear
186263	player	33186829	FOOTBALL	new	Jamal Musiala	The Bayern Insider: Michael Olise ‘wants Real Madrid’ as Bradley Barcola transfer hijack stance clear
186263	team	8	FOOTBALL	new	Liverpool	The Bayern Insider: Michael Olise ‘wants Real Madrid’ as Bradley Barcola transfer hijack stance clear
186279	team	6	FOOTBALL	new	Tottenham Hotspur	Fußball-Transfergerüchte heute: Luis Diaz vor Bayern-Abschied? Barça-Duo setzt sich für Rodri-Transfer ein
186279	team	9	FOOTBALL	new	Manchester City	Fußball-Transfergerüchte heute: Luis Diaz vor Bayern-Abschied? Barça-Duo setzt sich für Rodri-Transfer ein
186279	team	18	FOOTBALL	new	Chelsea	Fußball-Transfergerüchte heute: Luis Diaz vor Bayern-Abschied? Barça-Duo setzt sich für Rodri-Transfer ein
186279	team	19	FOOTBALL	new	Arsenal	Fußball-Transfergerüchte heute: Luis Diaz vor Bayern-Abschied? Barça-Duo setzt sich für Rodri-Transfer ein
186279	team	113	FOOTBALL	new	AC Milan	Fußball-Transfergerüchte heute: Luis Diaz vor Bayern-Abschied? Barça-Duo setzt sich für Rodri-Transfer ein
186279	team	277	FOOTBALL	new	RB Leipzig	Fußball-Transfergerüchte heute: Luis Diaz vor Bayern-Abschied? Barça-Duo setzt sich für Rodri-Transfer ein
186279	team	3468	FOOTBALL	new	Real Madrid	Fußball-Transfergerüchte heute: Luis Diaz vor Bayern-Abschied? Barça-Duo setzt sich für Rodri-Transfer ein
186279	team	7980	FOOTBALL	new	Atlético Madrid	Fußball-Transfergerüchte heute: Luis Diaz vor Bayern-Abschied? Barça-Duo setzt sich für Rodri-Transfer ein
186288	player	186910	FOOTBALL	new	Rodri	Olise path closed for Real Madrid as Bayern stress he is key
186288	player	24799984	FOOTBALL	new	Michael Olise	Olise path closed for Real Madrid as Bayern stress he is key
186289	team	8	FOOTBALL	new	Liverpool	Luis Díaz's camp in talks with Al Hilal over big-money transfer
186290	player	997	FOOTBALL	new	Harry Kane	Why Petit ruled Kane out of the Ballon d'Or race now
186290	team	591	FOOTBALL	new	PSG	Why Petit ruled Kane out of the Ballon d'Or race now
186306	team	3468	FOOTBALL	new	Real Madrid	Bayern Munich confirms Michael Olise will stay, sends clear warning to Liverpool
186311	player	4341	FOOTBALL	new	Ivan Toney	Frank on why Toney was left out of Brentford squad to face Palace
186314	player	31773	FOOTBALL	new	Tobias Strobl	SC Verl vs Bremer SV | Club Friendly Games | “Results”
186319	team	2642	FOOTBALL	new	Paderborn	Celtic dragging heels over Mika Baur transfer fee
186319	team	3543	FOOTBALL	new	SC Freiburg	Celtic dragging heels over Mika Baur transfer fee
186323	team	116	FOOTBALL	new	Ipswich Town	‘DESERVES THE OPPORTUNITY,’ O’NEILL’S MAEDA PARTING SHOT
186330	player	25709	FOOTBALL	new	Vaclav Cerny	Mohamed Salah could turn Rangers transfer kingpin in domino effect
186344	player	600687	FOOTBALL	new	Vinicius Junior	Have Arsenal made contact with Vinicius? Sources close to the player respond
186344	team	3468	FOOTBALL	new	Real Madrid	Have Arsenal made contact with Vinicius? Sources close to the player respond
186359	player	510	FOOTBALL	new	Cesc Fabregas	More than a winning goal
186359	player	1072	FOOTBALL	new	Maarten Stekelenburg	More than a winning goal
186365	player	133797	FOOTBALL	new	Alessandro Bastoni	Real Madrid won't stop at Diomande. Mourinho demands two more star signings
186365	player	186910	FOOTBALL	new	Rodri	Real Madrid won't stop at Diomande. Mourinho demands two more star signings
186400	player	100190	FOOTBALL	new	Ismael Bennacer	Bennacer flies out for new job in Qatar after Milan terminate contract
186413	player	37592729	FOOTBALL	new	João Neves	Amid interest from Europe's giants: Paris Saint-Germain set the price for their star
186413	player	37593237	FOOTBALL	new	Warren Zaïre-Emery	Amid interest from Europe's giants: Paris Saint-Germain set the price for their star
186413	player	37726575	FOOTBALL	new	Ibrahim Mbaye	Amid interest from Europe's giants: Paris Saint-Germain set the price for their star
186413	team	6	FOOTBALL	new	Tottenham Hotspur	Amid interest from Europe's giants: Paris Saint-Germain set the price for their star
186413	team	8	FOOTBALL	new	Liverpool	Amid interest from Europe's giants: Paris Saint-Germain set the price for their star
186413	team	9	FOOTBALL	new	Manchester City	Amid interest from Europe's giants: Paris Saint-Germain set the price for their star
186413	team	18	FOOTBALL	new	Chelsea	Amid interest from Europe's giants: Paris Saint-Germain set the price for their star
186413	team	68	FOOTBALL	new	Borussia Dortmund	Amid interest from Europe's giants: Paris Saint-Germain set the price for their star
186419	player	459145	FOOTBALL	new	Bruno Guimaraes	Football gossip: Barcola, Vinicius Jr, Guimaraes, Savinho, Diomande, Salah
186419	team	9	FOOTBALL	new	Manchester City	Football gossip: Barcola, Vinicius Jr, Guimaraes, Savinho, Diomande, Salah
186419	team	19	FOOTBALL	new	Arsenal	Football gossip: Barcola, Vinicius Jr, Guimaraes, Savinho, Diomande, Salah
186419	team	3468	FOOTBALL	new	Real Madrid	Football gossip: Barcola, Vinicius Jr, Guimaraes, Savinho, Diomande, Salah
186426	player	37317369	FOOTBALL	new	Bradley Barcola	'He Only Wants Paris' - Liverpool Dealt Blow as Transfer Target Picks PSG
186427	player	129174	FOOTBALL	new	Ibrahima Mbaye	God will vindicate them: Paris Saint-Germain star responds to rumours smearing his family's reputation
186429	team	8	FOOTBALL	new	Liverpool	Bradley Barcola refuse to sign a new contract at Paris Saint-Germain
186430	player	30062	FOOTBALL	new	Cody Gakpo	Bradley Barcola refuses to sign a new contract at Paris Saint-Germain
186430	player	37709599	FOOTBALL	new	Saïd El Mala	Bradley Barcola refuses to sign a new contract at Paris Saint-Germain
186430	team	8	FOOTBALL	new	Liverpool	Bradley Barcola refuses to sign a new contract at Paris Saint-Germain
186435	player	37317369	FOOTBALL	new	Bradley Barcola	Barcola Pushes for PSG Exit After Refusing Contract Extension
186439	player	37922937	FOOTBALL	new	Yan Diomande	After moving close to Real Madrid: Paris issue an official statement regarding the Diomande deal
186439	team	277	FOOTBALL	new	RB Leipzig	After moving close to Real Madrid: Paris issue an official statement regarding the Diomande deal
186446	player	37726575	FOOTBALL	new	Ibrahim Mbaye	PSG's Mbaye price set as top clubs circle
186446	team	6	FOOTBALL	new	Tottenham	PSG's Mbaye price set as top clubs circle
186446	team	8	FOOTBALL	new	Liverpool	PSG's Mbaye price set as top clubs circle
186446	team	15	FOOTBALL	new	Aston Villa	PSG's Mbaye price set as top clubs circle
186446	team	18	FOOTBALL	new	Chelsea	PSG's Mbaye price set as top clubs circle
186446	team	19	FOOTBALL	new	Arsenal	PSG's Mbaye price set as top clubs circle
186446	team	68	FOOTBALL	new	Borussia Dortmund	PSG's Mbaye price set as top clubs circle
186446	team	3468	FOOTBALL	new	Real Madrid	PSG's Mbaye price set as top clubs circle
186452	player	37317369	FOOTBALL	new	Bradley Barcola	Coveted PSG winger Barcola reportedly decides not to extend contract
186452	team	8	FOOTBALL	new	Liverpool	Coveted PSG winger Barcola reportedly decides not to extend contract
186452	team	18	FOOTBALL	new	Chelsea	Coveted PSG winger Barcola reportedly decides not to extend contract
186452	team	19	FOOTBALL	new	Arsenal	Coveted PSG winger Barcola reportedly decides not to extend contract
186452	team	503	FOOTBALL	new	Bayern Munich	Coveted PSG winger Barcola reportedly decides not to extend contract
186454	team	7980	FOOTBALL	new	Atletico Madrid	Lee Kang-in finally gets his chance to reign in Spain
186461	player	37317369	FOOTBALL	new	Bradley Barcola	Romano reports on Liverpool bid for PSG star – massive asking price could end talks
186466	player	37922937	FOOTBALL	new	Yan Diomande	PSG officially out of Diomande race
186467	player	34053	FOOTBALL	new	Alexander Isak	Premier League giants quoted £145m for PSG’s Bradley Barcola
186467	team	8	FOOTBALL	new	Liverpool	Premier League giants quoted £145m for PSG’s Bradley Barcola
186467	team	18	FOOTBALL	new	Chelsea	Premier League giants quoted £145m for PSG’s Bradley Barcola
186467	team	19	FOOTBALL	new	Arsenal	Premier League giants quoted £145m for PSG’s Bradley Barcola
186481	player	37317369	FOOTBALL	new	Bradley Barcola	Liverpool open Barcola talks as PSG set huge asking price
186482	team	398	FOOTBALL	new	Parma	Juventus turn to Lucas Chevalier, PSG line up Zion Suzuki as a replacement
186485	player	37317369	FOOTBALL	new	Bradley Barcola	Liverpool in talks to sign £100m forward, star wants to join
186488	player	95368	FOOTBALL	new	Lucas Digne	Hakimi's replacement: Paris moves to snap up a defensive signing
186488	player	187260	FOOTBALL	new	Achraf Hakimi	Hakimi's replacement: Paris moves to snap up a defensive signing
186488	player	37262099	FOOTBALL	new	Nuno Mendes	Hakimi's replacement: Paris moves to snap up a defensive signing
186488	player	37593237	FOOTBALL	new	Warren Zaïre-Emery	Hakimi's replacement: Paris moves to snap up a defensive signing
186493	player	448389	FOOTBALL	new	Ferran Torres	PSG Target Liverpool-Linked Player as Real Madrid Land Yan Diomande
186493	player	37709599	FOOTBALL	new	Saïd El Mala	PSG Target Liverpool-Linked Player as Real Madrid Land Yan Diomande
186493	team	9	FOOTBALL	new	Manchester City	PSG Target Liverpool-Linked Player as Real Madrid Land Yan Diomande
186496	player	4125	FOOTBALL	new	Mohamed Salah	PSG want £145m for Barcola - Monday's gossip
186496	player	459145	FOOTBALL	new	Bruno Guimaraes	PSG want £145m for Barcola - Monday's gossip
186496	player	496775	FOOTBALL	new	Pedro Neto	PSG want £145m for Barcola - Monday's gossip
186496	player	600687	FOOTBALL	new	Vinicius Jr.	PSG want £145m for Barcola - Monday's gossip
186496	player	9605680	FOOTBALL	new	Joshua Zirkzee	PSG want £145m for Barcola - Monday's gossip
186496	player	23661272	FOOTBALL	new	Iliman Ndiaye	PSG want £145m for Barcola - Monday's gossip
186496	player	37317369	FOOTBALL	new	Bradley Barcola	PSG want £145m for Barcola - Monday's gossip
186496	player	37527169	FOOTBALL	new	Savinho	PSG want £145m for Barcola - Monday's gossip
186496	player	37729623	FOOTBALL	new	Franco Mastantuono	PSG want £145m for Barcola - Monday's gossip
186496	player	37922937	FOOTBALL	new	Yan Diomande	PSG want £145m for Barcola - Monday's gossip
186498	team	8	FOOTBALL	new	Liverpool	Bradley Barcola has turned down a move to Chelsea
186498	team	19	FOOTBALL	new	Arsenal	Bradley Barcola has turned down a move to Chelsea
186498	team	503	FOOTBALL	new	Bayern Munich	Bradley Barcola has turned down a move to Chelsea
186500	player	37922937	FOOTBALL	new	Yan Diomande	PSG considers "disproportionate" the signing of Diomande, who will end up at Madrid
186500	team	277	FOOTBALL	new	Leipzig	PSG considers "disproportionate" the signing of Diomande, who will end up at Madrid
186503	team	8	FOOTBALL	new	Liverpool	Bradley Barcola has reportedly decided not to renew his contract with PSG: What are his possible destinations?
186503	team	19	FOOTBALL	new	Arsenal	Bradley Barcola has reportedly decided not to renew his contract with PSG: What are his possible destinations?
186503	team	503	FOOTBALL	new	Bayern Munich	Bradley Barcola has reportedly decided not to renew his contract with PSG: What are his possible destinations?
186505	player	9967153	FOOTBALL	new	Kang-In Lee	Atletico complete Lee signing from PSG
186505	team	7980	FOOTBALL	new	Atletico Madrid	Atletico complete Lee signing from PSG
186508	team	277	FOOTBALL	new	RB Leipzig	Real Madrid closes in on Yan Diomande as PSG officially pulls out of the race
186513	team	214	FOOTBALL	new	Valencia	Gonzalo García suma pretendientes sin que el Real Madrid cambie su postura: "Si no lo ponen..."
186537	player	3139	FOOTBALL	new	Tammy Abraham	Aston Villa Team News vs Real Sociedad: Kamara, Garnacho, Abraham
186537	player	97626	FOOTBALL	new	Boubacar Kamara	Aston Villa Team News vs Real Sociedad: Kamara, Garnacho, Abraham
186537	player	37316549	FOOTBALL	new	Alejandro Garnacho	Aston Villa Team News vs Real Sociedad: Kamara, Garnacho, Abraham
186543	player	37325012	FOOTBALL	new	Rasmus Hojlund	Allegri waiting to see Napoli squad after 2-0 friendly victory
186543	player	37568721	FOOTBALL	new	Giovane	Allegri waiting to see Napoli squad after 2-0 friendly victory
186543	player	37607444	FOOTBALL	new	Antonio Vergara	Allegri waiting to see Napoli squad after 2-0 friendly victory
186544	player	37325012	FOOTBALL	new	Rasmus Hojlund	Napoli 2-0 Carrarese: Match report
186544	player	37568721	FOOTBALL	new	Giovane	Napoli 2-0 Carrarese: Match report
186545	player	46092	FOOTBALL	new	Ermedin Demirovic	Juve-Demirovic, 3 Napoli exits and Koné to Man United? 🤑
186545	player	2503729	FOOTBALL	new	Santiago Gimenez	Juve-Demirovic, 3 Napoli exits and Koné to Man United? 🤑
186545	player	23738800	FOOTBALL	new	Manu Koné	Juve-Demirovic, 3 Napoli exits and Koné to Man United? 🤑
186547	player	1371	FOOTBALL	new	Kevin De Bruyne	Allegri backs Napoli squad after first win
186547	player	37325012	FOOTBALL	new	Rasmus Hojlund	Allegri backs Napoli squad after first win
186547	player	37568721	FOOTBALL	new	Giovane	Allegri backs Napoli squad after first win
186552	player	982	FOOTBALL	new	John Stones	Juan Jesus idea for Napoli, free agent could return at age 35
186552	player	995	FOOTBALL	new	Romelu Lukaku	Juan Jesus idea for Napoli, free agent could return at age 35
186552	player	134056	FOOTBALL	new	Alessandro Buongiorno	Juan Jesus idea for Napoli, free agent could return at age 35
186552	player	177988	FOOTBALL	new	Dusan Vlahovic	Juan Jesus idea for Napoli, free agent could return at age 35
186552	player	3187861	FOOTBALL	new	Sam Beukema	Juan Jesus idea for Napoli, free agent could return at age 35
186552	player	37737620	FOOTBALL	new	Tiago Gabriel	Juan Jesus idea for Napoli, free agent could return at age 35
186552	team	267	FOOTBALL	new	Venezia	Juan Jesus idea for Napoli, free agent could return at age 35
186553	player	129175	FOOTBALL	new	Juan Jesus	Allegri confident in quality of Napoli's squad after first win
186553	player	129926	FOOTBALL	new	Matteo Politano	Allegri confident in quality of Napoli's squad after first win
186553	player	134056	FOOTBALL	new	Alessandro Buongiorno	Allegri confident in quality of Napoli's squad after first win
186553	player	3187861	FOOTBALL	new	Sam Beukema	Allegri confident in quality of Napoli's squad after first win
186553	player	37568721	FOOTBALL	new	Giovane	Allegri confident in quality of Napoli's squad after first win
186553	player	37607444	FOOTBALL	new	Antonio Vergara	Allegri confident in quality of Napoli's squad after first win
186554	player	338180	FOOTBALL	new	Eljif Elmas	Elmas a strong alternative for Juventus at €10m
186554	team	277	FOOTBALL	new	RB Leipzig	Elmas a strong alternative for Juventus at €10m
186554	team	613	FOOTBALL	new	Torino	Elmas a strong alternative for Juventus at €10m
186564	player	4545394	FOOTBALL	new	Benoit Badiashile	Napoli vs Carrarese | Club Friendly Games | “Results”
186564	player	37737620	FOOTBALL	new	Tiago Gabriel	Napoli vs Carrarese | Club Friendly Games | “Results”
186571	player	37737620	FOOTBALL	new	Tiago Gabriel	Report – Napoli Join Race to Sign In-Demand Lecce Starlet
186649	player	516291	FOOTBALL	new	Nayef Aguerd	OM Mercato : Aguerd de retour au Stade Rennais, la vérité éclate !
186659	player	1453	FOOTBALL	new	Joe Gomez	Liverpool dealing with 'the worst news' as Andoni Iraola makes transfer demand
186659	player	1743	FOOTBALL	new	Virgil Van Dijk	Liverpool dealing with 'the worst news' as Andoni Iraola makes transfer demand
186659	player	37631909	FOOTBALL	new	Jeremy Jacquet	Liverpool dealing with 'the worst news' as Andoni Iraola makes transfer demand
186663	team	591	FOOTBALL	new	PSG	Sensational Winger Rejects Liverpool Transfer Despite Bigger FSG Offer
186664	player	37647009	FOOTBALL	new	Endrick	Opinion: Liverpool should now look at Real Madrid star
186666	team	267	FOOTBALL	new	Venezia	Galatasaray lost their first friendly match.
186685	team	8513	FOOTBALL	new	Bologna	Bremer ready to reject Galatasaray, who fight Juventus for Lucumi
186691	team	65	FOOTBALL	new	Southampton	Charlton Athletic backed to land 'premium fee' for Kayne Ramsay
186696	player	1826	FOOTBALL	new	Jordan Pickford	Lucas Perri exit delayed as medical booked for Leeds United transfer
186696	player	5403	FOOTBALL	new	Harry Wilson	Lucas Perri exit delayed as medical booked for Leeds United transfer
186696	player	129771	FOOTBALL	new	Gianluigi Donnarumma	Lucas Perri exit delayed as medical booked for Leeds United transfer
186696	player	28575686	FOOTBALL	new	James Trafford	Lucas Perri exit delayed as medical booked for Leeds United transfer
186696	player	37529525	FOOTBALL	new	Tarik Muharemovic	Lucas Perri exit delayed as medical booked for Leeds United transfer
186696	team	9	FOOTBALL	new	Manchester City	Lucas Perri exit delayed as medical booked for Leeds United transfer
186697	player	28575686	FOOTBALL	new	James Trafford	Leeds United’s ‘Final Approval’ Needed To Progress Transfer
186697	team	9	FOOTBALL	new	Manchester City	Leeds United’s ‘Final Approval’ Needed To Progress Transfer
186698	player	1397	FOOTBALL	new	Karl Darlow	Leeds United's 'Best in the World' Player Scheduled for Medical with New Club
186698	player	5569	FOOTBALL	new	Alex Cairns	Leeds United's 'Best in the World' Player Scheduled for Medical with New Club
186698	player	432881	FOOTBALL	new	Illan Meslier	Leeds United's 'Best in the World' Player Scheduled for Medical with New Club
186698	player	460159	FOOTBALL	new	Lucas Perri	Leeds United's 'Best in the World' Player Scheduled for Medical with New Club
186698	player	28575686	FOOTBALL	new	James Trafford	Leeds United's 'Best in the World' Player Scheduled for Medical with New Club
186699	player	28575686	FOOTBALL	new	James Trafford	Major Leeds United transfer awaits final approval
186699	team	9	FOOTBALL	new	Manchester City	Major Leeds United transfer awaits final approval
186701	team	625	FOOTBALL	new	Juventus	Douglas Costa opens up about playing alongside Cristiano Ronaldo
186703	team	71	FOOTBALL	new	Leeds United	Almería 26-27 Third Kit Released
186706	player	37568407	FOOTBALL	new	Marko Milovanovic	Pompey boss addresses Colby Bishop's Fratton Park future after £3m man's arrival
186709	player	37568407	FOOTBALL	new	Marko Milovanovic	Transfer latest: Mousinho makes Pompey exits prediction despite 'it's tough' claims
186716	player	32352	FOOTBALL	new	Douglas Costa	How ‘guarantee of goals’ Cristiano Ronaldo balances work & play as ex-Juventus team-mate reveals what CR7 is like behind the scenes
186724	player	432872	FOOTBALL	new	Randal Kolo Muani	Juve weigh move for Man Utd's Zirkzee
186724	player	9605680	FOOTBALL	new	Joshua Zirkzee	Juve weigh move for Man Utd's Zirkzee
186730	player	37316942	FOOTBALL	new	Fabio Miretti	Miretti Free-Kick Gives Spalletti’s Juventus Win Over Standard Liege
186735	team	708	FOOTBALL	new	Atalanta	Report – Unsettled Liverpool Forward Destined for Serie A Return
186735	team	8513	FOOTBALL	new	Bologna	Report – Unsettled Liverpool Forward Destined for Serie A Return
186736	team	591	FOOTBALL	new	Paris Saint-Germain	Conceicao seen as Liverpool alternative to Barcola with €50m Juventus demand
186737	player	37328006	FOOTBALL	new	Francisco Conceicao	Contact made: Liverpool look into signing €50m Bradley Barcola alternative, but he’s nowhere near as good
186752	player	539993	FOOTBALL	new	Loïs Openda	Juventus ‘to loan’ Openda to Lyon on one-year deal
186753	team	9	FOOTBALL	new	Manchester City	Unemployed John Stones 'in talks with two-time Champions League winners'
186753	team	13	FOOTBALL	new	Everton	Unemployed John Stones 'in talks with two-time Champions League winners'
186753	team	18	FOOTBALL	new	Chelsea	Unemployed John Stones 'in talks with two-time Champions League winners'
186753	team	19	FOOTBALL	new	Arsenal	Unemployed John Stones 'in talks with two-time Champions League winners'
186753	team	2930	FOOTBALL	new	Inter Milan	Unemployed John Stones 'in talks with two-time Champions League winners'
186756	player	37328006	FOOTBALL	new	Francisco Conceicao	Liverpool identify Bradley Barcola transfer alternative as ‘contact made’ with agent
186758	player	37649990	FOOTBALL	new	Kerim Alajbegović	Juventus raise the stakes in Alajbegović transfer battle as Chelsea remain ahead
186765	player	752045	FOOTBALL	new	Michele Di Gregorio	Happy birthday, Michele!
186766	player	237695	FOOTBALL	new	Jhon Lucumi	Juventus Risk Defensive Shake-Up as Galatasaray Pursue Two Serie A Stars
186770	player	1343	FOOTBALL	new	Emiliano Martinez	Juventus close in on Kolo Muani and Lucumi as Carnevali leads final push
186770	player	133779	FOOTBALL	new	Guglielmo Vicario	Juventus close in on Kolo Muani and Lucumi as Carnevali leads final push
186770	player	237695	FOOTBALL	new	Jhon Lucumí	Juventus close in on Kolo Muani and Lucumi as Carnevali leads final push
186770	player	5666477	FOOTBALL	new	Zion Suzuki	Juventus close in on Kolo Muani and Lucumi as Carnevali leads final push
186777	player	1343	FOOTBALL	new	Emiliano Martínez	After the retirement promise: a repeated scenario strikes Argentina's star
186777	team	15	FOOTBALL	new	Aston Villa	After the retirement promise: a repeated scenario strikes Argentina's star
186778	player	432880	FOOTBALL	new	Timothé Nkada	Standard Liege 0-1 Juventus (26 Jul, 2026) Player Stats
186778	player	3857303	FOOTBALL	new	Alexis Trouillet	Standard Liege 0-1 Juventus (26 Jul, 2026) Player Stats
186778	player	37316942	FOOTBALL	new	Fabio Miretti	Standard Liege 0-1 Juventus (26 Jul, 2026) Player Stats
186778	player	37910174	FOOTBALL	new	Bernard Nguene	Standard Liege 0-1 Juventus (26 Jul, 2026) Player Stats
186779	player	129836	FOOTBALL	new	Federico Chiesa	Report – Unsettled Liverpool Forward Destined for Serie A Return
186779	team	708	FOOTBALL	new	Atalanta	Report – Unsettled Liverpool Forward Destined for Serie A Return
186779	team	8513	FOOTBALL	new	Bologna	Report – Unsettled Liverpool Forward Destined for Serie A Return
186780	player	752045	FOOTBALL	new	Michele Di Gregorio	Happy birthday, Michele!
186783	player	129602	FOOTBALL	new	Bruno Fernandes	Report: Italian giants target move for Manchester United star
186786	player	129836	FOOTBALL	new	Federico Chiesa	Chiesa wants to stay at Liverpool
186790	player	432880	FOOTBALL	new	Timothé Nkada	Standard Liege 0-1 Juventus (26 Jul, 2026) Player Stats
186790	player	3857303	FOOTBALL	new	Alexis Trouillet	Standard Liege 0-1 Juventus (26 Jul, 2026) Player Stats
186790	player	37316942	FOOTBALL	new	Fabio Miretti	Standard Liege 0-1 Juventus (26 Jul, 2026) Player Stats
186790	player	37910174	FOOTBALL	new	Bernard Nguene	Standard Liege 0-1 Juventus (26 Jul, 2026) Player Stats
186792	team	14	FOOTBALL	new	Manchester United	European Giants Make Shock Contact For Bruno Fernandes Transfer
186793	player	600687	FOOTBALL	new	Vinicius Junior	Transfer news | Real Madrid make Michael Olise deal conditional, and Liverpool reject Vinicius offer
186793	team	14	FOOTBALL	new	Manchester United	Transfer news | Real Madrid make Michael Olise deal conditional, and Liverpool reject Vinicius offer
186793	team	15	FOOTBALL	new	Aston Villa	Transfer news | Real Madrid make Michael Olise deal conditional, and Liverpool reject Vinicius offer
186793	team	19	FOOTBALL	new	Arsenal	Transfer news | Real Madrid make Michael Olise deal conditional, and Liverpool reject Vinicius offer
186793	team	83	FOOTBALL	new	Barcelona	Transfer news | Real Madrid make Michael Olise deal conditional, and Liverpool reject Vinicius offer
186793	team	503	FOOTBALL	new	Bayern Munich	Transfer news | Real Madrid make Michael Olise deal conditional, and Liverpool reject Vinicius offer
186797	player	600687	FOOTBALL	new	Vinicius Junior	Transfer news | Real Madrid stake the Michael Olise deal, and Liverpool reject the Vinicius offer
186797	team	19	FOOTBALL	new	Arsenal	Transfer news | Real Madrid stake the Michael Olise deal, and Liverpool reject the Vinicius offer
186797	team	503	FOOTBALL	new	Bayern Munich	Transfer news | Real Madrid stake the Michael Olise deal, and Liverpool reject the Vinicius offer
186798	team	6	FOOTBALL	new	Tottenham	Milan bid for Martín, Lazio eye 2007-born, Chevalier-Juve 👎 🤑
186798	team	37	FOOTBALL	new	Roma	Milan bid for Martín, Lazio eye 2007-born, Chevalier-Juve 👎 🤑
186798	team	83	FOOTBALL	new	Barcelona	Milan bid for Martín, Lazio eye 2007-born, Chevalier-Juve 👎 🤑
186798	team	597	FOOTBALL	new	Napoli	Milan bid for Martín, Lazio eye 2007-born, Chevalier-Juve 👎 🤑
186800	team	14	FOOTBALL	new	Manchester United	Transfer news | Real Madrid throws the Olise ball into Bayern Munich's court despite the player's wish: Liverpool rejects Vinicius offer
186800	team	18	FOOTBALL	new	Chelsea	Transfer news | Real Madrid throws the Olise ball into Bayern Munich's court despite the player's wish: Liverpool rejects Vinicius offer
186800	team	19	FOOTBALL	new	Arsenal	Transfer news | Real Madrid throws the Olise ball into Bayern Munich's court despite the player's wish: Liverpool rejects Vinicius offer
186800	team	83	FOOTBALL	new	Barcelona	Transfer news | Real Madrid throws the Olise ball into Bayern Munich's court despite the player's wish: Liverpool rejects Vinicius offer
186800	team	591	FOOTBALL	new	Paris Saint-Germain	Transfer news | Real Madrid throws the Olise ball into Bayern Munich's court despite the player's wish: Liverpool rejects Vinicius offer
186801	player	26294	FOOTBALL	new	Davinson Sánchez	Bremer's Galatasaray Doubts Spark Transfer Triangle Involving Juve, Bologna, and Como
186803	player	129602	FOOTBALL	new	Bruno Fernandes	Juventus explore move for Man Utd captain Fernandes
186815	team	83	FOOTBALL	new	Barcelona	Mallorca anti-tourism protests estimated to be largest yet
186816	team	591	FOOTBALL	new	Paris Saint Germain	Lee Kang-in greets FC Seoul players after watching Seoul-Ulsan match - CHOSUNBIZ
186817	player	2283	FOOTBALL	new	Peter Gulácsi	Arnau Tenas joins Mallorca on loan as Villarreal eye Peter Gulácsi
186862	player	4460	FOOTBALL	new	Andreas Christensen	Koundé, another option at center back
186862	player	337394	FOOTBALL	new	Jules Koundé	Koundé, another option at center back
186862	player	469717	FOOTBALL	new	Ronald Araujo	Koundé, another option at center back
186862	player	4545389	FOOTBALL	new	Eric Garcia	Koundé, another option at center back
186862	player	9611543	FOOTBALL	new	Anthony Gordon	Koundé, another option at center back
186862	player	37357510	FOOTBALL	new	Gerard Martín	Koundé, another option at center back
186862	player	37656169	FOOTBALL	new	Hèctor Fort	Koundé, another option at center back
186862	player	37656790	FOOTBALL	new	Pau Cubarsí	Koundé, another option at center back
186862	player	37710797	FOOTBALL	new	Álvaro Cortés	Koundé, another option at center back
186862	player	37719662	FOOTBALL	new	Xavi Espart	Koundé, another option at center back
186862	team	83	FOOTBALL	new	FC Barcelona	Koundé, another option at center back
186876	team	83	FOOTBALL	new	Barcelona	Koundé Steps Up as Center-Back Option for Flick if Ara…
186897	team	8	FOOTBALL	new	Liverpool	ESPN's pick of preseason friendlies -- when are the biggest ties of the summer?
186897	team	9	FOOTBALL	new	Manchester City	ESPN's pick of preseason friendlies -- when are the biggest ties of the summer?
186897	team	14	FOOTBALL	new	Manchester United	ESPN's pick of preseason friendlies -- when are the biggest ties of the summer?
186897	team	15	FOOTBALL	new	Aston Villa	ESPN's pick of preseason friendlies -- when are the biggest ties of the summer?
186897	team	18	FOOTBALL	new	Chelsea	ESPN's pick of preseason friendlies -- when are the biggest ties of the summer?
186897	team	19	FOOTBALL	new	Arsenal	ESPN's pick of preseason friendlies -- when are the biggest ties of the summer?
186897	team	20	FOOTBALL	new	Newcastle United	ESPN's pick of preseason friendlies -- when are the biggest ties of the summer?
186908	team	19	FOOTBALL	new	Arsenal	When Do the New Seasons of Europe's Top Leagues Begin?
186908	team	83	FOOTBALL	new	Barcelona	When Do the New Seasons of Europe's Top Leagues Begin?
186908	team	503	FOOTBALL	new	Bayern Munich	When Do the New Seasons of Europe's Top Leagues Begin?
186908	team	591	FOOTBALL	new	Paris Saint-Germain	When Do the New Seasons of Europe's Top Leagues Begin?
186908	team	2930	FOOTBALL	new	Inter Milan	When Do the New Seasons of Europe's Top Leagues Begin?
186908	team	3319	FOOTBALL	new	VfB Stuttgart	When Do the New Seasons of Europe's Top Leagues Begin?
186908	team	3468	FOOTBALL	new	Real Madrid	When Do the New Seasons of Europe's Top Leagues Begin?
186910	team	18	FOOTBALL	new	Chelsea	Emmanuel Emegha Faces Preseason Absence Following Hamstring Injury
186946	player	149150	FOOTBALL	new	Nikola Krstović	Atalanta 3-2 Arezzo | Highlights from the Third 2026/27 Pre-Season Friendly
186946	player	37616125	FOOTBALL	new	Ibrahim Sulemana	Atalanta 3-2 Arezzo | Highlights from the Third 2026/27 Pre-Season Friendly
186950	team	109	FOOTBALL	new	Fiorentina	Report – Unsettled Liverpool Forward Destined for Serie A Return
186950	team	625	FOOTBALL	new	Juventus	Report – Unsettled Liverpool Forward Destined for Serie A Return
186950	team	8513	FOOTBALL	new	Bologna	Report – Unsettled Liverpool Forward Destined for Serie A Return
186957	player	37616125	FOOTBALL	new	Ibrahim Sulemana	Éderson rientro col gol: vittoria per 3-2 sull'Arezzo
186958	player	333731	FOOTBALL	new	Cristian Romero	Inter sporting director confirms 'definite interest' in Tottenham's Romero
186961	player	7958	FOOTBALL	new	Ben Godfrey	Rangers starting XI if six transfer rumours are true as club hero returns in team featuring 10 summer signings
186961	player	20355429	FOOTBALL	new	Ivor Pandur	Rangers starting XI if six transfer rumours are true as club hero returns in team featuring 10 summer signings
186961	player	28912714	FOOTBALL	new	Ryan Alebiosu	Rangers starting XI if six transfer rumours are true as club hero returns in team featuring 10 summer signings
186961	player	32796802	FOOTBALL	new	Corrie Ndaba	Rangers starting XI if six transfer rumours are true as club hero returns in team featuring 10 summer signings
186968	team	8	FOOTBALL	new	Liverpool	Atalanta, Bologna, Juventus vying for Federico Chiesa
186975	player	333731	FOOTBALL	new	Cristian Romero	Italian giant prepares official offer: Argentina star nears return to Serie A – Goal.com
186975	team	6	FOOTBALL	new	Tottenham Hotspur	Italian giant prepares official offer: Argentina star nears return to Serie A – Goal.com
186975	team	2930	FOOTBALL	new	Inter Milan	Italian giant prepares official offer: Argentina star nears return to Serie A – Goal.com
187001	player	4817	FOOTBALL	new	Loris Karius	“Maybe I can become a candidate”: former protégé of Jürgen Klopp hopes for DFB team debut
187001	player	30642	FOOTBALL	new	Manuel Neuer	“Maybe I can become a candidate”: former protégé of Jürgen Klopp hopes for DFB team debut
187001	team	67	FOOTBALL	new	Schalke 04	“Maybe I can become a candidate”: former protégé of Jürgen Klopp hopes for DFB team debut
187021	team	346	FOOTBALL	new	Udinese	New Swansea signings settling quickly - Britton
187021	team	3611	FOOTBALL	new	Holstein Kiel	New Swansea signings settling quickly - Britton
187022	player	96571	FOOTBALL	new	Jordan	Ultimate Sevens Is Reworking Rugby for a New Generation
187029	team	277	FOOTBALL	new	Leipzig	Real finished the job, PSG withdrew from the race: Diomande arrives in Madrid
187032	team	277	FOOTBALL	new	RB Leipzig	Real Madrid secures the signing of Yan Diomande
187034	team	277	FOOTBALL	new	RB Leipzig	The money Leganés will receive if Real Madrid signs Yan Diomande
187037	team	277	FOOTBALL	new	RB Leipzig	Real Madrid agree €100m+ deal to sign Yan Diomande until 2031
187054	team	366	FOOTBALL	new	Eintracht Frankfurt	Moroccan midfielder Mohamed Amine Katiba closes in on Córdoba CF move after breakthrough talks
187064	player	23698077	FOOTBALL	new	Gustav Isaksen	Celtic Keep Close Tabs On The Lazio Pair: Why They Must Snap Up At Least One Of The Attackers
187064	player	37544805	FOOTBALL	new	Matteo Cancellieri	Celtic Keep Close Tabs On The Lazio Pair: Why They Must Snap Up At Least One Of The Attackers
187091	player	24817182	FOOTBALL	new	Christos Tzolis	‘He just needed some time’ – Former team-mate backs Tzolis to shine at Arsenal, and highlights a crucial quality the winger possesses
187091	team	33	FOOTBALL	new	Norwich City	‘He just needed some time’ – Former team-mate backs Tzolis to shine at Arsenal, and highlights a crucial quality the winger possesses
187091	team	52	FOOTBALL	new	Bournemouth	‘He just needed some time’ – Former team-mate backs Tzolis to shine at Arsenal, and highlights a crucial quality the winger possesses
187119	team	3513	FOOTBALL	new	Metz	Female referee left concussed after being knocked over by brawling men's players during melee in match in France
187139	player	1339	FOOTBALL	new	Diego Costa	Deco completes the mission: five deals to solve Barcelona's puzzle
187139	player	31284	FOOTBALL	new	Marc-André ter Stegen	Deco completes the mission: five deals to solve Barcelona's puzzle
187139	player	16475841	FOOTBALL	new	Joan García	Deco completes the mission: five deals to solve Barcelona's puzzle
187139	player	37592786	FOOTBALL	new	Ander Astralaga	Deco completes the mission: five deals to solve Barcelona's puzzle
187139	player	37777137	FOOTBALL	new	Eder Aller	Deco completes the mission: five deals to solve Barcelona's puzzle
187142	player	37255840	FOOTBALL	new	Jude Bellingham	“I wouldn’t have even noticed him.” Yamal’s girlfriend finds herself at the heart of a scandal
187142	player	37656179	FOOTBALL	new	Lamine Yamal	“I wouldn’t have even noticed him.” Yamal’s girlfriend finds herself at the heart of a scandal
187172	player	84494	FOOTBALL	new	Victor Nelsson	Okan Buruk cut the tickets of two of his players
187194	player	96571	FOOTBALL	new	Jordan	It took this collector 10 years to earn the right to access the most exclusive Ferraris, and it's not a matter of money
187203	team	3543	FOOTBALL	new	SC Freiburg	Celtic dragging heels over Mika Baur transfer fee
187206	team	113	FOOTBALL	new	AC Milan	‘NO REASON WHY THEY SHOULDN’T,’ O’NEILL RELISHES HOGH, DURAN DOUBLE-ACT
187207	player	37582048	FOOTBALL	new	Mika Baur	Celtic Make £3.8m Bid After Fabrizio Romano Confirmation
187216	team	82	FOOTBALL	new	Werder Bremen	John Eustace may have new secret weapon at Derby County - he cost £0
187220	player	5270497	FOOTBALL	new	Fábio Vieira	Vieira talks: HSV and Arsenal move closer!
187224	player	34053	FOOTBALL	new	Alexander Isak	SuperCoach EPL: Six locks to launch your title charge
187224	player	97811	FOOTBALL	new	Gabriel Magalhães	SuperCoach EPL: Six locks to launch your title charge
187224	player	129602	FOOTBALL	new	Bruno Fernandes	SuperCoach EPL: Six locks to launch your title charge
187224	player	154421	FOOTBALL	new	Erling Haaland	SuperCoach EPL: Six locks to launch your title charge
187224	player	37653289	FOOTBALL	new	Marco Palestra	SuperCoach EPL: Six locks to launch your title charge
187224	player	37657587	FOOTBALL	new	Luka Vuskovic	SuperCoach EPL: Six locks to launch your title charge
187224	team	8	FOOTBALL	new	Liverpool	SuperCoach EPL: Six locks to launch your title charge
187224	team	9	FOOTBALL	new	Manchester City	SuperCoach EPL: Six locks to launch your title charge
187224	team	14	FOOTBALL	new	Manchester United	SuperCoach EPL: Six locks to launch your title charge
187224	team	18	FOOTBALL	new	Chelsea	SuperCoach EPL: Six locks to launch your title charge
187224	team	19	FOOTBALL	new	Arsenal	SuperCoach EPL: Six locks to launch your title charge
187229	player	200872	FOOTBALL	new	Miro Muheim	HSV: These youngsters stood out in training camp
187229	player	37645180	FOOTBALL	new	Fábio Baldé	HSV: These youngsters stood out in training camp
187229	player	37657587	FOOTBALL	new	Luka Vuskovic	HSV: These youngsters stood out in training camp
187229	player	37660397	FOOTBALL	new	Otto Stange	HSV: These youngsters stood out in training camp
187229	player	37769153	FOOTBALL	new	Louis Lemke	HSV: These youngsters stood out in training camp
187231	player	55485	FOOTBALL	new	Patson Daka	“Showed why he’s here” – Daka also impresses Polzin
187231	player	37509380	FOOTBALL	new	Albert Grønbaek	“Showed why he’s here” – Daka also impresses Polzin
187231	team	42	FOOTBALL	new	Leicester City	“Showed why he’s here” – Daka also impresses Polzin
187237	team	625	FOOTBALL	new	Juventus	Pirlo position further weakened by fresh Russian gambling revelation
187262	player	448389	FOOTBALL	new	Ferran Torres	Torres replacement: Barcelona target "hidden gem" in the Bundesliga
187270	player	55485	FOOTBALL	new	Patson Daka	“Showed why he’s here” – Daka also impresses Polzin
187270	team	2708	FOOTBALL	new	HSV	“Showed why he’s here” – Daka also impresses Polzin
187275	player	25709	FOOTBALL	new	Vaclav Cerny	Horkas to join Hogh at Celtic - Scottish gossip
187275	player	75085	FOOTBALL	new	Dinko Horkas	Horkas to join Hogh at Celtic - Scottish gossip
187275	player	37544805	FOOTBALL	new	Matteo Cancellieri	Horkas to join Hogh at Celtic - Scottish gossip
187275	team	43	FOOTBALL	new	Lazio	Horkas to join Hogh at Celtic - Scottish gossip
187276	player	529045	FOOTBALL	new	Viljami Sinisalo	The polar opposite transfer predictions on Dinko Horkas moving to Celtic
187282	player	75085	FOOTBALL	new	Dinko Horkas	Gossip - Horkas to join Hogh at Celtic?
187284	player	75085	FOOTBALL	new	Dinko Horkas	‘In The Background’ – Celtic Face Risk Other Clubs Will Move For Target
187284	team	676	FOOTBALL	new	Sevilla	‘In The Background’ – Celtic Face Risk Other Clubs Will Move For Target
187317	player	37596041	FOOTBALL	new	Luka Topalović	Topalovic and Marello: "A great match, this camp really helped us"
187323	player	24015	FOOTBALL	new	Stefan de Vrij	Inter sporting director confirms 'definite interest' in Tottenham's Romero
187323	player	128873	FOOTBALL	new	Francesco Acerbi	Inter sporting director confirms 'definite interest' in Tottenham's Romero
187323	player	198062	FOOTBALL	new	Manuel Akanji	Inter sporting director confirms 'definite interest' in Tottenham's Romero
187323	player	333731	FOOTBALL	new	Cristian Romero	Inter sporting director confirms 'definite interest' in Tottenham's Romero
187327	player	333731	FOOTBALL	new	Cristian Romero	Inter Milan signal interest in Spurs captain Romero
187328	player	127605	FOOTBALL	new	Goran Pandev	Happy birthday, Goran!
187330	player	31825	FOOTBALL	new	Hakan Çalhanoğlu	Two former greats and a historical friendly: unveiling Karlsruher SC
187332	player	333731	FOOTBALL	new	Cristian Romero	Inter confirm ‘Romero interest expressed’ as De Zerbi launches Tottenham warning
187335	player	333731	FOOTBALL	new	Cristian Romero	Report – Inter Set to Tie German Defender Down to New Contract
187335	player	3861835	FOOTBALL	new	Yann Bisseck	Report – Inter Set to Tie German Defender Down to New Contract
187335	team	6	FOOTBALL	new	Tottenham Hotspur	Report – Inter Set to Tie German Defender Down to New Contract
187353	player	333731	FOOTBALL	new	Cristian Romero	Inter sporting director confirms 'definite interest' in Tottenham's Romero
187378	player	37423138	FOOTBALL	new	Andy Diouf	Diouf, power and precision: "It felt good: I often try that shot in training"
187469	player	5270365	FOOTBALL	new	Jusuf Gazibegovic	Köln: Gazibegovic wechselt leihweise nach Polen
187475	team	6789	FOOTBALL	new	Monaco	Leverkusen CEO Fernando Carro regrets missing out on Filipe Luís, leaves door open
187476	player	37537864	FOOTBALL	new	Alvaro Carreras	Indirect swap deal: Xabi Alonso lends Mourinho a helping hand
187476	team	18	FOOTBALL	new	Chelsea	Indirect swap deal: Xabi Alonso lends Mourinho a helping hand
187476	team	3468	FOOTBALL	new	Real Madrid	Indirect swap deal: Xabi Alonso lends Mourinho a helping hand
187480	player	37649990	FOOTBALL	new	Kerim Alajbegović	Kerim Alajbegović nears Chelsea as Bayer talks continue
187482	player	31991374	FOOTBALL	new	Victor Boniface	Boniface strengthens Leverkusen comeback
187482	player	37342993	FOOTBALL	new	Ezequiel Fernández	Boniface strengthens Leverkusen comeback
187482	player	37597737	FOOTBALL	new	Afonso Moreira	Boniface strengthens Leverkusen comeback
187484	player	1887	FOOTBALL	new	Granit Xhaka	'Topic is closed': Chelsea learn final transfer decision after bid for ex-Arsenal star
187485	player	37649990	FOOTBALL	new	Kerim Alajbegovic	Alajbegovic agrees personal terms with Chelsea
187488	player	4592198	FOOTBALL	new	Morgan Rogers	'Good energy' at Chelsea as Alonso kickstarts reign in Sydney
187488	player	28912747	FOOTBALL	new	Cole Palmer	'Good energy' at Chelsea as Alonso kickstarts reign in Sydney
187503	player	32158	FOOTBALL	new	Julian Brandt	How Leeds could sign their new Georginio Rutter this summer
187561	player	600687	FOOTBALL	new	Vinicius Junior	Diomande signing for Real Madrid not tied to Vinicius’ departure -report
187561	player	37922937	FOOTBALL	new	Yan Diomande	Diomande signing for Real Madrid not tied to Vinicius’ departure -report
187561	team	19	FOOTBALL	new	Arsenal	Diomande signing for Real Madrid not tied to Vinicius’ departure -report
187569	player	600687	FOOTBALL	new	Vinicius Jr.	Spanish media share Vinicius Jr to Arsenal transfer truth and if deal will happen
187584	player	186910	FOOTBALL	new	Rodri	Diomande unlikely to be the final addition to Mourinho’s new Real Madrid
187584	player	600687	FOOTBALL	new	Vinícius Júnior	Diomande unlikely to be the final addition to Mourinho’s new Real Madrid
187584	player	37922937	FOOTBALL	new	Yan Diomande	Diomande unlikely to be the final addition to Mourinho’s new Real Madrid
187592	player	37755701	FOOTBALL	new	Thiago Pitarch	Real Madrid star to be absent until September with injury
187595	player	37922937	FOOTBALL	new	Yan Diomande	Real Madrid reach agreement in principle for Diomande -report
187595	team	8	FOOTBALL	new	Liverpool	Real Madrid reach agreement in principle for Diomande -report
187595	team	591	FOOTBALL	new	Paris Saint-Germain	Real Madrid reach agreement in principle for Diomande -report
187597	player	24838191	FOOTBALL	new	Josko Gvardiol	Manchester City defender to sign long-term contract on Monday to rebuff Real Madrid interest
187598	team	19	FOOTBALL	new	Arsenal	Real Madrid agrees Yan Diomande transfer deal after Liverpool interest and PSG delay
187598	team	277	FOOTBALL	new	RB Leipzig	Real Madrid agrees Yan Diomande transfer deal after Liverpool interest and PSG delay
187600	player	600687	FOOTBALL	new	Vinicius Junior	Blockbuster transfer taking shape as Arsenal open talks to land 22-goal star
187601	team	277	FOOTBALL	new	RB Leipzig	Three reasons why Real Madrid are signing Yan Diomande
187608	player	600687	FOOTBALL	new	Vinicius Jr.	What is Arsenal target Vinícius Jr’s stance on Real Madrid exit?
187614	team	277	FOOTBALL	new	RB Leipzig	Fabrizio Romano says Yan Diomande's transfer to Real Madrid is done
187622	player	37922937	FOOTBALL	new	Yan Diomande	Real Madrid in 'pole position' for Liverpool target Diomande after Vinicius Junior linked to Arsenal
187626	player	600687	FOOTBALL	new	Vinícius Júnior	Vinícius Júnior Arsenal Transfer: How the Brazilian Could Instantly Make Arsenal 2026/27 Champions League Favourites
187628	player	37922937	FOOTBALL	new	Yan Diomande	Fabrizio Romano drops €100m transfer bombshell that could boost Arsenal’s Vinicius Jr hopes – opinion
187638	player	96353	FOOTBALL	new	Bernardo Silva	Next Manchester City Signing: Why They Need a Winger
187638	player	294000	FOOTBALL	new	Omar Marmoush	Next Manchester City Signing: Why They Need a Winger
187638	player	336133	FOOTBALL	new	Phil Foden	Next Manchester City Signing: Why They Need a Winger
187638	player	496775	FOOTBALL	new	Pedro Neto	Next Manchester City Signing: Why They Need a Winger
187638	player	4592198	FOOTBALL	new	Morgan Rogers	Next Manchester City Signing: Why They Need a Winger
187638	player	10990678	FOOTBALL	new	Antoine Semenyo	Next Manchester City Signing: Why They Need a Winger
187638	player	23697990	FOOTBALL	new	Jeremy Doku	Next Manchester City Signing: Why They Need a Winger
187638	player	37527169	FOOTBALL	new	Savinho	Next Manchester City Signing: Why They Need a Winger
187638	player	37701999	FOOTBALL	new	Estevao	Next Manchester City Signing: Why They Need a Winger
187639	player	600687	FOOTBALL	new	Vinicius Junior	Real Madrid's Vini Jr asking price revealed
187639	team	19	FOOTBALL	new	Arsenal	Real Madrid's Vini Jr asking price revealed
187664	player	12759176	FOOTBALL	new	Matej Kovár	23 shots attempts is really going a bit far | A lack of concentration in him or a lack of quality? “Fiddling around like a pupil”
187674	player	186370	FOOTBALL	new	Thomas Partey	"Proper baller" Partey steps up training as clubs from Saudi, Turkey chase him
187674	team	19	FOOTBALL	new	Arsenal	"Proper baller" Partey steps up training as clubs from Saudi, Turkey chase him
187674	team	7980	FOOTBALL	new	Atletico Madrid	"Proper baller" Partey steps up training as clubs from Saudi, Turkey chase him
187680	player	37922937	FOOTBALL	new	Yan Diomande	Real Madrid's transfer window is far from over after Diomande breakthrough; Reports Fabrizio
187680	team	8	FOOTBALL	new	Liverpool	Real Madrid's transfer window is far from over after Diomande breakthrough; Reports Fabrizio
187680	team	9	FOOTBALL	new	Manchester City	Real Madrid's transfer window is far from over after Diomande breakthrough; Reports Fabrizio
187680	team	18	FOOTBALL	new	Chelsea	Real Madrid's transfer window is far from over after Diomande breakthrough; Reports Fabrizio
187680	team	2930	FOOTBALL	new	Inter Milan	Real Madrid's transfer window is far from over after Diomande breakthrough; Reports Fabrizio
187686	team	8	FOOTBALL	new	Liverpool	Joshua Abe
187693	team	27	FOOTBALL	new	Burnley	Connor Edwards
187732	player	600687	FOOTBALL	new	Vinicius Junior	Arsenal go quiet in €100m+ winger race – but that might be good
187732	player	37922937	FOOTBALL	new	Yan Diomande	Arsenal go quiet in €100m+ winger race – but that might be good
187732	team	3468	FOOTBALL	new	Real Madrid	Arsenal go quiet in €100m+ winger race – but that might be good
187733	player	1343	FOOTBALL	new	Emiliano Martinez	Spalletti keen on bringing Martinez to Juventus
187733	team	15	FOOTBALL	new	Aston Villa	Spalletti keen on bringing Martinez to Juventus
187756	team	214	FOOTBALL	new	Valencia	Wildfires force 220,000 people to flee from their homes
187787	team	4508	FOOTBALL	new	Paris	Firefighters battle blaze advancing towards Bordeaux
187815	team	214	FOOTBALL	new	Valencia	Wildfire forces another 55,000 people to evacuate in southwest France
187820	team	214	FOOTBALL	new	Valencia	Wildfires force over 250,000 evacuations across Southwest France as blaze nears Bordeaux
187839	player	448389	FOOTBALL	new	Ferran Torres	Barcelona protects itself against a Torres betrayal
187839	player	21394947	FOOTBALL	new	Julian Alvarez	Barcelona protects itself against a Torres betrayal
187839	player	32819099	FOOTBALL	new	Fisnik Asllani	Barcelona protects itself against a Torres betrayal
187839	team	277	FOOTBALL	new	Leipzig	Barcelona protects itself against a Torres betrayal
187841	player	448389	FOOTBALL	new	Ferran Torres	Barcelona secure themselves against Torres betrayal
187841	player	21394947	FOOTBALL	new	Julian Alvarez	Barcelona secure themselves against Torres betrayal
187841	player	32819099	FOOTBALL	new	Fisnik Asllani	Barcelona secure themselves against Torres betrayal
187841	team	277	FOOTBALL	new	Leipzig	Barcelona secure themselves against Torres betrayal
187860	player	84427	FOOTBALL	new	Mads Pedersen	Tour de France 2026: Tadej Pogacar wins fifth Tour as Mathieu van der Poel takes stage 21
187864	player	84427	FOOTBALL	new	Mads Pedersen	‘We fought everyday’ – Podiums in Paris as the Tour de France reaches its magical end
187906	player	84427	FOOTBALL	new	Mads Pedersen	Van der Poel wins absolutely wild Tour de France finale in Paris
187924	player	84427	FOOTBALL	new	Mads Pedersen	Van der Poel wins in Paris with the most agonizing sprint of his career
187941	player	84427	FOOTBALL	new	Mads Pedersen	Van der Poel wins final stage of Tour de France on the Champs-Élysées
187942	player	84427	FOOTBALL	new	Mads Pedersen	How to watch Tour de France Stage 21: All the broadcasters and live streams for Paris finale
187954	player	37317369	FOOTBALL	new	Bradley Barcola	Paris star refuses to renew: his future intertwined with Real Madrid deal
187954	player	37922937	FOOTBALL	new	Yan Diomandé	Paris star refuses to renew: his future intertwined with Real Madrid deal
188011	player	37717075	FOOTBALL	new	Aladji Bamba	Newcastle United set to exploit Premier League loophole after £114m transfer swoop
188016	player	37695244	FOOTBALL	new	Jesse Derry	Cole Palmer and Rio Ferdinand in awe as Chelsea star produces magic out on loan
188017	player	448389	FOOTBALL	new	Ferran Torres	PSG offers €50m for France midfielder Aklijush to replace Lee Kang-in - CHOSUNBIZ
188031	player	37530901	FOOTBALL	new	Maghnes Akliouche	Akliouche rejects liverpool to join psg in €40m transfer saga
188032	player	37717075	FOOTBALL	new	Aladji Bamba	'See you soon' - Newcastle United £30m signing emotional in message to former club
188073	team	113	FOOTBALL	new	Milan	Diawara: The Versatile Defender with Bizarre Celebrations, Nicknamed Papis
188096	team	83	FOOTBALL	new	Barcelona	Álvarez ignites crisis in Madrid: fiery confrontation with Atlético and an anticipated public statement
188098	player	19996814	FOOTBALL	new	Thiago Almada	Flamengo optimism over Almada grows after Atlético de Madrid sign Lee Kang-in
188102	player	21394947	FOOTBALL	new	Julian Alvarez	Arsenal Are Willing To Move In For This Atletico Madrid Forward: Should Arteta Snap Him Up?
188102	team	83	FOOTBALL	new	Barcelona	Arsenal Are Willing To Move In For This Atletico Madrid Forward: Should Arteta Snap Him Up?
188106	team	83	FOOTBALL	new	Barcelona	Álvarez ignites the crisis in Madrid: fiery confrontation with Atlético and public statement expected
188108	player	160208	FOOTBALL	new	Alejandro Grimaldo	Atletico completes Lee signing
188108	player	185658	FOOTBALL	new	Antoine Griezmann	Atletico completes Lee signing
188108	player	540189	FOOTBALL	new	Morten Hjulmand	Atletico completes Lee signing
188108	player	9967153	FOOTBALL	new	Kang-In Lee	Atletico completes Lee signing
188108	team	591	FOOTBALL	new	Paris Saint-Germain	Atletico completes Lee signing
188110	player	21394947	FOOTBALL	new	Julián Álvarez	Atlético Madrid could force Barcelona to take a surprise transfer stance this summer
188116	player	600687	FOOTBALL	new	Vinicius Jr	Julian Alvarez latest: Barcelona ‘won’t go crazy’ for Atletico star, Arsenal switch focus to Vini Jr
188121	player	21394947	FOOTBALL	new	Julian Alvarez	What happens if Barcelona don’t sign a striker this summer?
188125	team	214	FOOTBALL	new	Valencia	Kang-in Lee, the boy who played with the older age group
188153	team	83	FOOTBALL	new	Barcelona	Arsenal’s pursuit of Vinicius could affect Julián Álvarez
188153	team	591	FOOTBALL	new	Paris Saint-Germain	Arsenal’s pursuit of Vinicius could affect Julián Álvarez
188153	team	3468	FOOTBALL	new	Real Madrid	Arsenal’s pursuit of Vinicius could affect Julián Álvarez
188156	team	6	FOOTBALL	new	Tottenham	Lee Kang-in signing turns Atlético into South Korea's new national club - CHOSUNBIZ
188160	team	6	FOOTBALL	new	Tottenham	Lee Kang-in to spark Atlético jersey surge in Korea - CHOSUNBIZ
188160	team	591	FOOTBALL	new	Paris Saint Germain	Lee Kang-in to spark Atlético jersey surge in Korea - CHOSUNBIZ
188166	player	21394947	FOOTBALL	new	Julian Alvarez	In the face of Atlético Madrid's stubbornness: Barcelona refuses to go mad for Álvarez
188167	player	37632336	FOOTBALL	new	Eli Junior Kroupi	Barcelona activate operation to sign Premier League forward amid complications in Alvarez pursuit
188167	team	52	FOOTBALL	new	Bournemouth	Barcelona activate operation to sign Premier League forward amid complications in Alvarez pursuit
188168	team	591	FOOTBALL	new	Paris Saint Germain	'Korea's All-Time Great' Lee Kang-in's Impact on Atletico Move 'As Much As' This... From Neymar and Mbappé to 'Top Legend' Sharaut
188171	player	21394947	FOOTBALL	new	Julian Alvarez	Barcelona remain ‘crazy’ about signing Argentine World Cup star but won’t increase their offer – report
188173	team	591	FOOTBALL	new	Paris Saint-Germain	Lee Kang-in Gives First Greeting in Spanish: "Let's Go, Atlético!"
188175	player	21394947	FOOTBALL	new	Julian Alvarez	Arsenal Are Willing To Move In For This Atletico Madrid Forward: Should Arteta Snap Him Up?
188178	player	21394947	FOOTBALL	new	Julián Álvarez	Priorities set. Arsenal ready to break transfer record
188183	player	21394947	FOOTBALL	new	Julian Alvarez	Report: Arsenal ready record-breaking move for La Liga striker
188185	team	19	FOOTBALL	new	Arsenal	La Liga Drama: Atlético Madrid Reveals the Only Club They’d Sell Julián Álvarez To
188185	team	83	FOOTBALL	new	Barcelona	La Liga Drama: Atlético Madrid Reveals the Only Club They’d Sell Julián Álvarez To
188186	player	194167	FOOTBALL	new	Viktor Gyökeres	Arsenal Set to Offer €100 Million Plus Gyökeres for Julián Álvarez
188190	player	130145	FOOTBALL	new	Remo Freuler	Dovbyk-Bologna: Swap Deal in the Works as Italiano Eyes Loan Move
188190	team	37	FOOTBALL	new	Roma	Dovbyk-Bologna: Swap Deal in the Works as Italiano Eyes Loan Move
188192	player	1878	FOOTBALL	new	Marcus Rashford	Roma close on Castro for €35m, Dovbyk targeted by Bologna, Rashford too expensive
188192	player	205978	FOOTBALL	new	Artem Dovbyk	Roma close on Castro for €35m, Dovbyk targeted by Bologna, Rashford too expensive
188192	player	37567337	FOOTBALL	new	Santiago Castro	Roma close on Castro for €35m, Dovbyk targeted by Bologna, Rashford too expensive
188211	team	398	FOOTBALL	new	Parma	Bologna advances to the quarterfinals. BSC suffers a double defeat in Reggio.
188215	team	83	FOOTBALL	new	Barcelona	Transfer market: Castro and Roma close to final details. Dovbyk on his way to Bologna.
188218	player	205978	FOOTBALL	new	Artem Dovbyk	Roma close in on €35m Santiago Castro deal as Dovbyk loan to Bologna nears
188228	player	34455209	FOOTBALL	new	Jonathan Rowe	Manchester United Have Set Their Sights On This Serie A Winger: Should Carrick Move In For Him?
188228	team	8513	FOOTBALL	new	Bologna	Manchester United Have Set Their Sights On This Serie A Winger: Should Carrick Move In For Him?
188250	player	34053	FOOTBALL	new	Alexander Isak	Chiesa wants ‘new chapter’ with Iraola after frustrating time under Slot at Liverpool
188250	player	129836	FOOTBALL	new	Federico Chiesa	Chiesa wants ‘new chapter’ with Iraola after frustrating time under Slot at Liverpool
188250	player	37288979	FOOTBALL	new	Hugo Ekitiké	Chiesa wants ‘new chapter’ with Iraola after frustrating time under Slot at Liverpool
188250	team	625	FOOTBALL	new	Juventus	Chiesa wants ‘new chapter’ with Iraola after frustrating time under Slot at Liverpool
188257	player	186299	FOOTBALL	new	Aymeric Laporte	Barcelona Rules Out Signing Laporte
188259	player	186299	FOOTBALL	new	Aymeric Laporte	Barcelona turns down Spain national team leader. Why?
188261	player	982	FOOTBALL	new	John Stones	Barcelona wants to avoid another dispute with Athletic over Laporte
188261	player	186910	FOOTBALL	new	Rodri	Barcelona wants to avoid another dispute with Athletic over Laporte
188261	player	21394947	FOOTBALL	new	Julián Álvarez	Barcelona wants to avoid another dispute with Athletic over Laporte
188300	player	38017721	NBA	new	Peyton Watson	Report: Atlanta Hawks Target Could Take Qualifying Offer From Denver Nuggets
188302	team	7	NBA	new	Dallas Mavericks	Per source, here are the official pick details for …
188302	team	11	NBA	new	Houston Rockets	Per source, here are the official pick details for …
188302	team	14	NBA	new	Los Angeles Lakers	Per source, here are the official pick details for …
188302	team	21	NBA	new	Oklahoma City Thunder	Per source, here are the official pick details for …
188305	player	38017721	NBA	new	Peyton Watson	Report: Atlanta Hawks Target Could Take Qualifying Offer From Denver Nuggets
188306	player	237	NBA	new	LeBron James	76ers celebrate James' arrival with coronation photo fit for basketball's King
188311	team	11	NBA	new	Houston Rockets	Offseason Power Rankings: Knicks lead the way in the East
188311	team	15	NBA	new	Memphis Grizzlies	Offseason Power Rankings: Knicks lead the way in the East
188311	team	23	NBA	new	Philadelphia 76ers	Offseason Power Rankings: Knicks lead the way in the East
188311	team	27	NBA	new	San Antonio Spurs	Offseason Power Rankings: Knicks lead the way in the East
188314	team	14	NBA	new	Los Angeles Lakers	Skylar Mays set for NBL27 with Phoenix
188317	player	38017706	NBA	new	Jaylin Williams	Bullets close in on Summer League standout to complete roster — NBL Daily
188317	team	8	NBA	new	Denver Nuggets	Bullets close in on Summer League standout to complete roster — NBL Daily
188324	team	14	NBA	new	Los Angeles Lakers	Why the Hawks' Tax Room Complicates a Jonathan Kuminga Sign-and-Trade
188326	player	274	NBA	new	Kawhi Leonard	Atlanta's Path to Acquiring Peyton Watson Was Already Difficult, But It Might Be Impossible Now
188326	player	17553979	NBA	new	Jonathan Kuminga	Atlanta's Path to Acquiring Peyton Watson Was Already Difficult, But It Might Be Impossible Now
188326	player	1028255289	NBA	new	Spencer Jones	Atlanta's Path to Acquiring Peyton Watson Was Already Difficult, But It Might Be Impossible Now
188326	team	8	NBA	new	Denver Nuggets	Atlanta's Path to Acquiring Peyton Watson Was Already Difficult, But It Might Be Impossible Now
188327	player	3547289	NBA	new	Skylar Mays	Mays, the two-way force Phoenix has been looking for
188357	team	6	NBA	new	Cleveland Cavaliers	Ranking the top 10 starting fives in revamped Eastern Conference
188357	team	23	NBA	new	Philadelphia 76ers	Ranking the top 10 starting fives in revamped Eastern Conference
188373	player	70	NBA	new	Jaylen Brown	Boston Celtics Daily Links 7/27/26
188373	player	115	NBA	new	Steph Curry	Boston Celtics Daily Links 7/27/26
188373	player	237	NBA	new	LeBron James	Boston Celtics Daily Links 7/27/26
188373	player	56677864	NBA	new	Jordan Walsh	Boston Celtics Daily Links 7/27/26
188373	player	1057277425	NBA	new	Hugo Gonzalez	Boston Celtics Daily Links 7/27/26
188374	player	161	NBA	new	De'Aaron Fox	The Spurs have quietly become every NBA team's final boss
188374	player	175	NBA	new	Shai Gilgeous-Alexander	The Spurs have quietly become every NBA team's final boss
188374	player	261	NBA	new	Luke Kornet	The Spurs have quietly become every NBA team's final boss
188374	player	3547238	NBA	new	Anthony Edwards	The Spurs have quietly become every NBA team's final boss
188374	player	38017703	NBA	new	Jalen Williams	The Spurs have quietly become every NBA team's final boss
188374	player	56677822	NBA	new	Victor Wembanyama	The Spurs have quietly become every NBA team's final boss
188374	player	1028025261	NBA	new	Stephon Castle	The Spurs have quietly become every NBA team's final boss
188374	player	1057262518	NBA	new	Dylan Harper	The Spurs have quietly become every NBA team's final boss
188376	player	237	NBA	new	LeBron James	Charania: Celtics had trade talks about Jaylen Brown during 2025-26 season
188376	team	10	NBA	new	Warriors	Charania: Celtics had trade talks about Jaylen Brown during 2025-26 season
188376	team	23	NBA	new	76ers	Charania: Celtics had trade talks about Jaylen Brown during 2025-26 season
188380	player	19465584	NBA	new	Micah Potter	John Tonje has a new NBA home; what's next for the former Badgers star
188380	player	1057846535	NBA	new	Chucky Hepburn	John Tonje has a new NBA home; what's next for the former Badgers star
188381	team	4	NBA	new	Charlotte Hornets	The Quiet Celtic: Remembering Reggie Lewis
188384	player	70	NBA	new	Jaylen Brown	Celtics' Jayson Tatum: Top dog for Boston
188388	team	23	NBA	new	Philadelphia 76ers	Warriors reportedly discussed Jaylen Brown trade with Celtics near NBA deadline
188403	team	23	NBA	new	Philadelphia 76ers	LeBron James will wear No. 23 with the Sixers: ‘No words to measure the impact he’ll have’
188474	team	23	NBA	new	Philadelphia 76ers	LeBron James will wear No. 23 with the Sixers: ‘No words to measure the impact he’ll have’
188478	player	15	NBA	new	Giannis Antetokounmpo	Three Reasons Why the Brooklyn Nets Have to Compete in the New NBA
188478	player	237	NBA	new	LeBron James	Three Reasons Why the Brooklyn Nets Have to Compete in the New NBA
188478	player	375	NBA	new	Michael Porter Jr.	Three Reasons Why the Brooklyn Nets Have to Compete in the New NBA
188478	player	387	NBA	new	Julius Randle	Three Reasons Why the Brooklyn Nets Have to Compete in the New NBA
188478	team	4	NBA	new	Charlotte Hornets	Three Reasons Why the Brooklyn Nets Have to Compete in the New NBA
188478	team	11	NBA	new	Houston Rockets	Three Reasons Why the Brooklyn Nets Have to Compete in the New NBA
188478	team	16	NBA	new	Miami Heat	Three Reasons Why the Brooklyn Nets Have to Compete in the New NBA
188478	team	23	NBA	new	Philadelphia 76ers	Three Reasons Why the Brooklyn Nets Have to Compete in the New NBA
188478	team	30	NBA	new	Washington Wizards	Three Reasons Why the Brooklyn Nets Have to Compete in the New NBA
188481	player	237	NBA	new	LeBron James	How Bob Myers went from being Warriors’ architect to their doom
188481	team	23	NBA	new	Philadelphia 76ers	How Bob Myers went from being Warriors’ architect to their doom
188482	team	4	NBA	new	Charlotte Hornets	Brooklyn Nets Announce 2026 Preseason Schedule
188482	team	16	NBA	new	Miami Heat	Brooklyn Nets Announce 2026 Preseason Schedule
188482	team	23	NBA	new	Philadelphia 76ers	Brooklyn Nets Announce 2026 Preseason Schedule
188483	player	375	NBA	new	Michael Porter Jr.	Nets' Michael Porter: Could see fewer touches
188483	player	387	NBA	new	Julius Randle	Nets' Michael Porter: Could see fewer touches
188486	team	4	NBA	new	Charlotte Hornets	Brooklyn Nets Unveil 2026-27 Preseason Schedule
188486	team	16	NBA	new	Miami Heat	Brooklyn Nets Unveil 2026-27 Preseason Schedule
188486	team	23	NBA	new	Philadelphia 76ers	Brooklyn Nets Unveil 2026-27 Preseason Schedule
188486	team	30	NBA	new	Washington Wizards	Brooklyn Nets Unveil 2026-27 Preseason Schedule
188528	player	15	NBA	new	Giannis Antetokounmpo	2026-27 Fantasy Basketball Rankings: Early top-50 players for 9-cat following the LeBron James signing
188528	player	175	NBA	new	Shai Gilgeous-Alexander	2026-27 Fantasy Basketball Rankings: Early top-50 players for 9-cat following the LeBron James signing
188528	player	246	NBA	new	Nikola Jokić	2026-27 Fantasy Basketball Rankings: Early top-50 players for 9-cat following the LeBron James signing
188528	player	274	NBA	new	Kawhi Leonard	2026-27 Fantasy Basketball Rankings: Early top-50 players for 9-cat following the LeBron James signing
188528	player	434	NBA	new	Jayson Tatum	2026-27 Fantasy Basketball Rankings: Early top-50 players for 9-cat following the LeBron James signing
188528	player	3547238	NBA	new	Anthony Edwards	2026-27 Fantasy Basketball Rankings: Early top-50 players for 9-cat following the LeBron James signing
188528	player	3547254	NBA	new	Tyrese Maxey	2026-27 Fantasy Basketball Rankings: Early top-50 players for 9-cat following the LeBron James signing
188528	player	17896040	NBA	new	Jalen Johnson	2026-27 Fantasy Basketball Rankings: Early top-50 players for 9-cat following the LeBron James signing
188528	player	17896055	NBA	new	Scottie Barnes	2026-27 Fantasy Basketball Rankings: Early top-50 players for 9-cat following the LeBron James signing
188528	player	17896075	NBA	new	Cade Cunningham	2026-27 Fantasy Basketball Rankings: Early top-50 players for 9-cat following the LeBron James signing
188528	player	56677822	NBA	new	Victor Wembanyama	2026-27 Fantasy Basketball Rankings: Early top-50 players for 9-cat following the LeBron James signing
188594	player	380	NBA	new	Norman Powell	What Should the Chicago Bulls Do With Patrick Williams This Season?
188594	player	3547264	NBA	new	Jalen Smith	What Should the Chicago Bulls Do With Patrick Williams This Season?
188594	player	3547274	NBA	new	Tre Jones	What Should the Chicago Bulls Do With Patrick Williams This Season?
188594	player	17896065	NBA	new	Josh Giddey	What Should the Chicago Bulls Do With Patrick Williams This Season?
188594	player	56677782	NBA	new	Leonard Miller	What Should the Chicago Bulls Do With Patrick Williams This Season?
188594	player	1028025177	NBA	new	Matas Buzelis	What Should the Chicago Bulls Do With Patrick Williams This Season?
188594	player	1028025639	NBA	new	Rob Dillingham	What Should the Chicago Bulls Do With Patrick Williams This Season?
188594	player	1057272081	NBA	new	Noa Essengue	What Should the Chicago Bulls Do With Patrick Williams This Season?
188598	player	237	NBA	new	LeBron James	Derrick Rose Could Not Care Less About LeBron Joining The 76ers
188603	player	175	NBA	new	Shai Gilgeous-Alexander	NBA round-up: Paul George gets hurt in Clippers' loss
188603	player	274	NBA	new	Kawhi Leonard	NBA round-up: Paul George gets hurt in Clippers' loss
188603	player	38017703	NBA	new	Jalen Williams	NBA round-up: Paul George gets hurt in Clippers' loss
188611	player	13874242	NFL	new	Luther Burden III	Chicago Bears training camp storylines: Caleb Williams, Luther Burden, roster battles
188611	team	22	NFL	new	Packers	Chicago Bears training camp storylines: Caleb Williams, Luther Burden, roster battles
188611	team	32	NFL	new	Rams	Chicago Bears training camp storylines: Caleb Williams, Luther Burden, roster battles
188640	player	203	NBA	new	Udonis Haslem	Dwyane Wade names his favorite NBA teammate — it’s not LeBron James
188670	player	208	NBA	new	Mario Hezonja	NBA Analyst Reveals Why Cleveland Cavaliers Had 'D+' Offseason
188670	player	237	NBA	new	LeBron James	NBA Analyst Reveals Why Cleveland Cavaliers Had 'D+' Offseason
188670	player	322	NBA	new	Donovan Mitchell	NBA Analyst Reveals Why Cleveland Cavaliers Had 'D+' Offseason
188670	player	17553979	NBA	new	Jonathan Kuminga	NBA Analyst Reveals Why Cleveland Cavaliers Had 'D+' Offseason
188670	team	23	NBA	new	Philadelphia 76ers	NBA Analyst Reveals Why Cleveland Cavaliers Had 'D+' Offseason
188678	player	17896076	NBA	new	Evan Mobley	Donovan Mitchell’s Extension Could Haunt the Cavaliers for Years
188685	player	115	NBA	new	Steph Curry	NBA: Steph Curry reacts to LeBron James choosing 76ers
188742	player	237	NBA	new	LeBron James	76ers celebrate James’ arrival with coronation photo fit for basketball’s King
188752	player	70	NBA	new	Jaylen Brown	76ers celebrate James' arrival with coronation photo fit for basketball's King
188752	player	145	NBA	new	Joel Embiid	76ers celebrate James' arrival with coronation photo fit for basketball's King
188752	player	237	NBA	new	LeBron James	76ers celebrate James' arrival with coronation photo fit for basketball's King
188752	player	3547254	NBA	new	Tyrese Maxey	76ers celebrate James' arrival with coronation photo fit for basketball's King
188754	player	15	NBA	new	Giannis Antetokounmpo	Biggest Winners and Losers From Detroit Pistons Free Agency Period
188754	player	70	NBA	new	Jaylen Brown	Biggest Winners and Losers From Detroit Pistons Free Agency Period
188754	player	101	NBA	new	John Collins	Biggest Winners and Losers From Detroit Pistons Free Agency Period
188754	player	196	NBA	new	Gary Harris	Biggest Winners and Losers From Detroit Pistons Free Agency Period
188754	player	237	NBA	new	LeBron James	Biggest Winners and Losers From Detroit Pistons Free Agency Period
188754	player	383	NBA	new	Taurean Prince	Biggest Winners and Losers From Detroit Pistons Free Agency Period
188754	player	3547272	NBA	new	Isaiah Joe	Biggest Winners and Losers From Detroit Pistons Free Agency Period
188754	player	17896075	NBA	new	Cade Cunningham	Biggest Winners and Losers From Detroit Pistons Free Agency Period
188767	player	1057262088	NBA	new	Cooper Flagg	Kyrie Irving update will excite Dallas Mavericks fans
188769	player	228	NBA	new	Kyrie Irving	NBA trade rumor: Multiple suitors eye $118.47 million Dallas Mavericks veteran for potential summer move
188769	team	6	NBA	new	Cleveland Cavaliers	NBA trade rumor: Multiple suitors eye $118.47 million Dallas Mavericks veteran for potential summer move
188769	team	18	NBA	new	Minnesota Timberwolves	NBA trade rumor: Multiple suitors eye $118.47 million Dallas Mavericks veteran for potential summer move
188769	team	23	NBA	new	Philadelphia 76ers	NBA trade rumor: Multiple suitors eye $118.47 million Dallas Mavericks veteran for potential summer move
188770	player	237	NBA	new	LeBron James	Mavericks Send Clear Message About Kyrie Irving Trade Talks
188770	player	1057262088	NBA	new	Cooper Flagg	Mavericks Send Clear Message About Kyrie Irving Trade Talks
188770	team	6	NBA	new	Cleveland Cavaliers	Mavericks Send Clear Message About Kyrie Irving Trade Talks
188770	team	18	NBA	new	Minnesota Timberwolves	Mavericks Send Clear Message About Kyrie Irving Trade Talks
188772	player	140	NBA	new	Kevin Durant	Grade the Dallas Mavericks offseason
188772	player	228	NBA	new	Kyrie Irving	Grade the Dallas Mavericks offseason
188772	player	1057262088	NBA	new	Cooper Flagg	Grade the Dallas Mavericks offseason
188773	player	228	NBA	new	Kyrie Irving	Mavericks intent on keeping Duke duo together ahead of 2026-27 NBA season
188773	player	56677840	NBA	new	Dereck Lively II	Mavericks intent on keeping Duke duo together ahead of 2026-27 NBA season
188773	player	1057262088	NBA	new	Cooper Flagg	Mavericks intent on keeping Duke duo together ahead of 2026-27 NBA season
188800	player	257	NBA	new	Maxi Kleber	Ex-Lakers 9-Year NBA Vet Becomes Target For New Team
188827	player	472	NBA	new	Russell Westbrook	Brutal scenario emerges for former Lakers star guard and MVP
188846	team	15	NBA	new	Memphis Grizzlies	Nuggets reportedly hiring Dave Joerger as lead assistant under David Adelman
188846	team	23	NBA	new	Philadelphia 76ers	Nuggets reportedly hiring Dave Joerger as lead assistant under David Adelman
188846	team	26	NBA	new	Sacramento Kings	Nuggets reportedly hiring Dave Joerger as lead assistant under David Adelman
188852	team	26	NBA	new	Sacramento Kings	Nuggets are hiring 1 notable former NBA head coach
188854	player	1028255289	NBA	new	Spencer Jones	How Thunder GM Sam Presti's Latest Clever Move Forced Rival Nuggets Into NBA’s Dreaded Second Apron
188858	player	70	NBA	new	Jaylen Brown	‘Never wanna contemplate’: Unthinkable MVP trade fear; move Warriors may regret — NBA Daily
188858	player	115	NBA	new	Stephen Curry	‘Never wanna contemplate’: Unthinkable MVP trade fear; move Warriors may regret — NBA Daily
188858	player	125	NBA	new	DeMar DeRozan	‘Never wanna contemplate’: Unthinkable MVP trade fear; move Warriors may regret — NBA Daily
188858	player	185	NBA	new	Draymond Green	‘Never wanna contemplate’: Unthinkable MVP trade fear; move Warriors may regret — NBA Daily
188858	player	237	NBA	new	LeBron James	‘Never wanna contemplate’: Unthinkable MVP trade fear; move Warriors may regret — NBA Daily
188858	player	443	NBA	new	Klay Thompson	‘Never wanna contemplate’: Unthinkable MVP trade fear; move Warriors may regret — NBA Daily
188863	player	1028255289	NBA	new	Spencer Jones	Nuggets Jones Basketball
188863	team	21	NBA	new	Oklahoma City Thunder	Nuggets Jones Basketball
188864	player	1028255289	NBA	new	Spencer Jones	Nuggets Steal Back Key Forward From Thunder as $12 Million Deal Sparks New Problems
188933	team	7	NBA	new	Dallas Mavericks	Pistons’ Kyrie Irving Pursuit Gets Definitive Update From Insider
188938	player	70	NBA	new	Jaylen Brown	76ers celebrate James' arrival with coronation photo fit for basketball's King
188938	player	145	NBA	new	Joel Embiid	76ers celebrate James' arrival with coronation photo fit for basketball's King
188938	player	237	NBA	new	LeBron James	76ers celebrate James' arrival with coronation photo fit for basketball's King
188938	player	3547254	NBA	new	Tyrese Maxey	76ers celebrate James' arrival with coronation photo fit for basketball's King
188939	player	81	NBA	new	Kentavious Caldwell-Pope	Caldwell-Pope reaches buyout agreement with Grizzlies
188939	team	8	NBA	new	Denver Nuggets	Caldwell-Pope reaches buyout agreement with Grizzlies
188960	player	15	NBA	new	Giannis Antetokounmpo	What Tier Do the Orlando Magic Fall in the Eastern Conference
188960	player	274	NBA	new	Kawhi Leonard	What Tier Do the Orlando Magic Fall in the Eastern Conference
188960	player	460	NBA	new	Nikola Vucevic	What Tier Do the Orlando Magic Fall in the Eastern Conference
188960	player	3547287	NBA	new	Desmond Bane	What Tier Do the Orlando Magic Fall in the Eastern Conference
188960	player	17896026	NBA	new	Franz Wagner	What Tier Do the Orlando Magic Fall in the Eastern Conference
188960	player	38017683	NBA	new	Paolo Banchero	What Tier Do the Orlando Magic Fall in the Eastern Conference
188960	team	16	NBA	new	Miami Heat	What Tier Do the Orlando Magic Fall in the Eastern Conference
188960	team	28	NBA	new	Toronto Raptors	What Tier Do the Orlando Magic Fall in the Eastern Conference
189008	player	79	NBA	new	Jimmy Butler	Stephen Curry has a clear reason for his frustration with the Warriors this offseason
189008	player	185	NBA	new	Draymond Green	Stephen Curry has a clear reason for his frustration with the Warriors this offseason
189008	player	237	NBA	new	LeBron James	Stephen Curry has a clear reason for his frustration with the Warriors this offseason
189009	team	23	NBA	new	Philadelphia 76ers	After missing out on LeBron James, what is the Warriors’ Plan B?
189011	player	115	NBA	new	Steph Curry	NBA Insider Brings End To Steph Curry Trade Rumors After Odds Increased
189013	player	237	NBA	new	LeBron James	Warriors Could Make Drastic Move With Draymond Green: Insider
189057	player	145	NBA	new	Joel Embiid	Inside LeBron James' decision | What his agent is saying about the Philadelphia pick
189057	player	3547254	NBA	new	Tyrese Maxey	Inside LeBron James' decision | What his agent is saying about the Philadelphia pick
189057	team	23	NBA	new	Philadelphia 76ers	Inside LeBron James' decision | What his agent is saying about the Philadelphia pick
189098	player	56677799	NBA	new	Trayce Jackson-Davis	Allen Graves ready to be Santa Clara’s next NBA standout, with an assist from Podziemski
189098	player	56677858	NBA	new	Brandin Podziemski	Allen Graves ready to be Santa Clara’s next NBA standout, with an assist from Podziemski
189111	player	3	NBA	new	Steven Adams	Rockets Belong in the Western Conference's Second Tier Entering Next Season
189111	player	420	NBA	new	Marcus Smart	Rockets Belong in the Western Conference's Second Tier Entering Next Season
189111	player	458	NBA	new	Fred VanVleet	Rockets Belong in the Western Conference's Second Tier Entering Next Season
189111	player	17896062	NBA	new	Alperen Sengun	Rockets Belong in the Western Conference's Second Tier Entering Next Season
189111	player	56677825	NBA	new	Amen Thompson	Rockets Belong in the Western Conference's Second Tier Entering Next Season
189111	team	8	NBA	new	Denver Nuggets	Rockets Belong in the Western Conference's Second Tier Entering Next Season
189111	team	18	NBA	new	Minnesota Timberwolves	Rockets Belong in the Western Conference's Second Tier Entering Next Season
189111	team	21	NBA	new	Oklahoma City Thunder	Rockets Belong in the Western Conference's Second Tier Entering Next Season
189111	team	27	NBA	new	San Antonio Spurs	Rockets Belong in the Western Conference's Second Tier Entering Next Season
189114	player	3	NBA	new	Steven Adams	The Houston Rocket Veteran with the Most to Prove
189114	player	53	NBA	new	Bogdan Bogdanovic	The Houston Rocket Veteran with the Most to Prove
189114	player	140	NBA	new	Kevin Durant	The Houston Rocket Veteran with the Most to Prove
189114	player	420	NBA	new	Marcus Smart	The Houston Rocket Veteran with the Most to Prove
189114	player	458	NBA	new	Fred VanVleet	The Houston Rocket Veteran with the Most to Prove
189114	player	3547301	NBA	new	Jae’Sean Tate	The Houston Rocket Veteran with the Most to Prove
189114	player	17896062	NBA	new	Alperen Sengun	The Houston Rocket Veteran with the Most to Prove
189114	player	38017684	NBA	new	Jabari Smith Jr.	The Houston Rocket Veteran with the Most to Prove
189114	player	38017695	NBA	new	Tari Eason	The Houston Rocket Veteran with the Most to Prove
189114	player	56677825	NBA	new	Amen Thompson	The Houston Rocket Veteran with the Most to Prove
189114	player	1028028519	NBA	new	Reed Sheppard	The Houston Rocket Veteran with the Most to Prove
189117	player	145	NBA	new	Joel Embiid	LeBron to the Sixers Roundtable: Did He Make the Right Decision?
189117	player	237	NBA	new	LeBron James	LeBron to the Sixers Roundtable: Did He Make the Right Decision?
189117	player	3547254	NBA	new	Tyrese Maxey	LeBron to the Sixers Roundtable: Did He Make the Right Decision?
189118	player	4	NBA	new	Bam Adebayo	Fantasy Basketball 2026-27: Which Contenders Hurt Their Own Players' Fantasy Value?
189118	player	15	NBA	new	Giannis Antetokounmpo	Fantasy Basketball 2026-27: Which Contenders Hurt Their Own Players' Fantasy Value?
189118	player	140	NBA	new	Kevin Durant	Fantasy Basketball 2026-27: Which Contenders Hurt Their Own Players' Fantasy Value?
189118	player	177	NBA	new	Aaron Gordon	Fantasy Basketball 2026-27: Which Contenders Hurt Their Own Players' Fantasy Value?
189118	player	192	NBA	new	James Harden	Fantasy Basketball 2026-27: Which Contenders Hurt Their Own Players' Fantasy Value?
189118	player	246	NBA	new	Nikola Jokic	Fantasy Basketball 2026-27: Which Contenders Hurt Their Own Players' Fantasy Value?
189118	player	322	NBA	new	Donovan Mitchell	Fantasy Basketball 2026-27: Which Contenders Hurt Their Own Players' Fantasy Value?
189118	player	377	NBA	new	Bobby Portis	Fantasy Basketball 2026-27: Which Contenders Hurt Their Own Players' Fantasy Value?
189118	player	17896062	NBA	new	Alperen Sengun	Fantasy Basketball 2026-27: Which Contenders Hurt Their Own Players' Fantasy Value?
189118	player	56677825	NBA	new	Amen Thompson	Fantasy Basketball 2026-27: Which Contenders Hurt Their Own Players' Fantasy Value?
189121	player	237	NBA	new	LeBron James	76ers celebrate James’ arrival with coronation photo fit for basketball’s King
189179	player	17896117	NBA	new	Ethan Thompson	Why the Pacers Haven't Signed Braden Smith Yet: Indiana's GM Explains the Delay
189179	player	56677849	NBA	new	Kobe Brown	Why the Pacers Haven't Signed Braden Smith Yet: Indiana's GM Explains the Delay
189179	player	56677862	NBA	new	Jalen Slawson	Why the Pacers Haven't Signed Braden Smith Yet: Indiana's GM Explains the Delay
189181	player	340	NBA	new	Larry Nance Jr.	Pacers GM Won't Name a Backup Center Behind Ivica Zubac
189181	player	3547243	NBA	new	Obi Toppin	Pacers GM Won't Name a Backup Center Behind Ivica Zubac
189181	player	17896103	NBA	new	Jay Huff	Pacers GM Won't Name a Backup Center Behind Ivica Zubac
189184	player	360	NBA	new	Kelly Oubre Jr.	Pacers Fans Will Be Ecstatic About Rumored New Jersey Leak
189184	player	493	NBA	new	Ivica Zubac	Pacers Fans Will Be Ecstatic About Rumored New Jersey Leak
189184	player	3547245	NBA	new	Tyrese Haliburton	Pacers Fans Will Be Ecstatic About Rumored New Jersey Leak
189185	player	237	NBA	new	LeBron James	76ers celebrate James' arrival with coronation photo fit for basketball's King
189186	player	340	NBA	new	Larry Nance Jr.	Leak Appears to Show Pacers’ New Uniform Returns with Key Feature
189186	player	360	NBA	new	Kelly Oubre Jr.	Leak Appears to Show Pacers’ New Uniform Returns with Key Feature
189186	player	493	NBA	new	Ivica Zubac	Leak Appears to Show Pacers’ New Uniform Returns with Key Feature
189186	player	3547245	NBA	new	Tyrese Haliburton	Leak Appears to Show Pacers’ New Uniform Returns with Key Feature
189194	team	21	NBA	new	Oklahoma City Thunder	LeBron moves Philly up, but OKC and Spurs remain NBA favorites, according to books and markets
189260	team	8	NBA	new	Denver Nuggets	Clippers Now Have a Clearer Path to Acquiring Peyton Watson
189269	player	666609	NBA	new	Rui Hachimura	Predicting Clippers' Opening Night Rotation With Revamped Roster
189269	player	17896035	NBA	new	Isaiah Jackson	Predicting Clippers' Opening Night Rotation With Revamped Roster
189269	player	1057396055	NBA	new	Kobe Sanders	Predicting Clippers' Opening Night Rotation With Revamped Roster
189272	player	15	NBA	new	Giannis Antetokounmpo	A wild NBA offseason should be another boost for regular-season ratings
189272	player	70	NBA	new	Jaylen Brown	A wild NBA offseason should be another boost for regular-season ratings
189272	player	172	NBA	new	Paul George	A wild NBA offseason should be another boost for regular-season ratings
189272	player	237	NBA	new	LeBron James	A wild NBA offseason should be another boost for regular-season ratings
189272	player	274	NBA	new	Kawhi Leonard	A wild NBA offseason should be another boost for regular-season ratings
189272	player	666786	NBA	new	Ja Morant	A wild NBA offseason should be another boost for regular-season ratings
189272	player	3547239	NBA	new	LaMelo Ball	A wild NBA offseason should be another boost for regular-season ratings
189297	player	237	NBA	new	LeBron James	76ers celebrate James' arrival with coronation photo fit for basketball's King
189316	player	70	NBA	new	Jaylen Brown	76ers celebrate James' arrival with coronation photo fit for basketball's King
189316	player	145	NBA	new	Joel Embiid	76ers celebrate James' arrival with coronation photo fit for basketball's King
189316	player	237	NBA	new	LeBron James	76ers celebrate James' arrival with coronation photo fit for basketball's King
189316	player	3547254	NBA	new	Tyrese Maxey	76ers celebrate James' arrival with coronation photo fit for basketball's King
189341	player	15	NBA	new	Giannis Antetokounmpo	Fantasy Basketball 2026-27: Five Players Who Could Lead the NBA in Usage
189341	player	115	NBA	new	Stephen Curry	Fantasy Basketball 2026-27: Five Players Who Could Lead the NBA in Usage
189341	player	132	NBA	new	Luka Doncic	Fantasy Basketball 2026-27: Five Players Who Could Lead the NBA in Usage
189341	player	175	NBA	new	Shai Gilgeous-Alexander	Fantasy Basketball 2026-27: Five Players Who Could Lead the NBA in Usage
189341	player	434	NBA	new	Jayson Tatum	Fantasy Basketball 2026-27: Five Players Who Could Lead the NBA in Usage
189341	team	2	NBA	new	Boston Celtics	Fantasy Basketball 2026-27: Five Players Who Could Lead the NBA in Usage
189341	team	10	NBA	new	Golden State Warriors	Fantasy Basketball 2026-27: Five Players Who Could Lead the NBA in Usage
189341	team	16	NBA	new	Miami Heat	Fantasy Basketball 2026-27: Five Players Who Could Lead the NBA in Usage
189341	team	21	NBA	new	Oklahoma City Thunder	Fantasy Basketball 2026-27: Five Players Who Could Lead the NBA in Usage
189394	player	666676	NBA	new	Ty Jerome	Grizzlies' Scotty Pippen: Competing for top point guard role
189394	player	666786	NBA	new	Ja Morant	Grizzlies' Scotty Pippen: Competing for top point guard role
189399	player	81	NBA	new	Kentavious Caldwell-Pope	2-time NBA champion proves 76ers are worth a sacrifice
189484	team	23	NBA	new	Philadelphia 76ers	‘The Saga of the Poor Heat Staffer’ — ESPN NBA Insider Reveals the Truth Behind Miami’s LeBron James YouTube Gaffe
189487	team	23	NBA	new	Philadelphia 76ers	LeBron James's Agent Reportedly Found Heat's Presser Gaffe Thoroughly Amusing
189490	team	23	NBA	new	Philadelphia 76ers	Heat staffer’s mistake to blame for premature LeBron James YouTube presser
189491	player	15	NBA	new	Giannis Antetokounmpo	Sitting down with former Hog and Miami Heat forward Bobby Portis
189495	player	237	NBA	new	LeBron James	Sixers give ‘King James’ royal welcome to Philadelphia
189495	team	23	NBA	new	Philadelphia 76ers	Sixers give ‘King James’ royal welcome to Philadelphia
189496	player	4	NBA	new	Bam Adebayo	Giannis Antetokounmpo Guarantees A Miami Heat Championship
189496	player	79	NBA	new	Jimmy Butler	Giannis Antetokounmpo Guarantees A Miami Heat Championship
189496	player	237	NBA	new	LeBron James	Giannis Antetokounmpo Guarantees A Miami Heat Championship
189496	player	443	NBA	new	Klay Thompson	Giannis Antetokounmpo Guarantees A Miami Heat Championship
189496	player	461	NBA	new	Dwyane Wade	Giannis Antetokounmpo Guarantees A Miami Heat Championship
189496	player	475	NBA	new	Andrew Wiggins	Giannis Antetokounmpo Guarantees A Miami Heat Championship
189496	player	17553994	NBA	new	Davion Mitchell	Giannis Antetokounmpo Guarantees A Miami Heat Championship
189518	team	18	NBA	new	Minnesota Timberwolves	Paris Basketball nearing deal with new head coach
189521	player	15	NBA	new	Giannis Antetokounmpo	Former Bucks Star Shares Hot Take for Milwaukee’s Playoff Chances
189521	player	666633	NBA	new	Tyler Herro	Former Bucks Star Shares Hot Take for Milwaukee’s Playoff Chances
189521	player	1028029127	NBA	new	Kel'el Ware	Former Bucks Star Shares Hot Take for Milwaukee’s Playoff Chances
189588	player	237	NBA	new	LeBron James	76ers celebrate James’ arrival with coronation photo fit for basketball’s King
189590	team	8	NBA	new	Denver Nuggets	How Bucks Could Benefit From Sign-and-Trade for Peyton Watson
189646	player	3547238	NBA	new	Anthony Edwards	NBA Legend Tracy McGrady Has High Hopes for Timberwolves’ New Duo
189646	player	3547239	NBA	new	LaMelo Ball	NBA Legend Tracy McGrady Has High Hopes for Timberwolves’ New Duo
189651	team	14	NBA	new	Los Angeles Lakers	76ers celebrate LeBron James' arrival with coronation fit for King
189656	player	70	NBA	new	Jaylen Brown	5-at-10: Weekend losers (Philly fans) and losers (MLB Hall of Fame) and LeBron’s big choice
189656	player	145	NBA	new	Joel Embiid	5-at-10: Weekend losers (Philly fans) and losers (MLB Hall of Fame) and LeBron’s big choice
189656	player	237	NBA	new	LeBron James	5-at-10: Weekend losers (Philly fans) and losers (MLB Hall of Fame) and LeBron’s big choice
189656	player	3547254	NBA	new	Tyrese Maxey	5-at-10: Weekend losers (Philly fans) and losers (MLB Hall of Fame) and LeBron’s big choice
189656	player	1057261935	NBA	new	VJ Edgecombe	5-at-10: Weekend losers (Philly fans) and losers (MLB Hall of Fame) and LeBron’s big choice
189656	team	23	NBA	new	Philadelphia 76ers	5-at-10: Weekend losers (Philly fans) and losers (MLB Hall of Fame) and LeBron’s big choice
189705	player	94	NBA	new	Tyson Chandler	Seven Ex-New Orleans Pelicans Stars Named Best Defenders In NBA History
189705	player	117	NBA	new	Anthony Davis	Seven Ex-New Orleans Pelicans Stars Named Best Defenders In NBA History
189705	player	214	NBA	new	Jrue Holiday	Seven Ex-New Orleans Pelicans Stars Named Best Defenders In NBA History
189705	player	250	NBA	new	DeAndre Jordan	Seven Ex-New Orleans Pelicans Stars Named Best Defenders In NBA History
189705	player	367	NBA	new	Chris Paul	Seven Ex-New Orleans Pelicans Stars Named Best Defenders In NBA History
189705	player	400	NBA	new	Rajon Rondo	Seven Ex-New Orleans Pelicans Stars Named Best Defenders In NBA History
189710	team	14	NBA	new	Los Angeles Lakers	Kobe Bufkin Turns Impressive Summer League to Big Pelicans Opportunity
189715	player	1028025242	NBA	new	Devin Carter	Former NBA big-man Josh Oduro stands United for NBL27
189760	player	140	NBA	new	Kevin Durant	NBA championship trophy on display at American Museum of Natural History in NYC
189760	team	27	NBA	new	Spurs	NBA championship trophy on display at American Museum of Natural History in NYC
189762	player	237	NBA	new	LeBron James	Knicks' Opponent on Ring Night Could Not Be Any Clearer Now
189762	player	56677822	NBA	new	Victor Wembanyama	Knicks' Opponent on Ring Night Could Not Be Any Clearer Now
189762	team	23	NBA	new	76ers	Knicks' Opponent on Ring Night Could Not Be Any Clearer Now
189762	team	27	NBA	new	Spurs	Knicks' Opponent on Ring Night Could Not Be Any Clearer Now
189764	player	15	NBA	new	Giannis Antetokounmpo	LeBron vs the Knicks: The Final Chapter
189764	player	100	NBA	new	Jordan Clarkson	LeBron vs the Knicks: The Final Chapter
189764	player	117	NBA	new	Anthony Davis	LeBron vs the Knicks: The Final Chapter
189764	player	237	NBA	new	LeBron James	LeBron vs the Knicks: The Final Chapter
189764	player	274	NBA	new	Kawhi Leonard	LeBron vs the Knicks: The Final Chapter
189764	player	399	NBA	new	Mitchell Robinson	LeBron vs the Knicks: The Final Chapter
189764	player	666423	NBA	new	RJ Barrett	LeBron vs the Knicks: The Final Chapter
189764	team	23	NBA	new	Philadelphia 76ers	LeBron vs the Knicks: The Final Chapter
189764	team	29	NBA	new	Utah Jazz	LeBron vs the Knicks: The Final Chapter
189859	player	115	NBA	new	Steph Curry	Wemby joins Jordan, Kobe, LeBron and Curry to fuel ‘super hot’ basketball card market
189859	player	237	NBA	new	LeBron James	Wemby joins Jordan, Kobe, LeBron and Curry to fuel ‘super hot’ basketball card market
189859	player	56677822	NBA	new	Victor Wembanyama	Wemby joins Jordan, Kobe, LeBron and Curry to fuel ‘super hot’ basketball card market
189895	player	15	NBA	new	Giannis Antetokounmpo	Full Court Magic Episode 30 Highlights
189895	player	145	NBA	new	Joel Embiid	Full Court Magic Episode 30 Highlights
189895	player	237	NBA	new	LeBron James	Full Court Magic Episode 30 Highlights
189895	player	38017683	NBA	new	Paolo Banchero	Full Court Magic Episode 30 Highlights
189895	team	23	NBA	new	Philadelphia 76ers	Full Court Magic Episode 30 Highlights
189975	player	145	NBA	new	Joel Embiid	76ers James Basketball
189979	player	70	NBA	new	Jaylen Brown	'Thrilled' 76ers sign James with eyes on NBA title run
189979	player	145	NBA	new	Joel Embiid	'Thrilled' 76ers sign James with eyes on NBA title run
189979	player	172	NBA	new	Paul George	'Thrilled' 76ers sign James with eyes on NBA title run
189979	player	237	NBA	new	LeBron James	'Thrilled' 76ers sign James with eyes on NBA title run
189979	player	3547254	NBA	new	Tyrese Maxey	'Thrilled' 76ers sign James with eyes on NBA title run
189979	player	1057261935	NBA	new	VJ Edgecombe	'Thrilled' 76ers sign James with eyes on NBA title run
190074	player	38017698	NBA	new	Mark Williams	Khaman Maluach Deserves Bigger Suns Role — But Will He Get It?
190074	player	1028036515	NBA	new	Oso Ighodaro	Khaman Maluach Deserves Bigger Suns Role — But Will He Get It?
190080	player	70	NBA	new	Jaylen Brown	76ers celebrate James' arrival with coronation photo fit for basketball's King
190080	player	145	NBA	new	Joel Embiid	76ers celebrate James' arrival with coronation photo fit for basketball's King
190080	player	237	NBA	new	LeBron James	76ers celebrate James' arrival with coronation photo fit for basketball's King
190080	player	3547254	NBA	new	Tyrese Maxey	76ers celebrate James' arrival with coronation photo fit for basketball's King
190083	player	237	NBA	new	LeBron James	76ers celebrate James' arrival with coronation photo fit for basketball's King
190085	player	57	NBA	new	Devin Booker	Is an NBA star dating Cristiano Ronaldo’s famous ex-girlfriend?
190126	player	214	NBA	new	Jrue Holiday	If Trail Blazers Don't Trade Scoot Henderson, It’s Time to Pay Him
190126	player	278	NBA	new	Damian Lillard	If Trail Blazers Don't Trade Scoot Henderson, It’s Time to Pay Him
190126	player	666786	NBA	new	Ja Morant	If Trail Blazers Don't Trade Scoot Henderson, It’s Time to Pay Him
190126	player	38017690	NBA	new	Shaedon Sharpe	If Trail Blazers Don't Trade Scoot Henderson, It’s Time to Pay Him
190128	player	70	NBA	new	Jaylen Brown	76ers celebrate James' arrival with coronation photo fit for basketball's King
190128	player	145	NBA	new	Joel Embiid	76ers celebrate James' arrival with coronation photo fit for basketball's King
190128	player	237	NBA	new	LeBron James	76ers celebrate James' arrival with coronation photo fit for basketball's King
190128	player	3547254	NBA	new	Tyrese Maxey	76ers celebrate James' arrival with coronation photo fit for basketball's King
190132	player	70	NBA	new	Jaylen Brown	LeBron James, from the NBA to Hollywood: these are all the film projects he has been involved in
190132	player	145	NBA	new	Joel Embiid	LeBron James, from the NBA to Hollywood: these are all the film projects he has been involved in
190132	player	3547254	NBA	new	Tyrese Maxey	LeBron James, from the NBA to Hollywood: these are all the film projects he has been involved in
190132	team	14	NBA	new	Los Angeles Lakers	LeBron James, from the NBA to Hollywood: these are all the film projects he has been involved in
190132	team	23	NBA	new	Philadelphia 76ers	LeBron James, from the NBA to Hollywood: these are all the film projects he has been involved in
190198	player	406	NBA	new	Domantas Sabonis	Sacramento Kings have waived two-way guard Isaiah …
190198	player	1028242168	NBA	new	Isaiah Stevens	Sacramento Kings have waived two-way guard Isaiah …
190198	player	1057276634	NBA	new	Nique Clifford	Sacramento Kings have waived two-way guard Isaiah …
190198	player	1057390745	NBA	new	Maxime Raynaud	Sacramento Kings have waived two-way guard Isaiah …
190348	player	274	NBA	new	Kawhi Leonard	Raptors Jump to No. 4 in NBA.com’s Latest Eastern Conference Power Rankings
190348	player	17896055	NBA	new	Scottie Barnes	Raptors Jump to No. 4 in NBA.com’s Latest Eastern Conference Power Rankings
190348	player	1057268940	NBA	new	Collin Murray-Boyles	Raptors Jump to No. 4 in NBA.com’s Latest Eastern Conference Power Rankings
190348	team	6	NBA	new	Cleveland Cavaliers	Raptors Jump to No. 4 in NBA.com’s Latest Eastern Conference Power Rankings
190350	team	10	NBA	new	Golden State Warriors	Raptors Could Trade for Stephen Curry After LeBron James Signs with Sixers
190350	team	23	NBA	new	Philadelphia 76ers	Raptors Could Trade for Stephen Curry After LeBron James Signs with Sixers
190351	team	10	NBA	new	Golden State Warriors	Could Raptors be Stephen Curry’s next stop?
190408	team	14	NBA	new	Los Angeles Lakers	LeBron James reportedly plans to film a ‘Last Dance’-style documentary about his final season
190408	team	23	NBA	new	Philadelphia 76ers	LeBron James reportedly plans to film a ‘Last Dance’-style documentary about his final season
190411	player	132	NBA	new	Luka Dončić	Utah Jazz Earn Nearly Perfect Grade for Offseason Moves
190411	player	231	NBA	new	Jaren Jackson Jr.	Utah Jazz Earn Nearly Perfect Grade for Offseason Moves
190411	player	349	NBA	new	Jusuf Nurkic	Utah Jazz Earn Nearly Perfect Grade for Offseason Moves
190411	player	666626	NBA	new	Jaxson Hayes	Utah Jazz Earn Nearly Perfect Grade for Offseason Moves
190411	player	38017705	NBA	new	Walker Kessler	Utah Jazz Earn Nearly Perfect Grade for Offseason Moves
190411	team	14	NBA	new	Los Angeles Lakers	Utah Jazz Earn Nearly Perfect Grade for Offseason Moves
190463	player	1057276634	NBA	new	Nique Clifford	SB Nation Reacts: Should AJ Dybantsa have played more?
190474	player	472	NBA	new	Russell Westbrook	Kyshawn George Draws Intrigue As "Swiss Army Knife" for Wizards
190474	player	490	NBA	new	Trae Young	Kyshawn George Draws Intrigue As "Swiss Army Knife" for Wizards
190474	player	38017683	NBA	new	Paolo Banchero	Kyshawn George Draws Intrigue As "Swiss Army Knife" for Wizards
190542	player	475	NFL	new	Bijan Robinson	Official Site of the National Football League
190542	player	477	NFL	new	Jahmyr Gibbs	Official Site of the National Football League
190542	player	869	NFL	new	Jaxon Smith-Njigba	Official Site of the National Football League
190542	player	279866	NFL	new	Drake Maye	Official Site of the National Football League
190542	player	13878484	NFL	new	Abdul Carter	Official Site of the National Football League
190542	team	27	NFL	new	Atlanta Falcons	Official Site of the National Football League
190543	player	279866	NFL	new	Drake Maye	A.J. Brown getting increasingly comfortable in Patriots offense
190543	team	18	NFL	new	Philadelphia Eagles	A.J. Brown getting increasingly comfortable in Patriots offense
190545	player	68	NFL	new	Deshaun Watson	Patriots' Brown knows Vrabel's rip comes from 'great place'
190545	player	811	NFL	new	A.J. Brown	Patriots' Brown knows Vrabel's rip comes from 'great place'
190545	player	1675	NFL	new	Christian Gonzalez	Patriots' Brown knows Vrabel's rip comes from 'great place'
190545	player	279866	NFL	new	Drake Maye	Patriots' Brown knows Vrabel's rip comes from 'great place'
190545	player	13873908	NFL	new	Shedeur Sanders	Patriots' Brown knows Vrabel's rip comes from 'great place'
190545	player	13880592	NFL	new	Craig Woodson	Patriots' Brown knows Vrabel's rip comes from 'great place'
190640	player	38	NFL	new	Josh Allen	Bills Camp Countdown: Is Joe Brady the man to bring Buffalo a championship?
190642	player	69359	NFL	new	Dion Dawkins	Mixed reactions to Bills' alternate uniform reveal
190644	player	13874537	NFL	new	Jackson Hawes	Two unsung Buffalo Bills named to ESPN's NFL All-Backup Team
190659	team	21	NFL	new	Washington Commanders	2026 NFL Uniforms: Bills Reveal 'Nickel City' Alternate Unis
190742	player	50	NFL	new	Geno Smith	Pressure’s on: 5 Jets training camp questions that will define 2026
190742	player	2002	NFL	new	Jason Sanders	Pressure’s on: 5 Jets training camp questions that will define 2026
190742	player	2191	NFL	new	Brandon Stephens	Pressure’s on: 5 Jets training camp questions that will define 2026
190742	player	83941	NFL	new	Cade York	Pressure’s on: 5 Jets training camp questions that will define 2026
190742	player	13879026	NFL	new	Azareye'h Thomas	Pressure’s on: 5 Jets training camp questions that will define 2026
190742	player	33933996	NFL	new	Cade Klubnik	Pressure’s on: 5 Jets training camp questions that will define 2026
190742	player	33934299	NFL	new	Omar Cooper Jr.	Pressure’s on: 5 Jets training camp questions that will define 2026
190742	player	33934695	NFL	new	Kenyon Sadiq	Pressure’s on: 5 Jets training camp questions that will define 2026
190742	player	33935768	NFL	new	David Bailey	Pressure’s on: 5 Jets training camp questions that will define 2026
190742	player	33936202	NFL	new	D'Angelo Ponds	Pressure’s on: 5 Jets training camp questions that will define 2026
190744	team	22	NFL	new	Green Bay Packers	Jets' Glenn, Bucs' Bowles and Bengals' Taylor among NFL coaches facing hot-seat pressure
190752	player	50	NFL	new	Geno Smith	5 questions for the Jets heading into official training camp
190752	player	33933996	NFL	new	Cade Klubnik	5 questions for the Jets heading into official training camp
190753	team	7	NFL	new	Pittsburgh Steelers	Jets' Glenn, Bucs' Bowles and Bengals' Taylor among NFL coaches facing hot-seat pressure
190753	team	12	NFL	new	Indianapolis Colts	Jets' Glenn, Bucs' Bowles and Bengals' Taylor among NFL coaches facing hot-seat pressure
190753	team	18	NFL	new	Philadelphia Eagles	Jets' Glenn, Bucs' Bowles and Bengals' Taylor among NFL coaches facing hot-seat pressure
190753	team	22	NFL	new	Green Bay Packers	Jets' Glenn, Bucs' Bowles and Bengals' Taylor among NFL coaches facing hot-seat pressure
190753	team	28	NFL	new	Tampa Bay Buccaneers	Jets' Glenn, Bucs' Bowles and Bengals' Taylor among NFL coaches facing hot-seat pressure
190753	team	29	NFL	new	Carolina Panthers	Jets' Glenn, Bucs' Bowles and Bengals' Taylor among NFL coaches facing hot-seat pressure
190756	player	279306	NFL	new	JC Latham	Will David Bailey be on the field for the Jets' first defensive snap?
190756	player	13873931	NFL	new	Cam Ward	Will David Bailey be on the field for the Jets' first defensive snap?
190756	team	11	NFL	new	Tennessee Titans	Will David Bailey be on the field for the Jets' first defensive snap?
190763	player	11	NFL	new	Ja’Marr Chase	Bengals OC Dan Pitcher says more explosive plays and fewer turnovers are the goal in 2026
190763	player	35	NFL	new	Joe Burrow	Bengals OC Dan Pitcher says more explosive plays and fewer turnovers are the goal in 2026
190763	player	551	NFL	new	Chase Brown	Bengals OC Dan Pitcher says more explosive plays and fewer turnovers are the goal in 2026
190763	player	866	NFL	new	Tee Higgins	Bengals OC Dan Pitcher says more explosive plays and fewer turnovers are the goal in 2026
190807	player	476	NFL	new	Saquon Barkley	Dolphins sign veteran defensive end who was once a top-five draft pick before camp
190807	player	1429	NFL	new	Clelin Ferrell	Dolphins sign veteran defensive end who was once a top-five draft pick before camp
190810	team	21	NFL	new	Washington Commanders	Wife of Chiefs offensive coordinator Eric Bieniemy reportedly shot at couple's home, son Elijah arrested
190811	player	1320	NFL	new	Christian Wilkins	Breaking Down the Addition of Former High First-Round Pick Clelin Ferrell
190811	team	9	NFL	new	Cincinnati Bengals	Breaking Down the Addition of Former High First-Round Pick Clelin Ferrell
190811	team	16	NFL	new	Las Vegas Raiders	Breaking Down the Addition of Former High First-Round Pick Clelin Ferrell
190811	team	17	NFL	new	Los Angeles Chargers	Breaking Down the Addition of Former High First-Round Pick Clelin Ferrell
190811	team	20	NFL	new	New York Giants	Breaking Down the Addition of Former High First-Round Pick Clelin Ferrell
190811	team	21	NFL	new	Washington Commanders	Breaking Down the Addition of Former High First-Round Pick Clelin Ferrell
190811	team	30	NFL	new	San Francisco 49ers	Breaking Down the Addition of Former High First-Round Pick Clelin Ferrell
190813	player	17	NFL	new	Malik Willis	'Psychology' of a team: Jordyn Brooks & the Miami Dolphins
190813	player	33936190	NFL	new	Jacob Rodriguez	'Psychology' of a team: Jordyn Brooks & the Miami Dolphins
190815	player	1429	NFL	new	Clelin Ferrell	Miami Dolphins sign edge rusher who was NFL top five draft pick
190815	team	16	NFL	new	Las Vegas Raiders	Miami Dolphins sign edge rusher who was NFL top five draft pick
190815	team	21	NFL	new	Washington Commanders	Miami Dolphins sign edge rusher who was NFL top five draft pick
190815	team	30	NFL	new	San Francisco 49ers	Miami Dolphins sign edge rusher who was NFL top five draft pick
190826	player	34	NFL	new	Patrick Mahomes	Police: Wife of Chiefs offensive coordinator Eric Bieniemy shot at Virginia home, son arrested
190896	player	1485	NFL	new	Quay Walker	Raiders training camp preview: New linebackers bring experience to position
190896	player	1708	NFL	new	Nakobe Dean	Raiders training camp preview: New linebackers bring experience to position
190905	player	1299	NFL	new	Micah Parsons	Official Site of the National Football League
190906	player	254926	NFL	new	Ben Cleveland	Chargers Part Ways With Controversial Former Ravens OL
190911	player	36	NFL	new	Derrick Henry	Baltimore Ravens Fantasy Football Tracker: Every training camp and preseason update
190911	player	615	NFL	new	Zay Flowers	Baltimore Ravens Fantasy Football Tracker: Every training camp and preseason update
190911	player	683	NFL	new	Rashod Bateman	Baltimore Ravens Fantasy Football Tracker: Every training camp and preseason update
190911	player	278521	NFL	new	Devontez Walker	Baltimore Ravens Fantasy Football Tracker: Every training camp and preseason update
190911	player	33934304	NFL	new	Ja'Kobi Lane	Baltimore Ravens Fantasy Football Tracker: Every training camp and preseason update
190911	player	33934357	NFL	new	Elijah Sarratt	Baltimore Ravens Fantasy Football Tracker: Every training camp and preseason update
190912	player	21225	NFL	new	Tom Brady	Beatdown roundtable: favorite almost-coaching hire in Ravens history
190912	player	22422	NFL	new	Terrell Suggs	Beatdown roundtable: favorite almost-coaching hire in Ravens history
190912	player	31787	NFL	new	Haloti Ngata	Beatdown roundtable: favorite almost-coaching hire in Ravens history
190913	player	1293	NFL	new	Trey Hendrickson	OTL: Ravens’ Most Significant Offseason Addition May Not Be A Newcomer
190913	player	1300	NFL	new	Nnamdi Madubuike	OTL: Ravens’ Most Significant Offseason Addition May Not Be A Newcomer
190913	player	1347	NFL	new	Calais Campbell	OTL: Ravens’ Most Significant Offseason Addition May Not Be A Newcomer
190913	player	2175	NFL	new	John Simpson	OTL: Ravens’ Most Significant Offseason Addition May Not Be A Newcomer
190913	player	67921	NFL	new	Ethan Pocic	OTL: Ravens’ Most Significant Offseason Addition May Not Be A Newcomer
190913	player	33934794	NFL	new	Olaivavega Ioane	OTL: Ravens’ Most Significant Offseason Addition May Not Be A Newcomer
190916	player	71740	NFL	new	David Blough	Commanders part ways with tight ends coach Ben Steele after DWI arrest
190916	player	278124	NFL	new	Jayden Daniels	Commanders part ways with tight ends coach Ben Steele after DWI arrest
190937	player	13873898	NFL	new	Dillon Gabriel	Who will Browns' starting QB be: Deshaun Watson or Shedeur Sanders?
190937	player	33934005	NFL	new	Taylen Green	Who will Browns' starting QB be: Deshaun Watson or Shedeur Sanders?
191000	player	17	NFL	new	Malik Willis	Packers opted for continuity over chaos by extending LaFleur, Gutekunst and Ball, president says
191000	player	53	NFL	new	Jordan Love	Packers opted for continuity over chaos by extending LaFleur, Gutekunst and Ball, president says
191000	player	94	NFL	new	Aaron Rodgers	Packers opted for continuity over chaos by extending LaFleur, Gutekunst and Ball, president says
191004	player	90	NFL	new	Christian Kirk	49ers QB Brock Purdy adjusts to start of training camp without coach Kyle Shanahan
191004	player	1630	NFL	new	Nate Hobbs	49ers QB Brock Purdy adjusts to start of training camp without coach Kyle Shanahan
191004	player	2315	NFL	new	Vederian Lowe	49ers QB Brock Purdy adjusts to start of training camp without coach Kyle Shanahan
191004	player	33935608	NFL	new	Romello Height	49ers QB Brock Purdy adjusts to start of training camp without coach Kyle Shanahan
191004	player	33935963	NFL	new	Gracen Halton	49ers QB Brock Purdy adjusts to start of training camp without coach Kyle Shanahan
191091	player	35	NFL	new	Joe Burrow	Bengals OC Dan Pitcher says more explosive plays and fewer turnovers are the goal in 2026
191091	player	551	NFL	new	Chase Brown	Bengals OC Dan Pitcher says more explosive plays and fewer turnovers are the goal in 2026
191091	player	1966	NFL	new	Orlando Brown Jr.	Bengals OC Dan Pitcher says more explosive plays and fewer turnovers are the goal in 2026
191091	player	2005	NFL	new	Dalton Risner	Bengals OC Dan Pitcher says more explosive plays and fewer turnovers are the goal in 2026
191091	player	83042	NFL	new	Ted Karras	Bengals OC Dan Pitcher says more explosive plays and fewer turnovers are the goal in 2026
191091	player	279038	NFL	new	Amarius Mims	Bengals OC Dan Pitcher says more explosive plays and fewer turnovers are the goal in 2026
191091	player	13874676	NFL	new	Dylan Fairchild	Bengals OC Dan Pitcher says more explosive plays and fewer turnovers are the goal in 2026
191092	player	68	NFL	new	Deshaun Watson	Browns' Jerry Jeudy: Clip didn't indicate his preferred QB1
191092	player	13873908	NFL	new	Shedeur Sanders	Browns' Jerry Jeudy: Clip didn't indicate his preferred QB1
191153	player	11	NFL	new	Ja'Marr Chase	Official Site of the National Football League
191153	player	38	NFL	new	Josh Allen	Official Site of the National Football League
191153	player	63	NFL	new	Matthew Stafford	Official Site of the National Football League
191153	player	846	NFL	new	Trey McBride	Official Site of the National Football League
191153	player	869	NFL	new	Jaxon Smith-Njigba	Official Site of the National Football League
191153	player	1298	NFL	new	Myles Garrett	Official Site of the National Football League
191189	team	3	NFL	new	Buffalo Bills	Jets' Glenn, Bucs' Bowles and Bengals' Taylor among NFL coaches facing hot-seat pressure
191189	team	7	NFL	new	Pittsburgh Steelers	Jets' Glenn, Bucs' Bowles and Bengals' Taylor among NFL coaches facing hot-seat pressure
191189	team	14	NFL	new	Kansas City Chiefs	Jets' Glenn, Bucs' Bowles and Bengals' Taylor among NFL coaches facing hot-seat pressure
191189	team	18	NFL	new	Philadelphia Eagles	Jets' Glenn, Bucs' Bowles and Bengals' Taylor among NFL coaches facing hot-seat pressure
191189	team	22	NFL	new	Green Bay Packers	Jets' Glenn, Bucs' Bowles and Bengals' Taylor among NFL coaches facing hot-seat pressure
191189	team	24	NFL	new	Chicago Bears	Jets' Glenn, Bucs' Bowles and Bengals' Taylor among NFL coaches facing hot-seat pressure
191189	team	25	NFL	new	Detroit Lions	Jets' Glenn, Bucs' Bowles and Bengals' Taylor among NFL coaches facing hot-seat pressure
191189	team	29	NFL	new	Carolina Panthers	Jets' Glenn, Bucs' Bowles and Bengals' Taylor among NFL coaches facing hot-seat pressure
191189	team	30	NFL	new	San Francisco 49ers	Jets' Glenn, Bucs' Bowles and Bengals' Taylor among NFL coaches facing hot-seat pressure
191191	player	72	NFL	new	Joe Flacco	Bengals Projected to Cut Ties With $13 Million Talent Before Training Camp
191192	player	11	NFL	new	Ja’Marr Chase	What we learned during a drama-free edition of the Bengals’ media luncheon
191192	player	35	NFL	new	Joe Burrow	What we learned during a drama-free edition of the Bengals’ media luncheon
191192	player	866	NFL	new	Tee Higgins	What we learned during a drama-free edition of the Bengals’ media luncheon
191192	player	1396	NFL	new	B.J. Hill	What we learned during a drama-free edition of the Bengals’ media luncheon
191192	player	2201	NFL	new	DJ Turner	What we learned during a drama-free edition of the Bengals’ media luncheon
191193	player	35	NFL	new	Joe Burrow	Bengals OC Dan Pitcher says more explosive plays and fewer turnovers are the goal in 2026
191196	player	35	NFL	new	Joe Burrow	Jets' Glenn, Bucs' Bowles and Bengals' Taylor among NFL coaches facing hot-seat pressure
191200	player	35	NFL	new	Joe Burrow	The Erick All Jr. Redemption Tour Begins Again in Cincinnati
191368	player	13873931	NFL	new	Cam Ward	Tennessee Titans Training Camp Preview
191368	team	24	NFL	new	Chicago Bears	Tennessee Titans Training Camp Preview
191368	team	30	NFL	new	San Francisco 49ers	Tennessee Titans Training Camp Preview
191368	team	31	NFL	new	Seattle Seahawks	Tennessee Titans Training Camp Preview
191373	player	2223	NFL	new	Ben Powers	Thorn: 2026 Offensive Line Rankings
191373	player	2713	NFL	new	Quinn Meinerz	Thorn: 2026 Offensive Line Rankings
191373	player	67683	NFL	new	Garett Bolles	Thorn: 2026 Offensive Line Rankings
191373	player	279530	NFL	new	Luke Wattenberg	Thorn: 2026 Offensive Line Rankings
191373	team	3	NFL	new	Buffalo Bills	Thorn: 2026 Offensive Line Rankings
191373	team	15	NFL	new	Denver Broncos	Thorn: 2026 Offensive Line Rankings
191467	player	49672	NFL	new	Robert Griffin III	Connor Onion to replace Jason Benetti as Fox college football No. 2 play-by-play
191470	player	928	NFL	new	Nick Westbrook-Ikhine	Colts place LB CJ Allen, WR Alec Pierce on Active/Physically Unable to Perform list; waive/non-football injury RB Lincoln Pare
191471	player	76	NFL	new	Anthony Richardson Sr.	Colts' Young Core Shown Absolutely No Love
191471	player	279236	NFL	new	Tanor Bortolini	Colts' Young Core Shown Absolutely No Love
191471	player	13873813	NFL	new	Riley Leonard	Colts' Young Core Shown Absolutely No Love
191471	player	13874582	NFL	new	Tyler Warren	Colts' Young Core Shown Absolutely No Love
191471	player	13875098	NFL	new	Jalen Travis	Colts' Young Core Shown Absolutely No Love
191471	player	13879036	NFL	new	Justin Walley	Colts' Young Core Shown Absolutely No Love
191471	player	13880669	NFL	new	Hunter Wohler	Colts' Young Core Shown Absolutely No Love
191471	player	33935949	NFL	new	CJ Allen	Colts' Young Core Shown Absolutely No Love
191471	player	33936643	NFL	new	A.J. Haulcy	Colts' Young Core Shown Absolutely No Love
191473	player	1815	NFL	new	Ryan Kelly	Colts’ emerging young center named among NFL.com’s 2026 ‘All-Under-25-Team’
191473	player	279236	NFL	new	Tanor Bortolini	Colts’ emerging young center named among NFL.com’s 2026 ‘All-Under-25-Team’
191569	player	42	NFL	new	Trevor Lawrence	O-Zone: Mama tried
191569	player	471	NFL	new	Travis Etienne Jr.	O-Zone: Mama tried
191569	player	1885	NFL	new	Jalen Ramsey	O-Zone: Mama tried
191569	player	69144	NFL	new	Dan Arnold	O-Zone: Mama tried
191569	player	279174	NFL	new	Cole Van Lanen	O-Zone: Mama tried
191569	player	13874106	NFL	new	Travis Hunter	O-Zone: Mama tried
191569	player	13878671	NFL	new	Caleb Ransaw	O-Zone: Mama tried
191569	player	33935151	NFL	new	Garrett DiGiorgio	O-Zone: Mama tried
191571	player	37	NFL	new	Jakobi Meyers	3 Potential Reasons Why the Jaguars Hosted Zay Jones Before Training Camp
191571	player	42	NFL	new	Trevor Lawrence	3 Potential Reasons Why the Jaguars Hosted Zay Jones Before Training Camp
191571	player	1057	NFL	new	Parker Washington	3 Potential Reasons Why the Jaguars Hosted Zay Jones Before Training Camp
191571	player	278370	NFL	new	Brian Thomas Jr.	3 Potential Reasons Why the Jaguars Hosted Zay Jones Before Training Camp
191571	player	13874106	NFL	new	Travis Hunter	3 Potential Reasons Why the Jaguars Hosted Zay Jones Before Training Camp
191571	player	33934364	NFL	new	Josh Cameron	3 Potential Reasons Why the Jaguars Hosted Zay Jones Before Training Camp
191571	player	33934570	NFL	new	CJ Williams	3 Potential Reasons Why the Jaguars Hosted Zay Jones Before Training Camp
191571	player	33934603	NFL	new	Nate Boerkircher	3 Potential Reasons Why the Jaguars Hosted Zay Jones Before Training Camp
191572	player	42	NFL	new	Trevor Lawrence	Super Bowl-Winning Coach Lands CBS Sports Role 18 Months After Jaguars Exit
191573	player	942	NFL	new	Zay Jones	Latest Jaguars visit could hint at reunion with Trevor Lawrence's former weapon
191576	player	42	NFL	new	Trevor Lawrence	Your 2026 Jags Training Camp Guide
191576	team	4	NFL	new	New York Jets	Your 2026 Jags Training Camp Guide
191576	team	28	NFL	new	Buccaneers	Your 2026 Jags Training Camp Guide
191576	team	29	NFL	new	Panthers	Your 2026 Jags Training Camp Guide
191763	player	26	NFL	new	Kirk Cousins	The Bear’s Den, July 26, 2026
191763	player	735	NFL	new	Stefon Diggs	The Bear’s Den, July 26, 2026
191763	player	1475	NFL	new	T.J. Edwards	The Bear’s Den, July 26, 2026
191763	player	1651	NFL	new	Kyler Gordon	The Bear’s Den, July 26, 2026
191763	player	1677	NFL	new	Brian Branch	The Bear’s Den, July 26, 2026
191763	player	2479	NFL	new	Kerby Joseph	The Bear’s Den, July 26, 2026
191763	player	277867	NFL	new	Caleb Williams	The Bear’s Den, July 26, 2026
191763	player	13878243	NFL	new	Nic Scourton	The Bear’s Den, July 26, 2026
191763	team	32	NFL	new	Los Angeles Rams	The Bear’s Den, July 26, 2026
191855	player	614	NFL	new	Deven Thompkins	Raiders add defensive end, linebacker, receiver with camp set to start
191855	player	2334	NFL	new	Buddy Johnson	Raiders add defensive end, linebacker, receiver with camp set to start
191855	player	2399	NFL	new	Patrick Johnson	Raiders add defensive end, linebacker, receiver with camp set to start
191855	player	13878312	NFL	new	Laki Tasi	Raiders add defensive end, linebacker, receiver with camp set to start
191858	player	1485	NFL	new	Quay Walker	Raiders Sign 3 Players, Including Former Bills WR
191858	player	1708	NFL	new	Nakobe Dean	Raiders Sign 3 Players, Including Former Bills WR
191858	player	2334	NFL	new	Buddy Johnson	Raiders Sign 3 Players, Including Former Bills WR
191858	player	2399	NFL	new	Patrick Johnson	Raiders Sign 3 Players, Including Former Bills WR
191858	player	33936613	NFL	new	Treydan Stukes	Raiders Sign 3 Players, Including Former Bills WR
191858	team	7	NFL	new	Pittsburgh Steelers	Raiders Sign 3 Players, Including Former Bills WR
191858	team	18	NFL	new	Philadelphia Eagles	Raiders Sign 3 Players, Including Former Bills WR
191858	team	27	NFL	new	Atlanta Falcons	Raiders Sign 3 Players, Including Former Bills WR
191858	team	28	NFL	new	Tampa Bay Buccaneers	Raiders Sign 3 Players, Including Former Bills WR
191860	player	614	NFL	new	Deven Thompkins	Raiders sign 3 players, waive 3
191860	player	2334	NFL	new	Buddy Johnson	Raiders sign 3 players, waive 3
191860	player	2399	NFL	new	Patrick Johnson	Raiders sign 3 players, waive 3
191860	player	2582	NFL	new	Cameron McGrone	Raiders sign 3 players, waive 3
191860	player	33934106	NFL	new	Fernando Mendoza	Raiders sign 3 players, waive 3
191860	player	33935447	NFL	new	Keyron Crawford	Raiders sign 3 players, waive 3
191860	player	33936268	NFL	new	Jermod McCoy	Raiders sign 3 players, waive 3
191861	player	508	NFL	new	Miles Sanders	Las Vegas Raiders held a workout for a former Pro Bowl player who could immediately help fix one of their bigger roster issues
191861	player	33934371	NFL	new	Mike Washington Jr.	Las Vegas Raiders held a workout for a former Pro Bowl player who could immediately help fix one of their bigger roster issues
191862	player	1485	NFL	new	Quay Walker	Former Raiders LB Jamal Adams Signs With Vikings Before Camp: News Report
191862	player	1708	NFL	new	Nakobe Dean	Former Raiders LB Jamal Adams Signs With Vikings Before Camp: News Report
191955	player	45	NFL	new	Justin Herbert	Five Chargers roster questions that must be answered during training camp
191955	player	516	NFL	new	Keaton Mitchell	Five Chargers roster questions that must be answered during training camp
191955	player	718	NFL	new	Quentin Johnston	Five Chargers roster questions that must be answered during training camp
191955	player	277681	NFL	new	Ladd McConkey	Five Chargers roster questions that must be answered during training camp
191955	player	279581	NFL	new	Kimani Vidal	Five Chargers roster questions that must be answered during training camp
191955	player	13873977	NFL	new	Omarion Hampton	Five Chargers roster questions that must be answered during training camp
191955	player	13874411	NFL	new	Tre Harris	Five Chargers roster questions that must be answered during training camp
191955	player	33934684	NFL	new	Brenen Thompson	Five Chargers roster questions that must be answered during training camp
191969	player	1504	NFL	new	Derwin James Jr.	Where Chargers’ Derwin James ranks among top 100 NFL players of 2026
192025	player	14	NFL	new	Dontayvion Wicks	Jalen Hurts: ‘It will be a fun Training Camp’
192025	player	762	NFL	new	Dallas Goedert	Jalen Hurts: ‘It will be a fun Training Camp’
192025	player	826	NFL	new	DeVonta Smith	Jalen Hurts: ‘It will be a fun Training Camp’
192025	player	33934561	NFL	new	Makai Lemon	Jalen Hurts: ‘It will be a fun Training Camp’
192025	player	33935009	NFL	new	Eli Stowers	Jalen Hurts: ‘It will be a fun Training Camp’
192034	player	14	NFL	new	Dontayvion Wicks	One thought on each Eagles offensive player ahead of training camp - The Athletic
192034	player	43	NFL	new	Jalen Hurts	One thought on each Eagles offensive player ahead of training camp - The Athletic
192034	player	77	NFL	new	Andy Dalton	One thought on each Eagles offensive player ahead of training camp - The Athletic
192034	player	569	NFL	new	Tank Bigsby	One thought on each Eagles offensive player ahead of training camp - The Athletic
192034	player	666	NFL	new	Hollywood Brown	One thought on each Eagles offensive player ahead of training camp - The Athletic
192034	player	826	NFL	new	DeVonta Smith	One thought on each Eagles offensive player ahead of training camp - The Athletic
192034	player	1149	NFL	new	Britain Covey	One thought on each Eagles offensive player ahead of training camp - The Athletic
192034	player	279805	NFL	new	Tanner McKee	One thought on each Eagles offensive player ahead of training camp - The Athletic
192034	player	33934186	NFL	new	Cole Payton	One thought on each Eagles offensive player ahead of training camp - The Athletic
192034	player	33934561	NFL	new	Makai Lemon	One thought on each Eagles offensive player ahead of training camp - The Athletic
192042	team	21	NFL	new	Washington Commanders	2026 NFC East outlook as NFL training camps get underway
192121	player	59	NFL	new	Sam Howell	Cowboys Predicted to Cut Ties With Former 21-Interception QB in Intense Camp Battle
192121	team	1	NFL	new	New England Patriots	Cowboys Predicted to Cut Ties With Former 21-Interception QB in Intense Camp Battle
192122	player	71742	NFL	new	Will Grier	Former Florida QB joins Dallas Cowboys coaching staff
192123	player	11	NFL	new	Ja’Marr Chase	Fantasy Football Mock Draft: How to Approach Pick 1.09 (2026)
192123	player	113	NFL	new	Amon-Ra St. Brown	Fantasy Football Mock Draft: How to Approach Pick 1.09 (2026)
192123	player	461	NFL	new	Christian McCaffrey	Fantasy Football Mock Draft: How to Approach Pick 1.09 (2026)
192123	player	475	NFL	new	Bijan Robinson	Fantasy Football Mock Draft: How to Approach Pick 1.09 (2026)
192123	player	477	NFL	new	Jahmyr Gibbs	Fantasy Football Mock Draft: How to Approach Pick 1.09 (2026)
192123	player	490	NFL	new	Jonathan Taylor	Fantasy Football Mock Draft: How to Approach Pick 1.09 (2026)
192123	player	575	NFL	new	CeeDee Lamb	Fantasy Football Mock Draft: How to Approach Pick 1.09 (2026)
192123	player	588	NFL	new	Puka Nacua	Fantasy Football Mock Draft: How to Approach Pick 1.09 (2026)
192123	player	869	NFL	new	Jaxon Smith-Njigba	Fantasy Football Mock Draft: How to Approach Pick 1.09 (2026)
192123	player	277679	NFL	new	Brock Bowers	Fantasy Football Mock Draft: How to Approach Pick 1.09 (2026)
192125	player	1625	NFL	new	Jalen Thompson	Cowboys Under-The-Radar Signing That Shouldn't Be Forgotten
192126	player	1299	NFL	new	Micah Parsons	All Eyes Are on $28.9 Million Playmaker at Cowboys Training Camp
192126	player	51857	NFL	new	Morris Claiborne	All Eyes Are on $28.9 Million Playmaker at Cowboys Training Camp
192126	player	33936395	NFL	new	Caleb Downs	All Eyes Are on $28.9 Million Playmaker at Cowboys Training Camp
192127	player	25	NFL	new	Dak Prescott	Top Dallas Cowboys training camp storylines: How much better will their defense be?
192127	player	1321	NFL	new	Rashan Gary	Top Dallas Cowboys training camp storylines: How much better will their defense be?
192127	player	1625	NFL	new	Jalen Thompson	Top Dallas Cowboys training camp storylines: How much better will their defense be?
192127	player	2612	NFL	new	Cobie Durant	Top Dallas Cowboys training camp storylines: How much better will their defense be?
192127	player	2659	NFL	new	Dee Winters	Top Dallas Cowboys training camp storylines: How much better will their defense be?
192127	player	280356	NFL	new	Tyler Guyton	Top Dallas Cowboys training camp storylines: How much better will their defense be?
192127	player	13873932	NFL	new	Jaydon Blue	Top Dallas Cowboys training camp storylines: How much better will their defense be?
192127	player	33935383	NFL	new	Malachi Lawrence	Top Dallas Cowboys training camp storylines: How much better will their defense be?
192127	player	33936395	NFL	new	Caleb Downs	Top Dallas Cowboys training camp storylines: How much better will their defense be?
192128	player	25	NFL	new	Dak Prescott	What key questions do the Dallas Cowboys face at training camp?
192128	player	1321	NFL	new	Rashan Gary	What key questions do the Dallas Cowboys face at training camp?
192128	player	1625	NFL	new	Jalen Thompson	What key questions do the Dallas Cowboys face at training camp?
192128	player	2612	NFL	new	Cobie Durant	What key questions do the Dallas Cowboys face at training camp?
192128	player	33936395	NFL	new	Caleb Downs	What key questions do the Dallas Cowboys face at training camp?
192199	player	1206	NFL	new	Chris Manhertz	Giants Sign TE Tyler Moore After Workout, Filling Roster Spot on Eve of Camp
192199	player	82470	NFL	new	Tanner Conner	Giants Sign TE Tyler Moore After Workout, Filling Roster Spot on Eve of Camp
192199	player	13874723	NFL	new	Thomas Fidone II	Giants Sign TE Tyler Moore After Workout, Filling Roster Spot on Eve of Camp
192201	player	1614	NFL	new	Marlon Davidson	Giants make flurry of roster additions on eve of training camp
192201	player	277920	NFL	new	Jake Haener	Giants make flurry of roster additions on eve of training camp
192201	player	366481	NFL	new	C.J. Ravenell	Giants make flurry of roster additions on eve of training camp
192203	player	13873832	NFL	new	Jaxson Dart	Latest Malik Nabers injury news is bigger than it seems for New York Giants, here’s why
192203	player	13874196	NFL	new	Cam Skattebo	Latest Malik Nabers injury news is bigger than it seems for New York Giants, here’s why
192300	player	1609	NFL	new	Rasul Douglas	Commanders Place 2-Time Pro Bowler on Reserve/Retired List
192300	player	1724	NFL	new	Nick Bellore	Commanders Place 2-Time Pro Bowler on Reserve/Retired List
192303	team	23	NFL	new	Minnesota Vikings	Commanders part ways with tight ends coach Steele after arrest
192304	player	834	NFL	new	Terry McLaurin	ESPN says to take the over on Washington & Scary Terry - Daily Slop
192397	player	574	NFL	new	Jayden Reed	Forward-thinking Packers focused on continuity, winning
192397	player	705	NFL	new	Christian Watson	Forward-thinking Packers focused on continuity, winning
192397	player	1342	NFL	new	Javon Hargrave	Forward-thinking Packers focused on continuity, winning
192397	player	1375	NFL	new	Devonte Wyatt	Forward-thinking Packers focused on continuity, winning
192397	player	1540	NFL	new	Zaire Franklin	Forward-thinking Packers focused on continuity, winning
192399	player	53	NFL	new	Jordan Love	2026 Green Bay Packers training camp: Latest intel, updates
192399	player	580	NFL	new	Chris Brooks	2026 Green Bay Packers training camp: Latest intel, updates
192399	player	1299	NFL	new	Micah Parsons	2026 Green Bay Packers training camp: Latest intel, updates
192401	player	1299	NFL	new	Micah Parsons	Packers opted for continuity over chaos by extending LaFleur, Gutekunst and Ball, president says
192401	team	24	NFL	new	Chicago Bears	Packers opted for continuity over chaos by extending LaFleur, Gutekunst and Ball, president says
192404	player	51	NFL	new	Tyrod Taylor	MOST IMPORTANT PACKERS OF 2026 | No. 1: Jordan Love, QB
192404	player	94	NFL	new	Aaron Rodgers	MOST IMPORTANT PACKERS OF 2026 | No. 1: Jordan Love, QB
192408	player	935	NFL	new	Tucker Kraft	Packers place Kraft, Musgrave, Banks on PUP; no Parsons, yet
192408	player	939	NFL	new	Luke Musgrave	Packers place Kraft, Musgrave, Banks on PUP; no Parsons, yet
192408	player	1299	NFL	new	Micah Parsons	Packers place Kraft, Musgrave, Banks on PUP; no Parsons, yet
192408	player	1342	NFL	new	Javon Hargrave	Packers place Kraft, Musgrave, Banks on PUP; no Parsons, yet
192408	player	280195	NFL	new	Aaron Banks	Packers place Kraft, Musgrave, Banks on PUP; no Parsons, yet
192408	player	281761	NFL	new	Kamal Hadden	Packers place Kraft, Musgrave, Banks on PUP; no Parsons, yet
192502	player	1439	NFL	new	Harrison Smith	Vikings Signing $71 Million Pro Bowler: Report
192502	player	1950	NFL	new	Jamal Adams	Vikings Signing $71 Million Pro Bowler: Report
192502	team	16	NFL	new	Las Vegas Raiders	Vikings Signing $71 Million Pro Bowler: Report
192505	team	11	NFL	new	Tennessee Titans	Former LSU football standout Jamal Adams joins Minnesota Vikings
192505	team	16	NFL	new	Las Vegas Raiders	Former LSU football standout Jamal Adams joins Minnesota Vikings
192505	team	25	NFL	new	Detroit Lions	Former LSU football standout Jamal Adams joins Minnesota Vikings
192505	team	31	NFL	new	Seattle Seahawks	Former LSU football standout Jamal Adams joins Minnesota Vikings
192695	player	1243	NFL	new	Malcolm Rodriguez	How signing former Rams LB impacts Lions camp competition
192695	player	1444	NFL	new	Alex Anzalone	How signing former Rams LB impacts Lions camp competition
192695	player	1531	NFL	new	Jack Campbell	How signing former Rams LB impacts Lions camp competition
192695	player	1645	NFL	new	Derrick Barnes	How signing former Rams LB impacts Lions camp competition
192695	player	1963	NFL	new	Troy Reeder	How signing former Rams LB impacts Lions camp competition
192695	player	2207	NFL	new	Joe Bachie	How signing former Rams LB impacts Lions camp competition
192695	player	2551	NFL	new	Damone Clark	How signing former Rams LB impacts Lions camp competition
192695	player	2743	NFL	new	Trevor Nowaske	How signing former Rams LB impacts Lions camp competition
192695	player	48714	NFL	new	Kelvin Sheppard	How signing former Rams LB impacts Lions camp competition
192695	player	33936003	NFL	new	Jimmy Rolder	How signing former Rams LB impacts Lions camp competition
192700	player	1950	NFL	new	Jamal Adams	Former Lions Defender Lands With NFC North Rival
192700	team	23	NFL	new	Minnesota Vikings	Former Lions Defender Lands With NFC North Rival
192807	player	13874050	NFL	new	Tyler Shough	Morning Break: Saints continue gaining traction ahead of 2026 NFL Season
192899	player	13	NFL	new	Drake London	Falcons land WR help in 2027 NFL mock draft from CBS Sports
192899	player	88	NFL	new	Keenan Allen	Falcons land WR help in 2027 NFL mock draft from CBS Sports
192899	player	735	NFL	new	Stefon Diggs	Falcons land WR help in 2027 NFL mock draft from CBS Sports
192899	player	892	NFL	new	Jahan Dotson	Falcons land WR help in 2027 NFL mock draft from CBS Sports
192899	player	33934342	NFL	new	Zachariah Branch	Falcons land WR help in 2027 NFL mock draft from CBS Sports
192902	team	3	NFL	new	Buffalo Bills	Checking in with local NFL ties as training camps kick off
192902	team	5	NFL	new	Miami Dolphins	Checking in with local NFL ties as training camps kick off
192902	team	6	NFL	new	Baltimore Ravens	Checking in with local NFL ties as training camps kick off
192902	team	8	NFL	new	Cleveland Browns	Checking in with local NFL ties as training camps kick off
192902	team	15	NFL	new	Denver Broncos	Checking in with local NFL ties as training camps kick off
192902	team	26	NFL	new	New Orleans Saints	Checking in with local NFL ties as training camps kick off
192902	team	29	NFL	new	Carolina Panthers	Checking in with local NFL ties as training camps kick off
192993	player	1371	NFL	new	Vita Vea	Tampa Bay Buccaneers 2026 Football Headshots
192994	player	1371	NFL	new	Vita Vea	Pro Bowl player requests trade from Tampa Bay Buccaneers on eve of training camp amid contract dispute
192998	team	16	NFL	new	Las Vegas Raiders	Buccaneers DT Vita Vea Requests Trade Following Stalled Extension Talks
193098	player	75	NFL	new	Bryce Young	5 Bold Predictions For Carolina Panthers Training Camp
193098	player	2166	NFL	new	Luke Fortner	5 Bold Predictions For Carolina Panthers Training Camp
193098	player	281272	NFL	new	Jonathon Brooks	5 Bold Predictions For Carolina Panthers Training Camp
193098	player	13874599	NFL	new	Mitchell Evans	5 Bold Predictions For Carolina Panthers Training Camp
193098	player	33934356	NFL	new	Chris Brazzell II	5 Bold Predictions For Carolina Panthers Training Camp
193099	team	30	NFL	new	San Francisco 49ers	Kyle Shanahan 'this close' to losing his right eye in horrible car crash, NFL analyst reveals
193100	player	80481	NFL	new	Brady Christensen	Mixed predictions for Christensen’s role in 2026
193101	player	50893	NFL	new	Luke Kuechly	Devin Lloyd has already used the Panthers' resource that should terrify the NFL
193104	player	99	NFL	new	Jonnu Smith	Panthers' Biggest Roster Hole is Obvious Ahead of Week 1
193104	player	759	NFL	new	Cole Kmet	Panthers' Biggest Roster Hole is Obvious Ahead of Week 1
193104	player	1003	NFL	new	Tommy Tremble	Panthers' Biggest Roster Hole is Obvious Ahead of Week 1
193104	player	1012	NFL	new	Dawson Knox	Panthers' Biggest Roster Hole is Obvious Ahead of Week 1
193104	player	1020	NFL	new	Will Dissly	Panthers' Biggest Roster Hole is Obvious Ahead of Week 1
193104	player	1354	NFL	new	Jaelan Phillips	Panthers' Biggest Roster Hole is Obvious Ahead of Week 1
193104	player	2391	NFL	new	Devin Lloyd	Panthers' Biggest Roster Hole is Obvious Ahead of Week 1
193104	player	277937	NFL	new	Ja'Tavion Sanders	Panthers' Biggest Roster Hole is Obvious Ahead of Week 1
193104	player	33934356	NFL	new	Chris Brazzell II	Panthers' Biggest Roster Hole is Obvious Ahead of Week 1
193192	player	33936703	NFL	new	Jack Bouwmeester	49ers Camp Football
193194	player	90	NFL	new	Christian Kirk	49ers QB Brock Purdy adjusts to start of training camp without coach Kyle Shanahan
193194	player	754	NFL	new	George Kittle	49ers QB Brock Purdy adjusts to start of training camp without coach Kyle Shanahan
193194	player	2315	NFL	new	Vederian Lowe	49ers QB Brock Purdy adjusts to start of training camp without coach Kyle Shanahan
193194	player	33935608	NFL	new	Romello Height	49ers QB Brock Purdy adjusts to start of training camp without coach Kyle Shanahan
193204	player	27	NFL	new	Brock Purdy	Lenoir, Purdy Talk Focusing on Being Ready
193204	player	815	NFL	new	Mike Evans	Lenoir, Purdy Talk Focusing on Being Ready
193204	player	1478	NFL	new	Fred Warner	Lenoir, Purdy Talk Focusing on Being Ready
193204	player	1716	NFL	new	Trent Williams	Lenoir, Purdy Talk Focusing on Being Ready
193204	player	2376	NFL	new	Deommodore Lenoir	Lenoir, Purdy Talk Focusing on Being Ready
193300	player	70	NFL	new	Sam Darnold	Seattle Seahawks fantasy football tracker: Every training camp and preseason update
193300	player	479	NFL	new	Kenneth Walker III	Seattle Seahawks fantasy football tracker: Every training camp and preseason update
193300	player	504	NFL	new	Zach Charbonnet	Seattle Seahawks fantasy football tracker: Every training camp and preseason update
193300	player	593	NFL	new	Emanuel Wilson	Seattle Seahawks fantasy football tracker: Every training camp and preseason update
193300	player	869	NFL	new	Jaxon Smith-Njigba	Seattle Seahawks fantasy football tracker: Every training camp and preseason update
193300	player	278427	NFL	new	George Holani	Seattle Seahawks fantasy football tracker: Every training camp and preseason update
193300	player	13873804	NFL	new	Jalen Milroe	Seattle Seahawks fantasy football tracker: Every training camp and preseason update
193300	player	13874098	NFL	new	Tory Horton	Seattle Seahawks fantasy football tracker: Every training camp and preseason update
193300	player	33934144	NFL	new	Jadarian Price	Seattle Seahawks fantasy football tracker: Every training camp and preseason update
193398	player	63	NFL	new	Matthew Stafford	Rams Camp Football
193399	player	1298	NFL	new	Myles Garrett	Rams Camp Football
193430	player	846	NFL	new	Trey McBride	Official Site of the National Football League
193437	team	28	NFL	new	Tampa Bay Buccaneers	Baker Mayfield: No update on new contract
193518	player	37544805	FOOTBALL	new	Matteo Cancellieri	Celtic Overtake West Ham in the Race for Unsettled Lazio Winger
193594	player	37734644	FOOTBALL	new	Dayann Methalie	Sunderland 'agree terms' for second summer signing as 'club-record sale' eyed
193594	team	20	FOOTBALL	new	Newcastle United	Sunderland 'agree terms' for second summer signing as 'club-record sale' eyed
193596	team	8	FOOTBALL	new	Liverpool	Exciting Times Lie Ahead For Sunderland
193596	team	11	FOOTBALL	new	Fulham	Exciting Times Lie Ahead For Sunderland
193596	team	18	FOOTBALL	new	Chelsea	Exciting Times Lie Ahead For Sunderland
193605	player	163108	FOOTBALL	new	Reinildo Mandava	Who is Dayann Méthalie? Sunderland’s Latest Left-Back Target
193605	player	37734644	FOOTBALL	new	Dayann Méthalie	Who is Dayann Méthalie? Sunderland’s Latest Left-Back Target
193605	team	9	FOOTBALL	new	Manchester City	Who is Dayann Méthalie? Sunderland’s Latest Left-Back Target
193692	team	2930	FOOTBALL	new	Inter Milan	Cristian Romero edging closer to Tottenham exit as club chief confirms transfer talks
193722	player	186910	FOOTBALL	new	Rodri	Transfer news LIVE: Chelsea lead Jordan Henderson race as Tottenham eye Savinho
193722	player	9605680	FOOTBALL	new	Joshua Zirkzee	Transfer news LIVE: Chelsea lead Jordan Henderson race as Tottenham eye Savinho
193722	player	37317369	FOOTBALL	new	Bradley Barcola	Transfer news LIVE: Chelsea lead Jordan Henderson race as Tottenham eye Savinho
193790	player	982	FOOTBALL	new	John Stones	Premier League legend open to joining Liverpool as Iraola demands signing
193809	player	4165	FOOTBALL	new	Suso	I'd agreed a contract with Real Madrid – then Liverpool boss called and I changed my mind
193809	player	37922937	FOOTBALL	new	Yan Diomande	I'd agreed a contract with Real Madrid – then Liverpool boss called and I changed my mind
193835	player	32403	FOOTBALL	new	Ousmane Dembele	Liverpool offered stunning chance to sign Barcola and PSG teammate
193835	player	1479337	FOOTBALL	new	Khvicha Kvaratskhelia	Liverpool offered stunning chance to sign Barcola and PSG teammate
193835	player	9967153	FOOTBALL	new	Lee Kang-In	Liverpool offered stunning chance to sign Barcola and PSG teammate
193835	player	23278610	FOOTBALL	new	Goncalo Ramos	Liverpool offered stunning chance to sign Barcola and PSG teammate
193835	player	37317369	FOOTBALL	new	Bradley Barcola	Liverpool offered stunning chance to sign Barcola and PSG teammate
193835	player	37590938	FOOTBALL	new	Desire Doue	Liverpool offered stunning chance to sign Barcola and PSG teammate
193835	player	37726575	FOOTBALL	new	Ibrahim Mbaye	Liverpool offered stunning chance to sign Barcola and PSG teammate
193835	team	113	FOOTBALL	new	AC Milan	Liverpool offered stunning chance to sign Barcola and PSG teammate
193857	team	2930	FOOTBALL	new	Inter Milan	Former Man City star John Stones snubs Premier League interest for Serie A
193881	player	5403	FOOTBALL	new	Harry Wilson	Leeds set to agree £40m deal to sign James Trafford from Manchester City - The Athletic
193883	player	129771	FOOTBALL	new	Gianluigi Donnarumma	Training: Blues begin preseason week two!
193883	player	336133	FOOTBALL	new	Phil Foden	Training: Blues begin preseason week two!
193883	player	3156873	FOOTBALL	new	Tijjani Reijnders	Training: Blues begin preseason week two!
193883	player	10990678	FOOTBALL	new	Antoine Semenyo	Training: Blues begin preseason week two!
193883	player	24838191	FOOTBALL	new	Josko Gvardiol	Training: Blues begin preseason week two!
193883	player	37740614	FOOTBALL	new	Jeremy Monga	Training: Blues begin preseason week two!
193888	player	186910	FOOTBALL	new	Rodri	Manchester City: What does an Enzo Maresca midfield look like?
193888	player	37717176	FOOTBALL	new	Ayyoub Bouaddi	Manchester City: What does an Enzo Maresca midfield look like?
193892	team	625	FOOTBALL	new	Juventus	John Stones set for Inter move after shining for England at World Cup
193893	player	37632336	FOOTBALL	new	Eli Junior Kroupi	Man City set Rodri asking price amid Madrid, Barca, PSG interest - Euro Transfer News
193893	team	18	FOOTBALL	new	Chelsea	Man City set Rodri asking price amid Madrid, Barca, PSG interest - Euro Transfer News
193893	team	625	FOOTBALL	new	Juventus	Man City set Rodri asking price amid Madrid, Barca, PSG interest - Euro Transfer News
193982	team	8	FOOTBALL	new	Liverpool	West Brom working on deal for French defender Nolan Galves
193991	player	30446925	FOOTBALL	new	Issa Kabore	Wrexham transfer news: Crystal Palace's Danny Imray set for Red Dragons move
193991	team	9	FOOTBALL	new	Manchester City	Wrexham transfer news: Crystal Palace's Danny Imray set for Red Dragons move
193996	team	21	FOOTBALL	new	Sheffield United	Wrexham set to beat two Championship rivals in race for £5m star
193996	team	51	FOOTBALL	new	Crystal Palace	Wrexham set to beat two Championship rivals in race for £5m star
193998	team	65	FOOTBALL	new	Southampton	West Brom working on deal to sign Nolan Galves
194048	player	96799	FOOTBALL	new	Issa Diop	Blues Eyeing Fulham Midfielder Lukic
194048	player	130248	FOOTBALL	new	Sasa Lukic	Blues Eyeing Fulham Midfielder Lukic
194048	player	37731112	FOOTBALL	new	Carlos Espi	Blues Eyeing Fulham Midfielder Lukic
194098	player	23661272	FOOTBALL	new	Iliman Ndiaye	Tuesday’s Everton News: Hackney to debut against Stoke, Rowe being watched
194098	player	34455209	FOOTBALL	new	Jonathan Rowe	Tuesday’s Everton News: Hackney to debut against Stoke, Rowe being watched
194101	player	4536524	FOOTBALL	new	James Garner	Stoke City vs Everton - Match preview and team news
194125	player	1878	FOOTBALL	new	Marcus Rashford	Are two more Norwich City old boys heading for the Premier League?
194125	player	9939203	FOOTBALL	new	Crysencio Summerville	Are two more Norwich City old boys heading for the Premier League?
194125	team	14	FOOTBALL	new	Manchester United	Are two more Norwich City old boys heading for the Premier League?
194125	team	15	FOOTBALL	new	Aston Villa	Are two more Norwich City old boys heading for the Premier League?
194125	team	19	FOOTBALL	new	Arsenal	Are two more Norwich City old boys heading for the Premier League?
194125	team	20	FOOTBALL	new	Newcastle United	Are two more Norwich City old boys heading for the Premier League?
194125	team	8513	FOOTBALL	new	Bologna	Are two more Norwich City old boys heading for the Premier League?
194200	team	18	FOOTBALL	new	Chelsea	Man Utd news: Michael Carrick's fifth transfer confirmed as Alex Scott move takes new twist
194200	team	52	FOOTBALL	new	Bournemouth	Man Utd news: Michael Carrick's fifth transfer confirmed as Alex Scott move takes new twist
194202	player	333731	FOOTBALL	new	Cristian Romero	Man Utd urged to hijack Arsenal and Chelsea move for £42m transfer target
194202	team	6	FOOTBALL	new	Tottenham	Man Utd urged to hijack Arsenal and Chelsea move for £42m transfer target
194207	player	432872	FOOTBALL	new	Randal Kolo Muani	Man Utd in advanced talks with Juventus over loan transfer exit with £30m option to buy
194207	player	9605680	FOOTBALL	new	Joshua Zirkzee	Man Utd in advanced talks with Juventus over loan transfer exit with £30m option to buy
194212	player	9605680	FOOTBALL	new	Joshua Zirkzee	Man United in advanced transfer talks with Juventus as £30m option on the table
194230	player	9605680	FOOTBALL	new	Joshua Zirkzee	Mixed report on Zirkzee for Juventus from Manchester United with €35m option
194299	player	33716	FOOTBALL	new	Leon Bailey	Hull City transfer challenge outlined as Aston Villa man 'offered' to other clubs
194300	player	62342	FOOTBALL	new	Youri Tielemans	What Unai Emery was told about Aston Villa player sales this summer after net spend reveal
194300	player	4592198	FOOTBALL	new	Morgan Rogers	What Unai Emery was told about Aston Villa player sales this summer after net spend reveal
194300	player	37316549	FOOTBALL	new	Alejandro Garnacho	What Unai Emery was told about Aston Villa player sales this summer after net spend reveal
194300	player	37402348	FOOTBALL	new	Joao Gomes	What Unai Emery was told about Aston Villa player sales this summer after net spend reveal
194300	player	37681576	FOOTBALL	new	Johan Manzambi	What Unai Emery was told about Aston Villa player sales this summer after net spend reveal
194300	team	14	FOOTBALL	new	Manchester United	What Unai Emery was told about Aston Villa player sales this summer after net spend reveal
194300	team	18	FOOTBALL	new	Chelsea	What Unai Emery was told about Aston Villa player sales this summer after net spend reveal
194396	player	28912747	FOOTBALL	new	Cole Palmer	Watch Xabi Alonso's first game in charge of Chelsea live on CFC+ | News | Official Site
194396	player	37653289	FOOTBALL	new	Marco Palestra	Watch Xabi Alonso's first game in charge of Chelsea live on CFC+ | News | Official Site
194396	team	6	FOOTBALL	new	Tottenham Hotspur	Watch Xabi Alonso's first game in charge of Chelsea live on CFC+ | News | Official Site
194396	team	625	FOOTBALL	new	Juventus	Watch Xabi Alonso's first game in charge of Chelsea live on CFC+ | News | Official Site
194398	team	236	FOOTBALL	new	Brentford	Chelsea explore surprise moves for Danny Welbeck and Jordan Henderson
194411	player	982	FOOTBALL	new	John Stones	Arsenal and Chelsea dealt transfer blow as 'deal agreed' for free agent
194411	player	448448	FOOTBALL	new	Marc Cucurella	Arsenal and Chelsea dealt transfer blow as 'deal agreed' for free agent
194411	team	9	FOOTBALL	new	Manchester City	Arsenal and Chelsea dealt transfer blow as 'deal agreed' for free agent
194411	team	51	FOOTBALL	new	Crystal Palace	Arsenal and Chelsea dealt transfer blow as 'deal agreed' for free agent
194411	team	377	FOOTBALL	new	Rayo Vallecano	Arsenal and Chelsea dealt transfer blow as 'deal agreed' for free agent
194411	team	2930	FOOTBALL	new	Inter Milan	Arsenal and Chelsea dealt transfer blow as 'deal agreed' for free agent
194414	player	627	FOOTBALL	new	Danny Welbeck	Transfer news: Chelsea move for Brighton's Welbeck
194431	player	627	FOOTBALL	new	Danny Welbeck	Jordan Henderson reacts after learning Chelsea want to sign him
194431	player	1887	FOOTBALL	new	Granit Xhaka	Jordan Henderson reacts after learning Chelsea want to sign him
194470	player	21803152	FOOTBALL	new	Pep Chavarria	Exclusive update on Chelsea’s left back chase after “reasonable” £18m offer turned down
194470	player	37459072	FOOTBALL	new	Lewis Hall	Exclusive update on Chelsea’s left back chase after “reasonable” £18m offer turned down
194494	player	194167	FOOTBALL	new	Viktor Gyokeres	Arsenal's dream attack as Vinicius joins from Real Madrid and £51.7m swap deal agreed
194494	player	600687	FOOTBALL	new	Vinicius Junior	Arsenal's dream attack as Vinicius joins from Real Madrid and £51.7m swap deal agreed
194592	player	5270497	FOOTBALL	new	Fábio Vieira	Arsenal yet to agree: HSV and Vieira already in full agreement!
194599	player	10601	FOOTBALL	new	Harvey Barnes	Newcastle United deal is agreed as club issues official reaction
194599	team	71	FOOTBALL	new	Leeds United	Newcastle United deal is agreed as club issues official reaction
194601	player	28575686	FOOTBALL	new	James Trafford	‘Verbal agreement’ – Fabrizio Romano confirms bad news for Newcastle United
194601	team	9	FOOTBALL	new	Manchester City	‘Verbal agreement’ – Fabrizio Romano confirms bad news for Newcastle United
194601	team	71	FOOTBALL	new	Leeds United	‘Verbal agreement’ – Fabrizio Romano confirms bad news for Newcastle United
194601	team	1028	FOOTBALL	new	Reims	‘Verbal agreement’ – Fabrizio Romano confirms bad news for Newcastle United
194601	team	3543	FOOTBALL	new	SC Freiburg	‘Verbal agreement’ – Fabrizio Romano confirms bad news for Newcastle United
194631	team	14	FOOTBALL	new	Manchester United	Newcastle receive boost over £39million Atalanta transfer target thanks to Man Utd's collapsed move for Ederson
194654	player	9308118	FOOTBALL	new	Andrei Ratiu	Newcastle Join Race for La Liga’s Rayo Vallecano Standout
194694	player	173121	FOOTBALL	new	Harry Souttar	SUFC News: Wilder confirms stance on Zatterstrom future, McGuinness transfer fee
194694	player	37337720	FOOTBALL	new	Jamal Baptiste	SUFC News: Wilder confirms stance on Zatterstrom future, McGuinness transfer fee
194694	player	37607215	FOOTBALL	new	Nils Zatterstrom	SUFC News: Wilder confirms stance on Zatterstrom future, McGuinness transfer fee
194695	player	7835	FOOTBALL	new	Ben Brereton Diaz	Sheffield United 'considering' move to sign ex-Blade from Southampton
194697	player	173121	FOOTBALL	new	Harry Souttar	“Strong, Powerful” Defender Has Made A Great Impression This Summer
194697	player	540290	FOOTBALL	new	Japhet Tanganga	“Strong, Powerful” Defender Has Made A Great Impression This Summer
194697	player	37337720	FOOTBALL	new	Jamal Baptiste	“Strong, Powerful” Defender Has Made A Great Impression This Summer
194697	team	1	FOOTBALL	new	West Ham United	“Strong, Powerful” Defender Has Made A Great Impression This Summer
194697	team	42	FOOTBALL	new	Leicester City	“Strong, Powerful” Defender Has Made A Great Impression This Summer
194698	team	6	FOOTBALL	new	Tottenham Hotspur	Lucy Quinn joins Sheffield United | BWSL2
194700	team	999	FOOTBALL	new	Bochum	SUFC News: Unitedite sets off on gruelling Germany trek to support scanner appeal
194703	player	7835	FOOTBALL	new	Ben Brereton Diaz	Championship Latest: Sheffield United Eye Striker Deal, Birmingham City Prepare €3.5m Swoop
194703	team	65	FOOTBALL	new	Southampton	Championship Latest: Sheffield United Eye Striker Deal, Birmingham City Prepare €3.5m Swoop
194705	player	173121	FOOTBALL	new	Harry Souttar	SUFC News: Souttar transfer state of play inc United dialogue, Leicester complication
194705	player	37548599	FOOTBALL	new	Max Alleyne	SUFC News: Souttar transfer state of play inc United dialogue, Leicester complication
194739	player	1057	FOOTBALL	new	Gerard Deulofeu	Deulofeu advised new signing Bravo to join Watford
194739	player	37588236	FOOTBALL	new	Iker Bravo	Deulofeu advised new signing Bravo to join Watford
194739	team	83	FOOTBALL	new	Barcelona	Deulofeu advised new signing Bravo to join Watford
194739	team	109	FOOTBALL	new	Fiorentina	Deulofeu advised new signing Bravo to join Watford
194745	team	8513	FOOTBALL	new	Bologna	Former Premier League manager left so furious by calamitous pre-season goal he starts vaping on sidelines
194785	player	3526193	FOOTBALL	new	Martin Payero	Done Deal: Udinese hand Iker Bravo, Zemura and Payero to Watford
194785	player	25591503	FOOTBALL	new	Jordan Zemura	Done Deal: Udinese hand Iker Bravo, Zemura and Payero to Watford
194829	player	23697427	FOOTBALL	new	Armando Broja	Lazio can secure Broja from Burnley on loan with option to buy
194870	player	52868	FOOTBALL	new	Hee Chan Hwang	Gallery | Raul's return to Compton | Men's First-Team | News
194870	player	37400484	FOOTBALL	new	Yerson Mosquera	Gallery | Raul's return to Compton | Men's First-Team | News
194877	player	37260431	FOOTBALL	new	Tolu Arokodare	Ajax strike out of nowhere and reach agreement on €20 million transfer fee
194940	team	11	FOOTBALL	new	Fulham	Matej Jurasek and the tale of three big City misses
194989	player	982	FOOTBALL	new	John Stones	The new request from Iraola
194989	player	7124	FOOTBALL	new	Ezri Konsa	The new request from Iraola
194989	team	8	FOOTBALL	new	Liverpool	The new request from Iraola
194993	player	37567337	FOOTBALL	new	Santiago Castro	Over 250 Roma fans welcome Castro upon arrival
195028	team	113	FOOTBALL	new	Milan	Done Deals: Castro, Dovbyk, Amondarain and Diawara medicals for July 28
195040	player	37567337	FOOTBALL	new	Santiago Castro	Done deal: Artem Dovbyk set to join Bologna on loan
195082	player	537758	FOOTBALL	new	Donyell Malen	Roma's transfer window opens, Castro is in the mix. Dovbyk goes to Bologna. Now the hunt for Nusa begins.
195082	player	37567337	FOOTBALL	new	Santiago Castro	Roma's transfer window opens, Castro is in the mix. Dovbyk goes to Bologna. Now the hunt for Nusa begins.
195105	player	1182	FOOTBALL	new	Jamie Vardy	Who Will Be Leicester’s Next Top Striker, Candidates, Dilemma, Uncertainty, Ex Villareal and Chile International One to Watch - tcf
195105	player	1488	FOOTBALL	new	Kelechi Iheanacho	Who Will Be Leicester’s Next Top Striker, Candidates, Dilemma, Uncertainty, Ex Villareal and Chile International One to Watch - tcf
195105	player	7835	FOOTBALL	new	Ben Brereton Diaz	Who Will Be Leicester’s Next Top Striker, Candidates, Dilemma, Uncertainty, Ex Villareal and Chile International One to Watch - tcf
195105	player	1494694	FOOTBALL	new	Elijah Adebayo	Who Will Be Leicester’s Next Top Striker, Candidates, Dilemma, Uncertainty, Ex Villareal and Chile International One to Watch - tcf
195105	player	37642293	FOOTBALL	new	Ryan One	Who Will Be Leicester’s Next Top Striker, Candidates, Dilemma, Uncertainty, Ex Villareal and Chile International One to Watch - tcf
195169	player	173121	FOOTBALL	new	Harry Souttar	Leicester’s Financial Crisis Hands West Ham a Transfer Lifeline
195169	player	37342596	FOOTBALL	new	Ben Nelson	Leicester’s Financial Crisis Hands West Ham a Transfer Lifeline
195194	player	37567337	FOOTBALL	new	Santiago Castro	Transfer round-up: Lazio talks for Burnley striker, Castro’s Roma medical and more
195194	team	6	FOOTBALL	new	Tottenham	Transfer round-up: Lazio talks for Burnley striker, Castro’s Roma medical and more
195194	team	113	FOOTBALL	new	Milan	Transfer round-up: Lazio talks for Burnley striker, Castro’s Roma medical and more
195194	team	398	FOOTBALL	new	Parma	Transfer round-up: Lazio talks for Burnley striker, Castro’s Roma medical and more
195194	team	591	FOOTBALL	new	PSG	Transfer round-up: Lazio talks for Burnley striker, Castro’s Roma medical and more
195194	team	625	FOOTBALL	new	Juventus	Transfer round-up: Lazio talks for Burnley striker, Castro’s Roma medical and more
195194	team	2930	FOOTBALL	new	Inter	Transfer round-up: Lazio talks for Burnley striker, Castro’s Roma medical and more
195195	player	23278683	FOOTBALL	new	Mario Gila	Lazio ‘close to signing’ Noah Markmann as search for Gila replacement goes on
195196	player	37731112	FOOTBALL	new	Carlos Espi	Hull City Make a Move on Spanish Striker Wanted at Lazio
195196	team	3457	FOOTBALL	new	Levante	Hull City Make a Move on Spanish Striker Wanted at Lazio
195219	player	26860	FOOTBALL	new	Danilho Doekhi	Doekhi in Fantasy Football: Valuation and Stats for Lazio's New Defender
195229	player	335521	FOOTBALL	new	Facundo Medina	Bayer Leverkusen open talks with Marseille over Medina
195231	player	335521	FOOTBALL	new	Facundo Medina	Marseille vs Nîmes | Club Friendly Games | “Live scores” + “Preview”
195231	player	37541144	FOOTBALL	new	Bilal Nadir	Marseille vs Nîmes | Club Friendly Games | “Live scores” + “Preview”
195240	team	10722	FOOTBALL	new	USC	College Sports
195318	team	18	FOOTBALL	new	Chelsea	Crystal Palace Transfer Round Up: Movement in South London
195325	player	5666458	FOOTBALL	new	Maxence Lacroix	Crystal Palace agree personal terms with Brest’s Le Guen
195352	player	23269627	FOOTBALL	new	Chrislain Matsima	Crystal Palace move on €30m defender deal
195359	player	4536500	FOOTBALL	new	Marc Guehi	Palace want teenage Brest defender Le Guen
195359	player	5666458	FOOTBALL	new	Maxence Lacroix	Palace want teenage Brest defender Le Guen
195359	player	23269627	FOOTBALL	new	Chrislain Matsima	Palace want teenage Brest defender Le Guen
195359	player	37688184	FOOTBALL	new	Jaydee Canvot	Palace want teenage Brest defender Le Guen
195393	player	1095	FOOTBALL	new	Adam Smith	Skipper Smith enjoying intensity working with "top" new boss Rose
195439	team	271	FOOTBALL	new	Lens	Ligue 1 2026/27 Season Guide: Dates, Fixtures & Betting
195490	player	52867	FOOTBALL	new	Xaver Schlager	Nottingham Forest news: Ryan Yates on Oliver Glasner impact
195497	player	16827159	FOOTBALL	new	Arvin Appiah	Portsmouth weigh up deal for £8m man as former Nottingham Forest and UD Almeria player bids for stay
195540	team	9	FOOTBALL	new	Manchester City	Transfer news and rumours today: Rico Lewis to Nottingham Forest, Edin Dzeko future
195540	team	109	FOOTBALL	new	Fiorentina	Transfer news and rumours today: Rico Lewis to Nottingham Forest, Edin Dzeko future
195565	team	268	FOOTBALL	new	Como	Southampton ‘in talks’ for £8.5m Iván Azón as fans query profile
195656	team	71	FOOTBALL	new	Leeds United	New Schalke 04 signing Maximilian Wöber reveals Bundesliga comeback plan
195656	team	82	FOOTBALL	new	Werder Bremen	New Schalke 04 signing Maximilian Wöber reveals Bundesliga comeback plan
195664	player	1358	FOOTBALL	new	Edin Dzeko	Dzeko, but what retreat? A renewal with Schalke 04 is done.
195712	player	32158	FOOTBALL	new	Julian Brandt	5 questions Borussia Dortmund must answer in Japan tour
195712	player	37598968	FOOTBALL	new	Niko Kovac	5 questions Borussia Dortmund must answer in Japan tour
195712	player	37758022	FOOTBALL	new	Mathis Albert	5 questions Borussia Dortmund must answer in Japan tour
195761	player	37709599	FOOTBALL	new	Said El Mala	Ballon d'Or bonus? Köln fume at Dortmund's El Mala offer
195765	player	31775	FOOTBALL	new	Niklas Sule	Champions League winner, 30, joins non-league club with average attendance of 60
195877	player	198562	FOOTBALL	new	Eray Comert	Torino ‘close on’ Comuzzo and Comert as Leeds United ‘stall’ Perri move
195877	player	460159	FOOTBALL	new	Lucas Perri	Torino ‘close on’ Comuzzo and Comert as Leeds United ‘stall’ Perri move
195891	team	82	FOOTBALL	new	Werder Bremen	Ex-Bundesliga and Leeds goalkeeper enters politics as he prepares for local election
196010	team	19	FOOTBALL	new	Arsenal	Barcola rejects PSG deal as Liverpool lead transfer race
196011	player	539993	FOOTBALL	new	Lois Openda	Juventus Offloading Two Excess Players on Initial Loans
196011	player	4545434	FOOTBALL	new	Joao Mario	Juventus Offloading Two Excess Players on Initial Loans
196012	player	539993	FOOTBALL	new	Loïs Openda	Lyon Sign Openda on Straight Loan — No Buy Option, Full Wages Covered
196012	team	625	FOOTBALL	new	Juventus	Lyon Sign Openda on Straight Loan — No Buy Option, Full Wages Covered
196027	player	31507	FOOTBALL	new	Felix Wiedwald	Ex-Bundesliga and Leeds goalkeeper enters politics as he prepares for local election
196027	team	71	FOOTBALL	new	Leeds United	Ex-Bundesliga and Leeds goalkeeper enters politics as he prepares for local election
196027	team	366	FOOTBALL	new	Eintracht Frankfurt	Ex-Bundesliga and Leeds goalkeeper enters politics as he prepares for local election
196044	team	18	FOOTBALL	new	Chelsea	Clàudia Pina records and statistics: How brilliant is the Barcelona and Spain forward?
196044	team	19	FOOTBALL	new	Arsenal	Clàudia Pina records and statistics: How brilliant is the Barcelona and Spain forward?
196071	player	31284	FOOTBALL	new	Marc-André ter Stegen	Germany goalkeeper joins Barcelona’s England trip amid Ajax deal
196145	team	3321	FOOTBALL	new	Bayer 04 Leverkusen	Heiko Herrlich - Players used (Gallery) | Page 244
196172	player	18584306	FOOTBALL	new	Haissem Hassan	Paderborn turn down Celtic's £4m bid for Baur - gossip
196172	player	37582048	FOOTBALL	new	Mika Baur	Paderborn turn down Celtic's £4m bid for Baur - gossip
196178	player	18584306	FOOTBALL	new	Haissem Hassan	Baur bid turned down amid conflicting Hassan reports - gossip
196178	player	37582048	FOOTBALL	new	Mika Baur	Baur bid turned down amid conflicting Hassan reports - gossip
196197	team	83	FOOTBALL	new	Barcelona	Explora Journeys Takes Delivery of Explora III
196199	team	2930	FOOTBALL	new	Inter Milan	Scott McTominay
196199	team	8513	FOOTBALL	new	Bologna	Scott McTominay
196203	team	597	FOOTBALL	new	Napoli	Traorè in Fantasy Football: Valuation and Stats for Genoa's New Midfielder
196229	team	277	FOOTBALL	new	RB Leipzig	Real Madrid has signed Yan Diomande: here's the signing promised by Florentino Perez:
196234	player	447104	FOOTBALL	new	Luca Zidane	Meet French football icon Zinedine Zidane’s son Luca, who played for Algeria at the World Cup
196276	team	591	FOOTBALL	new	PSG	Man Utd vs Atletico Madrid live stream: How to watch as Michael Carrick continues pre-season prep
196293	player	133769	FOOTBALL	new	Moise Kean	Fiorentina remain interested in Dovbyk as Kean alternative
196293	player	205978	FOOTBALL	new	Artem Dovbyk	Fiorentina remain interested in Dovbyk as Kean alternative
196296	player	37669686	FOOTBALL	new	Pietro Comuzzo	Fiorentina, agreement with Torino for Comuzzo: the figures and the structure of the deal
196325	team	9	FOOTBALL	new	Manchester City	John Stones: England defender in advanced talks to join Inter Milan
196330	player	540251	FOOTBALL	new	Rafael Leao	Fenerbahce make first Leao offer to Milan, total €40m plus bonus
196344	team	9	FOOTBALL	new	Manchester City	Inter Milan and Juventus in fast moving talks with John Stones after leaving Man City
196344	team	13	FOOTBALL	new	Everton	Inter Milan and Juventus in fast moving talks with John Stones after leaving Man City
196366	team	14	FOOTBALL	new	Manchester United	Which football team has the most fans? A guide to clubs with massive global support
196366	team	83	FOOTBALL	new	Barcelona	Which football team has the most fans? A guide to clubs with massive global support
196366	team	591	FOOTBALL	new	PSG	Which football team has the most fans? A guide to clubs with massive global support
196366	team	3468	FOOTBALL	new	Real Madrid	Which football team has the most fans? A guide to clubs with massive global support
196456	team	6	FOOTBALL	new	Tottenham	Premier League done deals: Every completed transfer in 2026 summer window
196456	team	8	FOOTBALL	new	Liverpool	Premier League done deals: Every completed transfer in 2026 summer window
196456	team	9	FOOTBALL	new	Manchester City	Premier League done deals: Every completed transfer in 2026 summer window
196456	team	15	FOOTBALL	new	Aston Villa	Premier League done deals: Every completed transfer in 2026 summer window
196456	team	18	FOOTBALL	new	Chelsea	Premier League done deals: Every completed transfer in 2026 summer window
196489	player	32538	FOOTBALL	new	Breel Embolo	Espi and Embolo linked as duo could leave - the latest Town transfer rumour round-up
196490	player	96799	FOOTBALL	new	Issa Diop	Town keen on Fulham man as midfield shortlist takes shape
196490	player	130248	FOOTBALL	new	Sasa Lukic	Town keen on Fulham man as midfield shortlist takes shape
196492	player	29470	FOOTBALL	new	Kjell Scherpen	Ipswich Town ‘to sign’ £11m keeper as Leeds’ James Trafford wait continues
196492	team	71	FOOTBALL	new	Leeds United	Ipswich Town ‘to sign’ £11m keeper as Leeds’ James Trafford wait continues
196495	team	33	FOOTBALL	new	Norwich City	'Adds so much value' - Tractor Girl goalkeeper extends her stay ahead of loan move
196496	team	42	FOOTBALL	new	Leicester	MONDAY’S RESULTS
196690	player	323	FOOTBALL	new	Jordan Henderson	Chelsea interested in signing Henderson from Brentford
196690	player	627	FOOTBALL	new	Danny Welbeck	Chelsea interested in signing Henderson from Brentford
196701	team	18	FOOTBALL	new	Chelsea	Jordan Henderson close to sensational transfer back to the absolute top
196880	player	237695	FOOTBALL	new	Jhon Lucumi	Report Como enter Lucumi fray after Juventus hesitation
196880	team	8513	FOOTBALL	new	Bologna	Report Como enter Lucumi fray after Juventus hesitation
196898	player	5666458	FOOTBALL	new	Maxence Lacroix	'Is he what Chelsea needs?' - Marcel Desailly questions £52m transfer move
196898	team	51	FOOTBALL	new	Crystal Palace	'Is he what Chelsea needs?' - Marcel Desailly questions £52m transfer move
196907	team	83	FOOTBALL	new	Barcelona	Monegros, when the desert is the ultimate party: "This is paradise"
196908	team	2975	FOOTBALL	new	Deportivo Alavés	Alex Balboa Club & International Career Record | Goal.com United Arab Emirates
196914	player	37922937	FOOTBALL	new	Yan Diomandé	No deal yet between Real Madrid, RB Leipzig for Yan Diomandé
196917	team	3468	FOOTBALL	new	Real Madrid	Diomande joins RB Leipzig’s pre-season training
196967	player	37922937	FOOTBALL	new	Yan Diomandé	Real Madrid return with second bid for Yan Diomandé, but no agreement yet
197063	team	19	FOOTBALL	new	Arsenal	Coach Lupoli's Primavera team kicks off the '26/'27 season
197063	team	109	FOOTBALL	new	Fiorentina	Coach Lupoli's Primavera team kicks off the '26/'27 season
197063	team	398	FOOTBALL	new	Parma	Coach Lupoli's Primavera team kicks off the '26/'27 season
197063	team	563	FOOTBALL	new	Benevento	Coach Lupoli's Primavera team kicks off the '26/'27 season
197063	team	4070	FOOTBALL	new	Frosinone	Coach Lupoli's Primavera team kicks off the '26/'27 season
197090	team	37	FOOTBALL	new	Roma	Italy, aiming for recovery but without stars
197098	player	14004542	FOOTBALL	new	Amine Adli	Diakite praises best friend Adli after first Bournemouth goal
197098	player	22536030	FOOTBALL	new	Bafode Diakite	Diakite praises best friend Adli after first Bournemouth goal
197098	team	52	FOOTBALL	new	Bournemouth	Diakite praises best friend Adli after first Bournemouth goal
197100	team	52	FOOTBALL	new	AFC Bournemouth	Silva expected to play in second leg of Europa League qualifier before Cherries move
197105	team	52	FOOTBALL	new	Bournemouth	Bournemouth news: Marco Rose has alternative plan for Evanilson
197114	team	8	FOOTBALL	new	Liverpool	Yan Diomande: From rejections to Real's doorstep
197114	team	18	FOOTBALL	new	Chelsea	Yan Diomande: From rejections to Real's doorstep
197114	team	51	FOOTBALL	new	Crystal Palace	Yan Diomande: From rejections to Real's doorstep
197114	team	52	FOOTBALL	new	Bournemouth	Yan Diomande: From rejections to Real's doorstep
197114	team	277	FOOTBALL	new	RB Leipzig	Yan Diomande: From rejections to Real's doorstep
197114	team	591	FOOTBALL	new	Paris Saint-Germain	Yan Diomande: From rejections to Real's doorstep
197114	team	844	FOOTBALL	new	Leganes	Yan Diomande: From rejections to Real's doorstep
197118	team	581	FOOTBALL	new	Montpellier	کارلوس والدیراما
197123	player	30999	FOOTBALL	new	Mario Götze	“Daily progress”
197123	player	37787101	FOOTBALL	new	Love Arrhov	“Daily progress”
197156	team	18	FOOTBALL	new	Chelsea	Coventry City transfer notebook as new link emerges with exciting German forward amid Tomori latest
197156	team	20	FOOTBALL	new	Newcastle United	Coventry City transfer notebook as new link emerges with exciting German forward amid Tomori latest
197156	team	113	FOOTBALL	new	AC Milan	Coventry City transfer notebook as new link emerges with exciting German forward amid Tomori latest
197186	team	597	FOOTBALL	new	Napoli	"Rao has a different engine, he will make the difference"
197193	player	127693	FOOTBALL	new	Giorgio Chiellini	Chiellini among alternatives if Maldini leaves Italy position
197200	player	5666477	FOOTBALL	new	Zion Suzuki	PSG in contact with Parma for Juventus target Suzuki
197272	player	9967153	FOOTBALL	new	Lee Kang-in	Football: Osasuna land Dubasin as Alaves add Rodriguez
197272	player	24468972	FOOTBALL	new	Miguel Rodriguez	Football: Osasuna land Dubasin as Alaves add Rodriguez
197274	player	24837941	FOOTBALL	new	Matteo Ruggeri	Liverpool and Spurs set to battle for Atletico Madrid star
197274	team	6	FOOTBALL	new	Tottenham Hotspur	Liverpool and Spurs set to battle for Atletico Madrid star
197280	player	7026561	FOOTBALL	new	Fraser Hornby	Darmstadt set to sign South Korean striker
197341	player	37445066	FOOTBALL	new	Arijon Ibrahimović	Bayern ‘to trust’ Arijon Ibrahimović as Luis Díaz’s backup
197376	player	997	FOOTBALL	new	Harry Kane	Best Bundesliga strikers of 2026 so far
197376	player	27393	FOOTBALL	new	Ragnar Ache	Best Bundesliga strikers of 2026 so far
197376	player	32695	FOOTBALL	new	Serhou Guirassy	Best Bundesliga strikers of 2026 so far
197376	player	41077	FOOTBALL	new	Deniz Undav	Best Bundesliga strikers of 2026 so far
197376	player	46092	FOOTBALL	new	Ermedin Demirovic	Best Bundesliga strikers of 2026 so far
197376	player	80675	FOOTBALL	new	Patrik Schick	Best Bundesliga strikers of 2026 so far
197376	player	32819099	FOOTBALL	new	Fisnik Asllani	Best Bundesliga strikers of 2026 so far
197376	player	37417027	FOOTBALL	new	Igor Matanovic	Best Bundesliga strikers of 2026 so far
197376	player	37709599	FOOTBALL	new	Said El Mala	Best Bundesliga strikers of 2026 so far
197380	player	37445066	FOOTBALL	new	Arijon Ibrahimović	Ibrahimović: 'Taking this mindset with me to Munich'
197432	player	992	FOOTBALL	new	Christian Eriksen	Wolfsburg say Eriksen hasn't returned to German club as previously planned
197437	team	68	FOOTBALL	new	Borussia Dortmund	Hamburg Join Race for Japan Forward Kento Shiogai as €6m Exit Clause Emerges
197445	player	6306127	FOOTBALL	new	Felix Nmecha	Bellingham and Nmecha 'can still grow tremendously' at Dortmund
197445	player	37581777	FOOTBALL	new	Jobe Bellingham	Bellingham and Nmecha 'can still grow tremendously' at Dortmund
197445	team	68	FOOTBALL	new	Borussia Dortmund	Bellingham and Nmecha 'can still grow tremendously' at Dortmund
197446	team	3319	FOOTBALL	new	VfB Stuttgart	Sky: Hoffenheim increase their offer to RB Salzburg for Adam Daghim
197488	player	1314	FOOTBALL	new	Thibaut Courtois	Major surprises: Real Madrid's expected line-up after Diomande's arrival
197488	player	26027	FOOTBALL	new	Denzel Dumfries	Major surprises: Real Madrid's expected line-up after Diomande's arrival
197488	player	31837	FOOTBALL	new	Antonio Rudiger	Major surprises: Real Madrid's expected line-up after Diomande's arrival
197488	player	96611	FOOTBALL	new	Kylian Mbappe	Major surprises: Real Madrid's expected line-up after Diomande's arrival
197488	player	260862	FOOTBALL	new	Federico Valverde	Major surprises: Real Madrid's expected line-up after Diomande's arrival
197488	player	460160	FOOTBALL	new	Eder Militao	Major surprises: Real Madrid's expected line-up after Diomande's arrival
197488	player	600687	FOOTBALL	new	Vinicius Junior	Major surprises: Real Madrid's expected line-up after Diomande's arrival
197488	player	5270371	FOOTBALL	new	Aurelien Tchouameni	Major surprises: Real Madrid's expected line-up after Diomande's arrival
197488	player	37255840	FOOTBALL	new	Jude Bellingham	Major surprises: Real Madrid's expected line-up after Diomande's arrival
197488	player	37922937	FOOTBALL	new	Yan Diomande	Major surprises: Real Madrid's expected line-up after Diomande's arrival
197491	player	37325831	FOOTBALL	new	José Salinas	Salinas bolsters the left-back position
197524	player	23288058	FOOTBALL	new	Sebastiano Esposito	Cagliari, Giulini on the Esposito case: "He doesn't deserve the treatment he's received in recent hours."
197542	player	37922937	FOOTBALL	new	Yan Diomande	"The bitter loser": Spain mocks Paris Saint-Germain after missing out on Diomande
197542	team	277	FOOTBALL	new	Leipzig	"The bitter loser": Spain mocks Paris Saint-Germain after missing out on Diomande
197542	team	3468	FOOTBALL	new	Real Madrid	"The bitter loser": Spain mocks Paris Saint-Germain after missing out on Diomande
197544	player	37726575	FOOTBALL	new	Ibrahim Mbaye	Paris Saint-Germain ready to cash in on Man City transfer target as asking price named
197544	team	6	FOOTBALL	new	Tottenham	Paris Saint-Germain ready to cash in on Man City transfer target as asking price named
197544	team	8	FOOTBALL	new	Liverpool	Paris Saint-Germain ready to cash in on Man City transfer target as asking price named
197544	team	18	FOOTBALL	new	Chelsea	Paris Saint-Germain ready to cash in on Man City transfer target as asking price named
197546	player	28575686	FOOTBALL	new	James Trafford	Gossip: Man City look to keep Rodri despite PSG links
197546	player	37922937	FOOTBALL	new	Yan Diomande	Gossip: Man City look to keep Rodri despite PSG links
197546	team	9	FOOTBALL	new	Manchester City	Gossip: Man City look to keep Rodri despite PSG links
197546	team	15	FOOTBALL	new	Aston Villa	Gossip: Man City look to keep Rodri despite PSG links
197546	team	71	FOOTBALL	new	Leeds United	Gossip: Man City look to keep Rodri despite PSG links
197546	team	3468	FOOTBALL	new	Real Madrid	Gossip: Man City look to keep Rodri despite PSG links
197588	team	8	FOOTBALL	new	Liverpool	A heavyweight deal: Barcola agrees to move to a European giant
197648	team	83	FOOTBALL	new	Barcelona	Ignacio Villamía joins Real Sociedad as Matarazzo’s new analyst
197648	team	591	FOOTBALL	new	PSG	Ignacio Villamía joins Real Sociedad as Matarazzo’s new analyst
197682	team	625	FOOTBALL	new	Juventus	Juve-Demirovic, 3 Napoli exits and Koné to Man United? 🤑
197818	player	16827159	FOOTBALL	new	Arvin Appiah	Portsmouth strongly considering move for 25-year-old free agent
197839	team	9	FOOTBALL	new	Manchester City	Reports: Juventus have held talks with free agent John Stones (UPDATED)
197839	team	18	FOOTBALL	new	Chelsea	Reports: Juventus have held talks with free agent John Stones (UPDATED)
197839	team	19	FOOTBALL	new	Arsenal	Reports: Juventus have held talks with free agent John Stones (UPDATED)
197839	team	2930	FOOTBALL	new	Inter Milan	Reports: Juventus have held talks with free agent John Stones (UPDATED)
197855	team	18	FOOTBALL	new	Chelsea	Report: Como enter the race to sign Bologna’s Jhon Lucumí
197855	team	2930	FOOTBALL	new	Inter Milan	Report: Como enter the race to sign Bologna’s Jhon Lucumí
197998	player	37297042	FOOTBALL	new	Fer Niño	Elche identify their no.1 striker target
198010	team	13258	FOOTBALL	new	Athletic Club	Iñaki Williams back as Athletic step up pre-season ahead of Sevilla opener
198014	team	3468	FOOTBALL	new	Real Madrid	Sevilla ‘to sign’ Fran González and Julio Díaz after Madrid talks
198014	team	7980	FOOTBALL	new	Atlético de Madrid	Sevilla ‘to sign’ Fran González and Julio Díaz after Madrid talks
198016	player	1300	FOOTBALL	new	Alexis Sanchez	Atlético de Madrid vs. Sevilla: live game updates, stats, play-by-play
198016	player	5321	FOOTBALL	new	Ademola Lookman	Atlético de Madrid vs. Sevilla: live game updates, stats, play-by-play
198016	player	24071	FOOTBALL	new	Nemanja Gudelj	Atlético de Madrid vs. Sevilla: live game updates, stats, play-by-play
198016	player	22169317	FOOTBALL	new	Akor Adams	Atlético de Madrid vs. Sevilla: live game updates, stats, play-by-play
198016	player	37297313	FOOTBALL	new	Isaac Romero	Atlético de Madrid vs. Sevilla: live game updates, stats, play-by-play
198016	player	37590292	FOOTBALL	new	Manu Bueno	Atlético de Madrid vs. Sevilla: live game updates, stats, play-by-play
198016	player	37593184	FOOTBALL	new	Javier Bonar	Atlético de Madrid vs. Sevilla: live game updates, stats, play-by-play
198016	player	37718989	FOOTBALL	new	Rayane Belaid	Atlético de Madrid vs. Sevilla: live game updates, stats, play-by-play
198051	player	95844	FOOTBALL	new	Alassane Pléa	PSV fans are deeply concerned about one player after a dreadful pre-season
198106	team	3	FOOTBALL	new	Sunderland	Thomas Meunier moves to the Premier League
198161	player	37922937	FOOTBALL	new	Yan Diomande	Real Madrid vs. Leganes: Preview, Predictions and Lineups
198195	team	6	FOOTBALL	new	Tottenham	Premier League 2026 summer transfers: All confirmed ins, outs for every club
198195	team	8	FOOTBALL	new	Liverpool	Premier League 2026 summer transfers: All confirmed ins, outs for every club
198195	team	9	FOOTBALL	new	Manchester City	Premier League 2026 summer transfers: All confirmed ins, outs for every club
198195	team	11	FOOTBALL	new	Fulham	Premier League 2026 summer transfers: All confirmed ins, outs for every club
198195	team	15	FOOTBALL	new	Aston Villa	Premier League 2026 summer transfers: All confirmed ins, outs for every club
198195	team	18	FOOTBALL	new	Chelsea	Premier League 2026 summer transfers: All confirmed ins, outs for every club
198195	team	19	FOOTBALL	new	Arsenal	Premier League 2026 summer transfers: All confirmed ins, outs for every club
198195	team	20	FOOTBALL	new	Newcastle United	Premier League 2026 summer transfers: All confirmed ins, outs for every club
198195	team	71	FOOTBALL	new	Leeds United	Premier League 2026 summer transfers: All confirmed ins, outs for every club
198195	team	78	FOOTBALL	new	Brighton & Hove Albion	Premier League 2026 summer transfers: All confirmed ins, outs for every club
198195	team	236	FOOTBALL	new	Brentford	Premier League 2026 summer transfers: All confirmed ins, outs for every club
198267	player	4592198	FOOTBALL	new	Morgan Rogers	Arsenal outclasses Chelsea with £19m Tzolis deal against £117m Rogers splash
198267	player	24817182	FOOTBALL	new	Christos Tzolis	Arsenal outclasses Chelsea with £19m Tzolis deal against £117m Rogers splash
198267	team	15	FOOTBALL	new	Aston Villa	Arsenal outclasses Chelsea with £19m Tzolis deal against £117m Rogers splash
198268	team	3513	FOOTBALL	new	Metz	Female football referee injured in mass brawl after players knock her to the ground
198310	team	2726	FOOTBALL	new	Hoffenheim	Official | Hofenheim send striker Gift Orban (24) to Turkey on loan, pocket fee and secure mandatory purchase option
198312	player	37526529	FOOTBALL	new	Mattia Compagnon	Verona, a big coup on the way: here is Compagnon, figures and details
198312	team	267	FOOTBALL	new	Venezia	Verona, a big coup on the way: here is Compagnon, figures and details
198315	team	1	FOOTBALL	new	West Ham United	Celtic Overtake West Ham in the Race for Unsettled Lazio Winger
198375	team	3543	FOOTBALL	new	SC Freiburg	Mika Baur Pushes for Celtic Move After Bid Rejected
198388	player	55485	FOOTBALL	new	Patson Daka	Hamburg set to unveil next summer signing after Moroccan midfielder passes club medical
198388	player	37541144	FOOTBALL	new	Bilal Nadir	Hamburg set to unveil next summer signing after Moroccan midfielder passes club medical
198388	player	37660397	FOOTBALL	new	Otto Stange	Hamburg set to unveil next summer signing after Moroccan midfielder passes club medical
198430	team	277	FOOTBALL	new	RB Leipzig	Bundesliga and 2.Bundesliga TV money distribution revealed ahead of 2026/27 season
198430	team	366	FOOTBALL	new	Eintracht Frankfurt	Bundesliga and 2.Bundesliga TV money distribution revealed ahead of 2026/27 season
198430	team	503	FOOTBALL	new	Bayern Munich	Bundesliga and 2.Bundesliga TV money distribution revealed ahead of 2026/27 season
198430	team	3319	FOOTBALL	new	VfB Stuttgart	Bundesliga and 2.Bundesliga TV money distribution revealed ahead of 2026/27 season
198430	team	3321	FOOTBALL	new	Bayer 04 Leverkusen	Bundesliga and 2.Bundesliga TV money distribution revealed ahead of 2026/27 season
198431	team	1123	FOOTBALL	new	Hellas Verona	Gift Orban joins Amedspor on loan from Hoffenheim
198435	team	79	FOOTBALL	new	Olympique Lyonnais	Official: Hoffenheim loan Gift Orban to Turkish Süper Lig debutants
198435	team	1123	FOOTBALL	new	Hellas Verona	Official: Hoffenheim loan Gift Orban to Turkish Süper Lig debutants
198438	player	37709599	FOOTBALL	new	Saïd El Mala	Cologne's Ragnar Ache receives Bundesliga Goal of the Season trophy
198476	player	75085	FOOTBALL	new	Dinko Horkas	'Intensified talks' - Celtic Pushing to Sign €10m Goalkeeper
198476	player	18584306	FOOTBALL	new	Haissem Hassan	'Intensified talks' - Celtic Pushing to Sign €10m Goalkeeper
198572	team	36	FOOTBALL	new	Celta de Vigo	OFFICIAL: Miguel Rodríguez returns to LaLiga with Alavés
198584	player	37316456	FOOTBALL	new	Nnamdi Collins	VfB Stuttgart on the verge of transfer coup: he caused a nightmare debut for Germany - with consequences for Joshua Kimmich
198584	team	503	FOOTBALL	new	FC Bayern München	VfB Stuttgart on the verge of transfer coup: he caused a nightmare debut for Germany - with consequences for Joshua Kimmich
198588	player	37590611	FOOTBALL	new	Dženan Pejčinović	VfB Stuttgart ‘to target’ attacking double swoop for Pejčinović and Sauer
198588	team	510	FOOTBALL	new	Wolfsburg	VfB Stuttgart ‘to target’ attacking double swoop for Pejčinović and Sauer
198588	team	2726	FOOTBALL	new	TSG Hoffenheim	VfB Stuttgart ‘to target’ attacking double swoop for Pejčinović and Sauer
198620	team	1079	FOOTBALL	new	Union Berlin	1. FC Köln 26-27 Away Kit Revealed
198622	player	5270365	FOOTBALL	new	Jusuf Gazibegović	Jusuf Gazibegović joins Widzew Łódź on loan from FC Köln
198634	player	5270365	FOOTBALL	new	Jusuf Gazibegović	Official: Jusuf Gazibegović joins Widzew Łódź on loan from Köln
198659	player	335521	FOOTBALL	new	Facundo Medina	Bayer Leverkusen enter talks with Marseille for Argentine defender Medina
198664	player	37649990	FOOTBALL	new	Kerim Alajbegovic	Report: Chelsea submit offer for Bundesliga star
198665	team	82	FOOTBALL	new	Werder Bremen	‘Need Assist? Boni dey your service!’ — Victor Boniface is scaring Europe again!
198695	player	600687	FOOTBALL	new	Vinicius Jr.	Vinicius Jr: Real Madrid contract talks and Arsenal interest - what next for Brazil international?
198843	player	5666480	FOOTBALL	new	Yukinari Sugawara	Mio Backhaus embraces unexpected interpreter role at new club Freiburg
198843	player	37422928	FOOTBALL	new	Yuito Suzuki	Mio Backhaus embraces unexpected interpreter role at new club Freiburg
198843	team	82	FOOTBALL	new	Werder Bremen	Mio Backhaus embraces unexpected interpreter role at new club Freiburg
198847	player	4592198	FOOTBALL	new	Morgan Rogers	Rogers and Palmer combination key to Chelsea revival, says Alonso
198847	player	28912747	FOOTBALL	new	Cole Palmer	Rogers and Palmer combination key to Chelsea revival, says Alonso
198847	team	15	FOOTBALL	new	Aston Villa	Rogers and Palmer combination key to Chelsea revival, says Alonso
198849	player	11676280	FOOTBALL	new	Noah Atubolu	Aston Villa Closing In On £25m Goalkeeper: Right Move For Emery?
198854	player	37681576	FOOTBALL	new	Johan Manzambi	Aston Villa have signed midfielder who is 'on the path to being world-class'
198996	player	37579970	FOOTBALL	new	Rémy Labeau-Lascary	Rémy Labeau-Lascary ‘to join’ Auxerre on loan with conditional obligation to buy
198996	team	266	FOOTBALL	new	Brest	Rémy Labeau-Lascary ‘to join’ Auxerre on loan with conditional obligation to buy
198996	team	271	FOOTBALL	new	Lens	Rémy Labeau-Lascary ‘to join’ Auxerre on loan with conditional obligation to buy
199017	team	591	FOOTBALL	new	Paris Saint-Germain	Man stabs three women in Paris and ‘says he was sent by Allah’
199229	team	581	FOOTBALL	new	Montpellier	Daryll Benlahlou
199236	team	3562	FOOTBALL	new	Girondins de Bordeaux	D3 Féminine : la réserve du Montpellier FC connaît ses adversaires pour la saison 2026-2027
199236	team	7047	FOOTBALL	new	ESTAC Troyes	D3 Féminine : la réserve du Montpellier FC connaît ses adversaires pour la saison 2026-2027
199274	team	113	FOOTBALL	new	AC Milan	Rangers target Sankhoun Diawara scheduled for medical ahead of £2.5m transfer elsewhere
199277	team	14	FOOTBALL	new	Manchester United	Transfers 26-27: 15 Under the Radar Transfers You Have to Know About
199277	team	277	FOOTBALL	new	RB Leipzig	Transfers 26-27: 15 Under the Radar Transfers You Have to Know About
199279	team	9	FOOTBALL	new	Manchester City	Tottenham 'now lead Savinho transfer race' with Man City deal expected
199293	player	37714462	FOOTBALL	new	Francesco Camarda	Amorim's plan for Camarda: Milan's next Pio Esposito
199315	team	19	FOOTBALL	new	Arsenal	Atlético Maps Out Julián Álvarez's Future
199315	team	83	FOOTBALL	new	Barcelona	Atlético Maps Out Julián Álvarez's Future
199315	team	591	FOOTBALL	new	Paris Saint-Germain	Atlético Maps Out Julián Álvarez's Future
199324	team	591	FOOTBALL	new	Paris Saint-Germain	Atletico only see 2 options for Arsenal transfer target
199327	player	9967153	FOOTBALL	new	Kang In Lee	Kang In Lee Signs for Atletico Madrid on Six-Year Deal
199327	team	591	FOOTBALL	new	Paris Saint-Germain	Kang In Lee Signs for Atletico Madrid on Six-Year Deal
199351	player	205978	FOOTBALL	new	Artem Dovbyk	Dovbyk says ‘yes’ to Bologna, will undergo medical tomorrow
199351	player	37567337	FOOTBALL	new	Santiago Castro	Dovbyk says ‘yes’ to Bologna, will undergo medical tomorrow
199351	team	37	FOOTBALL	new	Roma	Dovbyk says ‘yes’ to Bologna, will undergo medical tomorrow
199409	player	32397	FOOTBALL	new	Raphael Guerreiro	This time his favourite coach cannot help! Bayern Munich departure is still searching
199410	team	52	FOOTBALL	new	Bournemouth	Barcelona explores signing Bournemouth striker Eli Junior Kroupi
199410	team	7980	FOOTBALL	new	Atlético Madrid	Barcelona explores signing Bournemouth striker Eli Junior Kroupi
199417	player	4125	FOOTBALL	new	Mohamed Salah	Besiktas focus on Rafael Leao after Salah talks hit problems
